Frame,Elapsed_Time_In_Milliseconds,Time,Hand_Position_X,Hand_Position_Y,Hand_Position_Z,Thumb_CMC_Position_X,Thumb_CMC_Position_Y,Thumb_CMC_Position_Z,Thumb_MCP_Position_X,Thumb_MCP_Position_Y,Thumb_MCP_Position_Z,Thumb_DIP_Position_X,Thumb_DIP_Position_Y,Thumb_DIP_Position_Z,Thumb_TIP_Position_X,Thumb_TIP_Position_Y,Thumb_TIP_Position_Z,Index_CMC_Position_X,Index_CMC_Position_Y,Index_CMC_Position_Z,Index_MCP_Position_X,Index_MCP_Position_Y,Index_MCP_Position_Z,Index_PIP_Position_X,Index_PIP_Position_Y,Index_PIP_Position_Z,Index_DIP_Position_X,Index_DIP_Position_Y,Index_DIP_Position_Z,Index_TIP_Position_X,Index_TIP_Position_Y,Index_TIP_Position_Z,Middle_CMC_Position_X,Middle_CMC_Position_Y,Middle_CMC_Position_Z,Middle_MCP_Position_X,Middle_MCP_Position_Y,Middle_MCP_Position_Z,Middle_PIP_Position_X,Middle_PIP_Position_Y,Middle_PIP_Position_Z,Middle_DIP_Position_X,Middle_DIP_Position_Y,Middle_DIP_Position_Z,Middle_TIP_Position_X,Middle_TIP_Position_Y,Middle_TIP_Position_Z,Ring_CMC_Position_X,Ring_CMC_Position_Y,Ring_CMC_Position_Z,Ring_MCP_Position_X,Ring_MCP_Position_Y,Ring_MCP_Position_Z,Ring_PIP_Position_X,Ring_PIP_Position_Y,Ring_PIP_Position_Z,Ring_DIP_Position_X,Ring_DIP_Position_Y,Ring_DIP_Position_Z,Ring_TIP_Position_X,Ring_TIP_Position_Y,Ring_TIP_Position_Z,Pinky_CMC_Position_X,Pinky_CMC_Position_Y,Pinky_CMC_Position_Z,Pinky_MCP_Position_X,Pinky_MCP_Position_Y,Pinky_MCP_Position_Z,Pinky_PIP_Position_X,Pinky_PIP_Position_Y,Pinky_PIP_Position_Z,Pinky_DIP_Position_X,Pinky_DIP_Position_Y,Pinky_DIP_Position_Z,Pinky_TIP_Position_X,Pinky_TIP_Position_Y,Pinky_TIP_Position_Z,Hand_Rotation_X,Hand_Rotation_Y,Hand_Rotation_Z,Thumb_CMC_Rotation_X,Thumb_CMC_Rotation_Y,Thumb_CMC_Rotation_Z,Thumb_MCP_Rotation_X,Thumb_MCP_Rotation_Y,Thumb_MCP_Rotation_Z,Thumb_DIP_Rotation_X,Thumb_DIP_Rotation_Y,Thumb_DIP_Rotation_Z,Thumb_TIP_Rotation_X,Thumb_TIP_Rotation_Y,Thumb_TIP_Rotation_Z,Index_CMC_Rotation_X,Index_CMC_Rotation_Y,Index_CMC_Rotation_Z,Index_MCP_Rotation_X,Index_MCP_Rotation_Y,Index_MCP_Rotation_Z,Index_PIP_Rotation_X,Index_PIP_Rotation_Y,Index_PIP_Rotation_Z,Index_DIP_Rotation_X,Index_DIP_Rotation_Y,Index_DIP_Rotation_Z,Index_TIP_Rotation_X,Index_TIP_Rotation_Y,Index_TIP_Rotation_Z,Middle_CMC_Rotation_X,Middle_CMC_Rotation_Y,Middle_CMC_Rotation_Z,Middle_MCP_Rotation_X,Middle_MCP_Rotation_Y,Middle_MCP_Rotation_Z,Middle_PIP_Rotation_X,Middle_PIP_Rotation_Y,Middle_PIP_Rotation_Z,Middle_DIP_Rotation_X,Middle_DIP_Rotation_Y,Middle_DIP_Rotation_Z,Middle_TIP_Rotation_X,Middle_TIP_Rotation_Y,Middle_TIP_Rotation_Z,Ring_CMC_Rotation_X,Ring_CMC_Rotation_Y,Ring_CMC_Rotation_Z,Ring_MCP_Rotation_X,Ring_MCP_Rotation_Y,Ring_MCP_Rotation_Z,Ring_PIP_Rotation_X,Ring_PIP_Rotation_Y,Ring_PIP_Rotation_Z,Ring_DIP_Rotation_X,Ring_DIP_Rotation_Y,Ring_DIP_Rotation_Z,Ring_TIP_Rotation_X,Ring_TIP_Rotation_Y,Ring_TIP_Rotation_Z,Pinky_CMC_Rotation_X,Pinky_CMC_Rotation_Y,Pinky_CMC_Rotation_Z,Pinky_MCP_Rotation_X,Pinky_MCP_Rotation_Y,Pinky_MCP_Rotation_Z,Pinky_PIP_Rotation_X,Pinky_PIP_Rotation_Y,Pinky_PIP_Rotation_Z,Pinky_DIP_Rotation_X,Pinky_DIP_Rotation_Y,Pinky_DIP_Rotation_Z,Pinky_TIP_Rotation_X,Pinky_TIP_Rotation_Y,Pinky_TIP_Rotation_Z,Hand_Velocity_X,Hand_Velocity_Y,Hand_Velocity_Z,Thumb_CMC_Velocity_X,Thumb_CMC_Velocity_Y,Thumb_CMC_Velocity_Z,Thumb_MCP_Velocity_X,Thumb_MCP_Velocity_Y,Thumb_MCP_Velocity_Z,Thumb_DIP_Velocity_X,Thumb_DIP_Velocity_Y,Thumb_DIP_Velocity_Z,Thumb_TIP_Velocity_X,Thumb_TIP_Velocity_Y,Thumb_TIP_Velocity_Z,Index_CMC_Velocity_X,Index_CMC_Velocity_Y,Index_CMC_Velocity_Z,Index_MCP_Velocity_X,Index_MCP_Velocity_Y,Index_MCP_Velocity_Z,Index_PIP_Velocity_X,Index_PIP_Velocity_Y,Index_PIP_Velocity_Z,Index_DIP_Velocity_X,Index_DIP_Velocity_Y,Index_DIP_Velocity_Z,Index_TIP_Velocity_X,Index_TIP_Velocity_Y,Index_TIP_Velocity_Z,Middle_CMC_Velocity_X,Middle_CMC_Velocity_Y,Middle_CMC_Velocity_Z,Middle_MCP_Velocity_X,Middle_MCP_Velocity_Y,Middle_MCP_Velocity_Z,Middle_PIP_Velocity_X,Middle_PIP_Velocity_Y,Middle_PIP_Velocity_Z,Middle_DIP_Velocity_X,Middle_DIP_Velocity_Y,Middle_DIP_Velocity_Z,Middle_TIP_Velocity_X,Middle_TIP_Velocity_Y,Middle_TIP_Velocity_Z,Ring_CMC_Velocity_X,Ring_CMC_Velocity_Y,Ring_CMC_Velocity_Z,Ring_MCP_Velocity_X,Ring_MCP_Velocity_Y,Ring_MCP_Velocity_Z,Ring_PIP_Velocity_X,Ring_PIP_Velocity_Y,Ring_PIP_Velocity_Z,Ring_DIP_Velocity_X,Ring_DIP_Velocity_Y,Ring_DIP_Velocity_Z,Ring_TIP_Velocity_X,Ring_TIP_Velocity_Y,Ring_TIP_Velocity_Z,Pinky_CMC_Velocity_X,Pinky_CMC_Velocity_Y,Pinky_CMC_Velocity_Z,Pinky_MCP_Velocity_X,Pinky_MCP_Velocity_Y,Pinky_MCP_Velocity_Z,Pinky_PIP_Velocity_X,Pinky_PIP_Velocity_Y,Pinky_PIP_Velocity_Z,Pinky_DIP_Velocity_X,Pinky_DIP_Velocity_Y,Pinky_DIP_Velocity_Z,Pinky_TIP_Velocity_X,Pinky_TIP_Velocity_Y,Pinky_TIP_Velocity_Z,Hand_Acceleration_X,Hand_Acceleration_Y,Hand_Acceleration_Z,Thumb_CMC_Acceleration_X,Thumb_CMC_Acceleration_Y,Thumb_CMC_Acceleration_Z,Thumb_MCP_Acceleration_X,Thumb_MCP_Acceleration_Y,Thumb_MCP_Acceleration_Z,Thumb_DIP_Acceleration_X,Thumb_DIP_Acceleration_Y,Thumb_DIP_Acceleration_Z,Thumb_TIP_Acceleration_X,Thumb_TIP_Acceleration_Y,Thumb_TIP_Acceleration_Z,Index_CMC_Acceleration_X,Index_CMC_Acceleration_Y,Index_CMC_Acceleration_Z,Index_MCP_Acceleration_X,Index_MCP_Acceleration_Y,Index_MCP_Acceleration_Z,Index_PIP_Acceleration_X,Index_PIP_Acceleration_Y,Index_PIP_Acceleration_Z,Index_DIP_Acceleration_X,Index_DIP_Acceleration_Y,Index_DIP_Acceleration_Z,Index_TIP_Acceleration_X,Index_TIP_Acceleration_Y,Index_TIP_Acceleration_Z,Middle_CMC_Acceleration_X,Middle_CMC_Acceleration_Y,Middle_CMC_Acceleration_Z,Middle_MCP_Acceleration_X,Middle_MCP_Acceleration_Y,Middle_MCP_Acceleration_Z,Middle_PIP_Acceleration_X,Middle_PIP_Acceleration_Y,Middle_PIP_Acceleration_Z,Middle_DIP_Acceleration_X,Middle_DIP_Acceleration_Y,Middle_DIP_Acceleration_Z,Middle_TIP_Acceleration_X,Middle_TIP_Acceleration_Y,Middle_TIP_Acceleration_Z,Ring_CMC_Acceleration_X,Ring_CMC_Acceleration_Y,Ring_CMC_Acceleration_Z,Ring_MCP_Acceleration_X,Ring_MCP_Acceleration_Y,Ring_MCP_Acceleration_Z,Ring_PIP_Acceleration_X,Ring_PIP_Acceleration_Y,Ring_PIP_Acceleration_Z,Ring_DIP_Acceleration_X,Ring_DIP_Acceleration_Y,Ring_DIP_Acceleration_Z,Ring_TIP_Acceleration_X,Ring_TIP_Acceleration_Y,Ring_TIP_Acceleration_Z,Pinky_CMC_Acceleration_X,Pinky_CMC_Acceleration_Y,Pinky_CMC_Acceleration_Z,Pinky_MCP_Acceleration_X,Pinky_MCP_Acceleration_Y,Pinky_MCP_Acceleration_Z,Pinky_PIP_Acceleration_X,Pinky_PIP_Acceleration_Y,Pinky_PIP_Acceleration_Z,Pinky_DIP_Acceleration_X,Pinky_DIP_Acceleration_Y,Pinky_DIP_Acceleration_Z,Pinky_TIP_Acceleration_X,Pinky_TIP_Acceleration_Y,Pinky_TIP_Acceleration_Z,Pinch_ThumbToIndex,Pinch_ThumbToMiddle,Pinch_ThumbToRing,Pinch_ThumbToPinky,Thumb_CMC_Spread,Thumb_CMC_Flex,Thumb_PIP_Flex,Thumb_DIP_Flex,Index_MCP_Spread,Index_MCP_Flex,Index_PIP_Flex,Index_DIP_Flex,Middle_MCP_Spread,Middle_MCP_Flex,Middle_PIP_Flex,Middle_DIP_Flex,Ring_MCP_Spread,Ring_MCP_Flex,Ring_PIP_Flex,Ring_DIP_Flex,Pinky_MCP_Spread,Pinky_MCP_Flex,Pinky_PIP_Flex,Pinky_DIP_Flex,Thumb_CMC_Spread_AngularVelocity,Thumb_CMC_Flex_AngularVelocity,Thumb_PIP_Flex_AngularVelocity,Thumb_DIP_Flex_AngularVelocity,Index_MCP_Spread_AngularVelocity,Index_MCP_Flex_AngularVelocity,Index_PIP_Flex_AngularVelocity,Index_DIP_Flex_AngularVelocity,Middle_MCP_Spread_AngularVelocity,Middle_MCP_Flex_AngularVelocity,Middle_PIP_Flex_AngularVelocity,Middle_DIP_Flex_AngularVelocity,Ring_MCP_Spread_AngularVelocity,Ring_MCP_Flex_AngularVelocity,Ring_PIP_Flex_AngularVelocity,Ring_DIP_Flex_AngularVelocity,Pinky_MCP_Spread_AngularVelocity,Pinky_MCP_Flex_AngularVelocity,Pinky_PIP_Flex_AngularVelocity,Pinky_DIP_Flex_AngularVelocity,Thumb_CMC_Spread_AngularAcceleration,Thumb_CMC_Flex_AngularAcceleration,Thumb_PIP_Flex_AngularAcceleration,Thumb_DIP_Flex_AngularAcceleration,Index_MCP_Spread_AngularAcceleration,Index_MCP_Flex_AngularAcceleration,Index_PIP_Flex_AngularAcceleration,Index_DIP_Flex_AngularAcceleration,Middle_MCP_Spread_AngularAcceleration,Middle_MCP_Flex_AngularAcceleration,Middle_PIP_Flex_AngularAcceleration,Middle_DIP_Flex_AngularAcceleration,Ring_MCP_Spread_AngularAcceleration,Ring_MCP_Flex_AngularAcceleration,Ring_PIP_Flex_AngularAcceleration,Ring_DIP_Flex_AngularAcceleration,Pinky_MCP_Spread_AngularAcceleration,Pinky_MCP_Flex_AngularAcceleration,Pinky_PIP_Flex_AngularAcceleration,Pinky_DIP_Flex_AngularAcceleration
0,0,00:00:00:000,0,0,0,2.512528,-0.978382,1.854603,6.013013,-0.750439,5.890682,6.702948,-2.836657,9.015371,8.539804,-3.173013,11.63162,2.145132,0.012838,2.288352,3.605461,0.004286,9.291883,4.233392,-0.821663,14.14148,4.585186,-1.284033,16.85816,4.820412,-2.167767,19.11879,0.59655,0.110736,2.296674,1.028007,0.217537,10.26065,1.121053,-0.857348,15.0155,1.174098,-1.487016,17.75684,1.166897,-2.681184,19.70716,-0.74827,0.001735,2.303988,-1.215744,0.014135,9.699835,-1.438214,-0.868965,14.10936,-1.577184,-1.431989,16.86227,-1.677097,-2.728545,18.71715,-1.943712,-0.121182,2.310502,-3.211244,-0.218814,8.967371,-4.089745,-0.987658,12.13919,-4.538437,-1.462029,13.7844,-4.940443,-2.38739,15.4128,0,0,0,-27.88887,31.35647,-41.75811,16.68517,31.35647,-41.75811,-17.60929,31.35647,-41.7581,-17.60929,31.35647,-41.7581,0.068498,11.77817,0,8.682009,8.42602,-6.575129,8.675539,8.426024,-6.57513,20.42401,8.426022,-6.57513,20.42401,8.426022,-6.57513,-0.767195,3.101027,0,12.64508,1.89713,-3.446479,12.84333,1.89713,-3.446478,31.428,1.89713,-3.446481,31.428,1.89713,-3.446481,-0.095875,-3.616721,0,11.33035,-2.809848,-0.392083,11.56387,-2.809849,-0.392084,34.93473,-2.809849,-0.392084,34.93473,-2.809849,-0.392084,0.825436,-10.78062,0,11.6896,-16.59879,5.277036,14.09613,-16.5988,5.277035,27.49776,-16.59879,5.277036,27.49776,-16.59879,5.277036,0,0,0,0,0,0,0,0,0,0,0,0,0,0,0,0,0,0,0,0,0,0,0,0,0,0,0,0,0,0,0,0,0,0,0,0,0,0,0,0,0,0,0,0,0,0,0,0,0,0,0,0,0,0,0,0,0,0,0,0,0,0,0,0,0,0,0,0,0,0,0,0,0,0,0,0,0,0,0,0,0,0,0,0,0,0,0,0,0,0,0,0,0,0,0,0,0,0,0,0,0,0,0,0,0,0,0,0,0,0,0,0,0,0,0,0,0,0,0,0,0,0,0,0,0,0,0,0,0,0,0,0,0,0,0,0,0,0,0,0,0,0,0,0,0,0,0,0,0,0,8.420341,10.94605,12.44136,14.02254,-3.232466,45.93504,44.57403,-34.29446,8.482788,9.665483,-0.019782,11.74846,1.899295,12.73823,0.197824,18.58467,-2.809792,11.32488,0.233231,23.37085,-16.70293,13.62559,2.406477,13.40162,-193.948,2756.102,2674.442,-2057.668,508.9673,579.9289,-1.18694,704.9078,113.9577,764.2939,11.86941,1115.08,-168.5875,679.4926,13.99383,1402.251,-1002.176,817.5354,144.3886,804.0972,-11636.88,165366.1,160466.5,-123460.1,30538.03,34795.73,-71.21642,42294.46,6837.461,45857.63,712.1646,66904.79,-10115.25,40769.55,839.6298,84135.04,-60130.56,49052.12,8663.318,48245.83
1,16.66667,00:00:00:017,0,0,0,2.512528,-0.978382,1.854603,6.032444,-0.755524,5.874034,6.719779,-2.838333,9.001568,8.563789,-3.17981,11.61211,2.145132,0.012838,2.288352,3.605461,0.004286,9.291883,4.261921,-0.385094,14.19214,4.626308,-0.640429,16.93438,4.903187,-1.280759,19.27107,0.59655,0.110736,2.296674,1.028007,0.217537,10.26065,1.029987,-0.32407,15.10619,1.030732,-0.642683,17.90132,0.990942,-1.512514,20.01594,-0.74827,0.001735,2.303988,-1.215744,0.014135,9.699835,-1.547971,-0.409728,14.17009,-1.755792,-0.68423,16.96228,-1.931771,-1.681022,18.98886,-1.943712,-0.121182,2.310502,-3.211244,-0.218814,8.967371,-4.129166,-0.908534,12.14622,-4.601587,-1.3254,13.80033,-5.039395,-2.164889,15.46561,0,0,0,-28.27246,31.40922,-42.2795,16.40123,31.40922,-42.2795,-17.89923,31.40922,-42.2795,-17.89923,31.40922,-42.2795,0.068498,11.77817,0,3.886182,7.960711,-4.546504,4.658901,7.960723,-4.546502,14.64056,7.960706,-4.546505,14.64056,7.960706,-4.546505,-0.767195,3.101027,0,6.36308,0.433519,-3.672047,6.488624,0.43352,-3.672048,22.37646,0.433519,-3.672048,22.37646,0.433519,-3.672048,-0.095875,-3.616722,0,5.532814,-4.07801,-1.80549,5.730571,-4.07801,-1.805489,26.24788,-4.078012,-1.80549,26.24788,-4.078012,-1.80549,0.825436,-10.78062,0,10.3051,-17.06933,5.145324,12.15906,-17.06933,5.145322,24.58058,-17.06933,5.145323,24.58058,-17.06933,5.145323,0,0,0,0,0,0,1.1658,-0.30509,-0.998899,1.009852,-0.100561,-0.828177,1.439184,-0.407852,-1.170248,0,0,0,0,0,0,1.711741,26.19417,3.039568,2.467319,38.61624,4.573613,4.966534,53.22046,9.136765,0,0,0,0,0,0,-5.463961,31.99667,5.441486,-8.601955,50.66,8.66872,-10.5573,70.12018,18.52727,0,0,0,-0.000006,0,0,-6.585443,27.55424,3.644138,-10.71649,44.86555,6.000459,-15.28041,62.85134,16.303,0,0,0,0,0,-0.000045,-2.365261,4.747448,0.421241,-3.789,8.197752,0.95576,-5.937136,13.35001,3.168762,0,0,0,0,0,0,69.94798,-18.3054,-59.93396,60.59109,-6.033629,-49.6906,86.35103,-24.47113,-70.21486,0,0,0,0,0,0,102.7045,1571.65,182.3741,148.0391,2316.974,274.4167,297.992,3193.228,548.2059,0,0,0,0,0,0,-327.8376,1919.8,326.4892,-516.1173,3039.6,520.1232,-633.4382,4207.21,1111.636,0,0,0,-0.000335,0.00001,0,-395.1266,1653.254,218.6483,-642.9891,2691.933,360.0275,-916.8245,3771.08,978.1801,0,0,0,0,0,-0.002682,-141.9156,284.8469,25.27446,-227.34,491.8651,57.34562,-356.2281,801.0007,190.1257,8.698621,11.4347,12.91587,14.17484,-3.173545,46.20945,44.67369,-34.30046,7.987556,4.543209,0.772531,9.981642,0.43341,6.37772,0.126669,15.88784,-4.079623,5.416491,0.197824,20.51731,-17.17058,12.24183,1.85393,12.4215,3.535266,16.46461,5.979537,-0.359802,-29.7139,-307.3364,47.5388,-106.0093,-87.95306,-381.6307,-4.269282,-161.8096,-76.18987,-354.5032,-2.124421,-171.2123,-28.05851,-83.02579,-33.15285,-58.80752,11848.99,-164378.3,-160107.7,123438.5,-32320.87,-53235.92,2923.544,-48655.02,-12114.64,-68755.47,-968.3214,-76613.36,5543.858,-62039.75,-967.095,-94407.77,58447.05,-54033.67,-10652.49,-51774.28
2,33.33333,00:00:00:033,0,0,0,2.512528,-0.978382,1.854603,6.050684,-0.763916,5.858445,6.757216,-2.83574,8.988996,8.608854,-3.185031,11.5931,2.145132,0.012838,2.288352,3.605461,0.004286,9.291883,4.238615,0.005515,14.21064,4.590032,-0.058543,16.96569,4.876681,-0.470896,19.35202,0.59655,0.110736,2.296674,1.028007,0.217537,10.26065,0.976857,0.137006,15.13543,0.947217,0.088407,17.94809,0.891824,-0.485269,20.16115,-0.74827,0.001735,2.303988,-1.215744,0.014135,9.699835,-1.686105,-0.053678,14.17727,-1.980167,-0.103484,16.97475,-2.220896,-0.850979,19.09958,-1.943712,-0.121182,2.310502,-3.211245,-0.218814,8.967371,-4.189363,-0.780705,12.15342,-4.685698,-1.190396,13.80232,-5.16449,-1.9604,15.48975,0,0,0,-28.51846,31.55564,-42.60789,15.90085,31.55564,-42.60789,-18.05915,31.55563,-42.60789,-18.05915,31.55563,-42.60789,0.068498,11.77817,0,-0.377304,7.325256,-2.845374,0.959769,7.325251,-2.845374,9.384009,7.325255,-2.845376,9.384009,7.325255,-2.845376,-0.767195,3.101027,0,0.980638,-0.5435,-3.427798,1.024161,-0.5435,-3.427799,14.58729,-0.5435,-3.427799,14.58729,-0.5435,-3.427799,-0.095875,-3.616721,0,1.009209,-5.974226,-1.402441,1.160691,-5.974224,-1.402441,19.41926,-5.974225,-1.40244,19.41926,-5.974225,-1.40244,0.825436,-10.78062,0,8.147102,-17.77317,4.749415,11.97273,-17.77317,4.749415,22.32669,-17.77317,4.749414,22.32669,-17.77317,4.749414,0,0,0,0,0,0,1.094453,-0.50354,-0.935353,2.24626,0.155591,-0.754327,2.70389,-0.313237,-1.140833,0,0,0,0,0,0,-1.398414,23.43653,1.110166,-2.176612,34.91319,1.878351,-1.590394,48.59177,4.857033,0,0,0,0,0,0,-3.187778,27.66453,1.754522,-5.010869,43.86542,2.806127,-5.947049,61.63474,8.712351,0,0,0,0.000006,0,0,-8.288058,21.36302,0.430495,-13.4625,34.84477,0.748157,-17.34752,49.80258,6.642759,0,0,0,-0.000022,0,0,-3.61184,7.669776,0.432283,-5.046598,8.10026,0.119269,-7.505692,12.26937,1.448393,0,0,0,0,0,0,-4.280805,-11.90699,3.81276,74.18452,15.36906,4.431012,75.88236,5.676897,1.764894,0,0,0,0,0,0,-186.6093,-165.4586,-115.7641,-278.6359,-222.1831,-161.7157,-393.4157,-277.7216,-256.7839,0,0,0,0,0,0,136.571,-259.9284,-221.2178,215.4652,-407.6745,-351.7556,276.6152,-509.1265,-588.895,0,0,0,0.000671,-0.00001,0,-102.1569,-371.4729,-192.8186,-164.7608,-601.2466,-315.1381,-124.0267,-782.9253,-579.6145,0,0,0,-0.001341,0,0.002682,-74.79472,175.3397,0.662506,-75.45589,-5.849585,-50.18949,-94.11332,-64.83837,-103.2221,9.027541,11.84284,13.38202,14.36623,-3.066118,46.46672,44.4193,-33.96,7.334892,0,1.336913,8.424222,-0.544646,0.946467,0.044235,13.56311,-5.975862,0.86773,0.150658,18.25855,-17.86223,10.00182,3.825615,10.35395,6.445598,15.43625,-15.26344,20.4277,-39.15985,-272.5925,33.8629,-93.44518,-58.68335,-325.8752,-4.946049,-139.4834,-113.7743,-272.9257,-2.829939,-135.5253,-41.49902,-134.4006,118.3011,-124.0529,174.6199,-61.70202,-1274.579,1247.25,-566.7571,2084.635,-820.554,753.8475,1756.183,3345.331,-40.60601,1339.569,-2255.065,4894.652,-42.33105,2141.221,-806.4307,-3082.488,9087.235,-3914.724
3,50,00:00:00:050,0,0,0,2.512528,-0.978382,1.854603,6.062064,-0.83035,5.851374,6.842002,-2.861856,8.990909,8.728169,-3.200179,11.57157,2.145132,0.012838,2.288352,3.605461,0.004286,9.291883,4.212572,0.310868,14.20437,4.551001,0.373579,16.96107,4.840693,0.133236,19.37044,0.59655,0.110736,2.296674,1.028007,0.217537,10.26065,0.917385,0.466526,15.12875,0.853498,0.609182,17.93763,0.773823,0.239708,20.19306,-0.74827,0.001735,2.303988,-1.215744,0.014135,9.699835,-1.792253,0.202412,14.16138,-2.152587,0.314957,16.94928,-2.445191,-0.237359,19.12664,-1.943712,-0.121182,2.310502,-3.211244,-0.218814,8.967371,-4.222919,-0.710112,12.15461,-4.733418,-1.11579,13.80017,-5.236282,-1.844615,15.49885,0,0,0,-28.26655,31.93938,-43.07756,14.41861,31.93938,-43.07756,-18.89869,31.93938,-43.07758,-18.89869,31.93938,-43.07758,0.068498,11.77817,0,-3.688631,6.970946,-1.18341,-1.43737,6.970953,-1.183411,5.513673,6.970951,-1.18341,5.513673,6.970951,-1.18341,-0.767195,3.101027,0,-2.846015,-1.470922,-3.355086,-2.825429,-1.470924,-3.355086,9.399928,-1.470922,-3.355086,9.399928,-1.470922,-3.355086,-0.095875,-3.616722,0,-2.267971,-7.403223,-1.000522,-2.164077,-7.403221,-1.000522,14.24294,-7.403222,-1.000522,14.24294,-7.403222,-1.000522,0.825435,-10.78062,0,6.99094,-18.18077,4.447417,11.89602,-18.18077,4.447418,21.03659,-18.18077,4.447418,21.03659,-18.18077,4.447418,0,0,0,0,0,0,0.682801,-3.98607,-0.424258,5.087167,-1.566947,0.114754,7.158905,-0.908889,-1.291484,0,0,0,0,0,0,-1.562566,18.3212,-0.376493,-2.341859,25.92729,-0.277162,-2.159267,36.24789,1.105606,0,0,0,0,0,0,-3.568305,19.77123,-0.400901,-5.623161,31.24649,-0.627458,-7.080057,43.49857,1.914739,0,0,0,0,0,0,-6.368894,15.36539,-0.952989,-10.34519,25.10641,-1.528233,-13.45769,36.81721,1.624078,0,0,0,0.000022,0.000003,0.000045,-2.013333,4.235571,0.071347,-2.86328,4.476333,-0.128925,-4.307538,6.947067,0.546098,0,0,0,0,0,0,-24.69912,-208.9518,30.66569,170.4544,-103.3522,52.14482,267.3008,-35.73909,-9.039043,0,0,0,0,0,0,-9.849076,-306.9199,-89.19953,-9.914784,-539.154,-129.3307,-34.13244,-740.6328,-225.0856,0,0,0,0,0,0,-22.83163,-473.5983,-129.3254,-36.73755,-757.1356,-206.0151,-67.98042,-1088.17,-407.8567,0,0,0,-0.000335,0,0,115.1499,-359.8575,-83.009,187.0385,-584.3015,-136.5834,233.3896,-779.1223,-301.1208,0,0,0,0.002682,0.000168,0.002682,95.91042,-206.0523,-21.65615,130.9991,-217.4356,-14.89162,191.8892,-319.3384,-54.13771,9.329873,12.22434,13.80947,14.56939,-2.121172,46.6083,42.68515,-33.31728,6.97187,-3.571113,2.25125,6.951047,-1.473128,-2.927972,0.019782,12.22534,-7.404673,-2.416461,0.100871,16.407,-18.26018,8.762912,4.905045,9.140564,56.69677,8.494949,-104.049,38.56315,-21.78134,-214.2668,54.86024,-88.39047,-55.70893,-232.4663,-1.467139,-80.26645,-85.72869,-197.0514,-2.987238,-111.0932,-23.87695,-74.33429,64.7658,-72.80296,3015.07,-416.4779,-5327.132,1088.127,1042.711,3499.544,1259.841,303.2826,178.4651,5604.53,208.7346,3553.02,1682.736,4552.455,-9.43797,1465.927,1057.324,3603.979,-3212.117,3074.997
4,66.66666,00:00:00:067,0,0,0,2.512528,-0.978382,1.854603,6.08701,-0.877153,5.830546,6.910303,-2.899498,8.964921,8.827831,-3.236779,11.52251,2.145132,0.012838,2.288352,3.605461,0.004286,9.291883,4.182378,0.49254,14.19329,4.505895,0.624392,16.94935,4.788436,0.506251,19.36864,0.59655,0.110736,2.296674,1.028007,0.217537,10.26065,0.902232,0.629192,15.11733,0.82965,0.866498,17.91959,0.747926,0.607004,20.19023,-0.74827,0.001735,2.303988,-1.215744,0.014135,9.699835,-1.816534,0.301016,14.15292,-2.192002,0.475162,16.93565,-2.492502,0.000271,19.13013,-1.943712,-0.121182,2.310502,-3.211244,-0.218814,8.967371,-4.242228,-0.663615,12.15525,-4.765069,-1.036186,13.80476,-5.286113,-1.717095,15.51779,0,0,0,-28.28305,32.40118,-43.4962,13.63304,32.4012,-43.4962,-19.54183,32.40118,-43.49621,-19.54183,32.40118,-43.49621,0.068498,11.77817,0,-5.69131,6.678134,-0.354246,-2.76159,6.678136,-0.354247,2.735713,6.678132,-0.354247,2.735713,6.678132,-0.354247,-0.767195,3.101027,0,-4.76187,-1.727354,-2.903265,-4.757505,-1.727354,-2.903265,6.611408,-1.727354,-2.903265,6.611408,-1.727354,-2.903265,-0.095875,-3.616722,0,-3.597891,-7.709542,-0.411919,-3.49372,-7.709539,-0.411919,12.15665,-7.709543,-0.411919,12.15665,-7.709543,-0.411919,0.825435,-10.78062,0,6.231691,-18.41209,4.265843,10.83213,-18.4121,4.265842,19.52603,-18.4121,4.265843,19.52603,-18.4121,4.265843,0,0,0,0,0,0,1.49674,-2.808139,-1.249641,4.098012,-2.25852,-1.559257,5.979671,-2.195991,-2.944037,0,0,0,0,0,0,-1.811608,10.90031,-0.664294,-2.706326,15.04881,-0.703365,-3.135413,22.38091,-0.108093,0,0,0,0,0,0,-0.909213,9.759927,-0.685394,-1.430869,15.43895,-1.082182,-1.553854,22.03781,-0.169873,0,0,0,0,0,0,-1.456797,5.916213,-0.507653,-2.364892,9.612321,-0.817984,-2.838682,14.2578,0.209302,0,0,0,0,-0.000001,-0.000045,-1.15858,2.789824,0.038445,-1.899026,4.776237,0.275373,-2.989836,7.65119,1.136005,0,0,0,0,0,0,48.83632,70.67586,-49.52296,-59.34923,-41.49443,-100.4407,-70.75397,-77.22615,-99.15321,0,0,0,0,0,0,-14.94257,-445.2532,-17.26806,-21.86805,-652.7088,-25.57218,-58.56872,-832.0184,-72.82196,0,0,0,0,0,0,159.5455,-600.678,-17.06957,251.5375,-948.4526,-27.28343,331.5721,-1287.646,-125.0768,0,0,0,0,0,0,294.7258,-566.9509,26.72016,478.8178,-929.6455,42.61493,637.1406,-1353.565,-84.88654,0,0,0,-0.001341,-0.000251,-0.005364,51.28517,-86.7448,-1.974106,57.85524,17.99427,24.25789,79.06212,42.24743,35.39442,9.585867,12.45749,14.018,14.74704,-1.458442,46.95641,41.91608,-33.17485,6.677997,-5.688753,2.929709,5.497328,-1.729296,-4.844846,0,11.36891,-7.709965,-3.686049,0.102792,15.65037,-18.4853,7.943122,4.600364,8.693867,39.76379,20.88638,-46.14395,8.545532,-17.6324,-127.0584,40.70755,-87.22314,-15.37008,-115.0124,-1.18694,-51.38557,-18.3175,-76.17529,0.115291,-45.39791,-13.50758,-49.18736,-18.28088,-26.80183,-1015.979,743.4858,3474.302,-1801.057,248.9363,5232.5,-849.1616,70.03967,2420.331,7047.231,16.81193,1732.853,4044.671,7252.566,186.1517,3941.716,622.1625,1508.816,-4982.8,2760.068
5,83.33333,00:00:00:083,0,0,0,2.512528,-0.978382,1.854603,6.098238,-0.875385,5.820377,6.918049,-2.889687,8.960838,8.833669,-3.235369,11.51873,2.145132,0.012838,2.288352,3.605461,0.004286,9.291883,4.159998,0.656147,14.17682,4.473783,0.883314,16.92779,4.752306,0.878403,19.35043,0.59655,0.110736,2.296674,1.028007,0.217537,10.26065,0.883894,0.815085,15.09746,0.800618,1.157112,17.88858,0.715743,1.029578,20.17032,-0.74827,0.001735,2.303988,-1.215744,0.014135,9.699835,-1.830022,0.422375,14.1416,-2.213953,0.672616,16.91735,-2.526295,0.296752,19.12931,-1.943712,-0.121182,2.310502,-3.211245,-0.218814,8.967371,-4.269371,-0.632247,12.15058,-4.811761,-0.956347,13.80401,-5.359036,-1.581417,15.53009,0,0,0,-28.63052,32.33555,-43.93949,13.34319,32.33554,-43.9395,-19.63932,32.33555,-43.93952,-19.63932,32.33555,-43.93952,0.068498,11.77817,0,-7.483413,6.556734,0.612081,-4.6207,6.556736,0.612081,0.185288,6.556733,0.612081,0.185288,6.556733,0.612081,-0.767195,3.101027,0,-6.963306,-1.996623,-2.362275,-6.906806,-1.996624,-2.362275,3.281983,-1.996623,-2.362275,3.281983,-1.996623,-2.362275,-0.095875,-3.616722,0,-5.114486,-7.930774,-0.636764,-5.015544,-7.93078,-0.636764,9.639254,-7.930774,-0.636764,9.639254,-7.930774,-0.636764,0.825436,-10.78062,0,5.820634,-18.79085,3.780534,9.352028,-18.79086,3.780535,17.86384,-18.79085,3.780535,17.86384,-18.79085,3.780535,0,0,0,0,0,0,0.673704,0.106076,-0.610135,0.464782,0.588644,-0.24493,0.350297,0.084579,-0.226468,0,0,0,0,0,0,-1.342781,9.816423,-0.988394,-1.926765,15.5353,-1.29345,-2.167806,22.3291,-1.093,0,0,0,0,0,0,-1.100281,11.15362,-1.191795,-1.741955,17.43686,-1.860559,-1.930956,25.35444,-1.194298,0,0,0,0,0,0,-0.809323,7.281538,-0.679672,-1.317065,11.84722,-1.09747,-2.027571,17.78886,-0.049263,0,0,0,-0.000022,-0.000003,0,-1.628593,1.882075,-0.28047,-2.801545,4.79038,-0.04524,-4.375375,8.140682,0.737965,0,0,0,0,0,0,-49.38215,174.8528,38.37033,-217.9938,170.8299,78.85962,-337.7625,136.8342,163.0541,0,0,0,0,0,0,28.12966,-65.03306,-19.44601,46.7737,29.1895,-35.40515,58.05642,-3.10868,-59.09442,0,0,0,0,0,0,-11.4641,83.6217,-30.38406,-18.66516,119.8746,-46.70261,-22.6261,198.9979,-61.4655,0,0,0,0,0.000005,0,38.84843,81.91949,-10.32114,62.86963,134.0939,-16.76917,48.66667,211.8636,-15.5139,0,0,0,-0.001341,-0.000084,0.002682,-28.20075,-54.46494,-19.13488,-54.15112,0.848584,-19.2368,-83.13237,29.36951,-23.88239,9.742489,12.60717,14.12252,14.84114,-1.4878,47.11875,41.9737,-32.98249,6.557597,-7.600806,2.86266,4.805953,-1.998118,-7.042722,0.052339,10.18878,-7.931796,-5.251245,0.096913,14.65478,-18.85143,7.40014,3.53136,8.511816,-1.761482,9.740294,3.45726,11.54205,-7.223997,-114.7232,-4.02297,-41.48254,-16.12932,-131.8726,3.140349,-70.80826,-13.30985,-93.91176,-0.352727,-59.73524,-21.96739,-32.57893,-64.1402,-10.92304,-2491.516,-668.7651,2976.072,179.7912,624.5041,740.1146,-2683.831,2744.436,-45.55418,-1011.607,259.6374,-1165.361,300.4588,-1064.188,-28.08109,-860.2397,-507.5889,996.5062,-2751.559,952.7274
6,100,00:00:00:100,0,0,0,2.512528,-0.978382,1.854603,6.116201,-0.906424,5.80475,6.956047,-2.91924,8.940866,8.889578,-3.269364,11.48464,2.145132,0.012838,2.288352,3.605461,0.004286,9.291883,4.160002,0.763292,14.16132,4.476582,1.014729,16.90986,4.759077,1.060216,19.33161,0.59655,0.110736,2.296674,1.028007,0.217537,10.26065,0.877088,0.980285,15.07397,0.789917,1.418246,17.85153,0.704436,1.411613,20.1368,-0.74827,0.001735,2.303988,-1.215744,0.014135,9.699835,-1.84107,0.581633,14.12252,-2.231895,0.932763,16.88636,-2.553762,0.690513,19.11556,-1.943712,-0.121182,2.310502,-3.211244,-0.218814,8.967371,-4.303014,-0.611034,12.14189,-4.864795,-0.909532,13.79366,-5.434907,-1.500317,15.52442,0,0,0,-28.71404,32.61921,-44.31731,12.90903,32.6192,-44.31732,-20.01808,32.61921,-44.31735,-20.01808,32.61921,-44.31735,0.068498,11.77817,0,-8.670862,6.673496,1.156318,-5.059408,6.6735,1.156317,-0.934609,6.673498,1.156318,-0.934609,6.673498,1.156318,-0.767195,3.101027,0,-8.926575,-2.134415,-2.14725,-8.882521,-2.134415,-2.147251,0.246314,-2.134417,-2.147252,0.246314,-2.134417,-2.147252,-0.095875,-3.616722,0,-7.138741,-8.138212,-0.724421,-7.067744,-8.138213,-0.724421,6.241954,-8.138212,-0.724421,6.241954,-8.138212,-0.724421,0.825436,-10.78062,0,5.41141,-19.36008,3.813334,8.462257,-19.36009,3.813334,16.73402,-19.36007,3.813334,16.73402,-19.36007,3.813334,0,0,0,0,0,0,1.077756,-1.862364,-0.937655,2.279877,-1.773197,-1.198321,3.354549,-2.039708,-2.045408,0,0,0,0,0,0,0.000201,6.428685,-0.929832,0.167996,7.884917,-1.075923,0.406265,10.9088,-1.128763,0,0,0,0,0,0,-0.408378,9.911963,-1.40959,-0.642048,15.66801,-2.223015,-0.678414,22.92206,-2.011478,0,0,0,0,0,0,-0.662874,9.555506,-1.144498,-1.076549,15.60886,-1.859575,-1.64805,23.62568,-0.825316,0,0,0,0.000022,0,0.000045,-2.018586,1.272803,-0.521332,-3.181994,2.808865,-0.620663,-4.552245,4.866007,-0.339925,0,0,0,0,0,0,24.24314,-118.1064,-19.6512,108.9057,-141.7105,-57.20346,180.2552,-127.4572,-109.1364,0,0,0,0,0,0,80.57891,-203.2643,3.513694,125.6856,-459.0228,13.05163,154.4443,-685.2185,-2.145767,0,0,0,0,0,0,41.51422,-74.49951,-13.06772,65.99441,-106.131,-21.74735,75.15247,-145.9429,-49.03077,0,0,0,0,-0.00001,0,8.786919,136.4381,-27.88961,14.43095,225.6983,-45.72629,22.77127,350.2095,-46.56314,0,0,0,0.002682,0.000168,0.002682,-23.39958,-36.55632,-14.45174,-22.82695,-118.8909,-34.52539,-10.61216,-196.4805,-64.67341,9.868196,12.79719,14.31299,14.988,-1.043615,47.37384,41.62307,-32.92709,6.675911,-8.85947,3.611404,4.124785,-2.135792,-9.004576,0.044235,9.128798,-8.139719,-7.311959,0.068528,13.30969,-19.42279,7.043334,3.050884,8.27175,26.65111,15.30533,-21.0379,3.323593,7.098855,-75.51984,44.92464,-40.87003,-8.26046,-117.7112,-0.48627,-63.59871,-12.4754,-123.6428,-1.703115,-80.70528,-34.28215,-21.40835,-28.82855,-14.40393,1704.755,333.9019,-1469.71,-493.1075,859.3711,2352.2,2936.856,36.75087,472.1313,849.6794,-217.5971,432.5732,50.06675,-1783.865,-81.02328,-1258.202,-738.8856,670.2347,2118.699,-208.8535
7,116.6667,00:00:00:117,0,0,0,2.512528,-0.978382,1.854603,6.116179,-0.930847,5.805139,6.967293,-2.924,8.950763,8.900004,-3.282978,11.49392,2.145132,0.012838,2.288352,3.605461,0.004286,9.291883,4.161149,0.874119,14.14262,4.479495,1.202354,16.88284,4.76469,1.335285,19.30105,0.59655,0.110736,2.296674,1.028007,0.217537,10.26065,0.899592,1.103557,15.05347,0.825409,1.612447,17.81929,0.752561,1.674566,20.10417,-0.74827,0.001735,2.303988,-1.215744,0.014135,9.699835,-1.850141,0.692378,14.1056,-2.246681,1.112337,16.859,-2.577679,0.935775,19.09303,-1.943712,-0.121182,2.310502,-3.211245,-0.218814,8.967371,-4.364413,-0.581008,12.12369,-4.96007,-0.854197,13.76796,-5.569592,-1.413616,15.49571,0,0,0,-28.77214,32.56053,-44.82027,12.30128,32.56054,-44.82029,-20.15837,32.56054,-44.82029,-20.15837,32.56054,-44.82029,0.068498,11.77817,0,-9.920659,6.80811,1.556651,-6.603285,6.80811,1.556651,-2.941391,6.808112,1.556651,-2.941391,6.808112,1.556651,-0.767195,3.101027,0,-10.41501,-1.875387,-1.848838,-10.36668,-1.875387,-1.848839,-1.496801,-1.875389,-1.848838,-1.496801,-1.875389,-1.848838,-0.095875,-3.616722,0,-8.516189,-8.347118,-1.025322,-8.437369,-8.347113,-1.025323,4.619841,-8.347123,-1.025323,4.619841,-8.347123,-1.025323,0.825436,-10.78062,0,4.961931,-20.38407,3.440587,7.693061,-20.38408,3.440586,15.80768,-20.38408,3.440588,15.80768,-20.38408,3.440588,0,0,0,0,0,0,-0.001319,-1.465374,0.023358,0.674754,-0.285611,0.593752,0.625581,-0.816844,0.557005,0,0,0,0,0,0,0.068821,6.649604,-1.122236,0.174746,11.25748,-1.621038,0.336818,16.50416,-1.833558,0,0,0,0,0,0,1.35028,7.396319,-1.23024,2.129562,11.65209,-1.934588,2.887487,15.7772,-1.958012,0,0,0,0,0,0,-0.544265,6.64467,-1.015216,-0.887118,10.77439,-1.641423,-1.43497,14.71568,-1.351565,0,0,0,-0.000022,0,-0.000045,-3.683924,1.801508,-1.091614,-5.716502,3.3201,-1.542002,-8.081115,5.202083,-1.722693,0,0,0,0,0,0,-64.74449,23.81935,57.66078,-96.30738,89.2552,107.5244,-163.7381,73.37181,156.1448,0,0,0,0,0,0,4.11719,13.25512,-11.54423,0.405014,202.3535,-32.70686,-4.166813,335.722,-42.2877,0,0,0,0,0,0,105.5194,-150.9386,10.76102,166.2966,-240.9555,17.30561,213.9541,-428.6914,3.207922,0,0,0,0,0.00001,0,7.116571,-174.6502,7.756948,11.36585,-290.0681,13.08917,12.78475,-534.5997,-31.57496,0,0,0,-0.002682,0,-0.005364,-99.92031,31.72231,-34.21693,-152.0705,30.67409,-55.28033,-211.7322,20.16451,-82.96608,9.968975,12.8489,14.39727,15.12872,-0.68927,47.37084,41.07341,-32.45963,6.812213,-10.1662,3.317355,3.661853,-1.87628,-10.47369,0.048457,8.869864,-8.349955,-8.751674,0.076617,13.0572,-20.43947,6.546194,2.731082,8.114596,21.26067,-0.179901,-32.97981,28.04764,8.17812,-78.40387,-17.64291,-27.77594,15.57072,-88.14703,0.253319,-15.53604,-12.61413,-86.38286,0.485318,-15.1494,-61.00055,-29.82845,-19.18816,-9.429244,-323.4261,-929.1136,-716.5146,1483.443,64.75584,-173.0415,-3754.053,785.6451,1429.87,1773.852,44.37532,2883.76,-8.32386,2235.599,131.306,3933.352,-1603.104,-505.2063,578.4233,298.4814
8,133.3333,00:00:00:133,0,0,0,2.512528,-0.978382,1.854603,6.122431,-0.964557,5.799689,6.97629,-2.956758,8.945171,8.906976,-3.338505,11.48656,2.145132,0.012838,2.288352,3.605461,0.004286,9.291883,4.144407,0.90608,14.13867,4.452699,1.274963,16.87487,4.730065,1.429261,19.29272,0.59655,0.110736,2.296674,1.028007,0.217537,10.26065,0.893404,1.236917,15.02671,0.815778,1.826097,17.77646,0.740868,1.96273,20.05802,-0.74827,0.001735,2.303988,-1.215744,0.014135,9.699835,-1.899747,0.777635,14.08418,-2.327254,1.252376,16.82402,-2.689651,1.12009,19.05622,-1.943712,-0.121182,2.310502,-3.211245,-0.218814,8.967371,-4.384778,-0.57504,12.11686,-4.994133,-0.815968,13.76115,-5.618618,-1.348931,15.49191,0,0,0,-28.79419,32.66521,-45.30091,12.0021,32.66521,-45.30091,-20.08484,32.66521,-45.30091,-20.08484,32.66521,-45.30091,0.068498,11.77817,0,-10.29025,6.645281,1.649093,-7.442651,6.645272,1.649094,-3.438313,6.645285,1.649094,-3.438313,6.645285,1.649094,-0.767195,3.101027,0,-12.0144,-1.981779,-1.707497,-12.03545,-1.981779,-1.707497,-3.367704,-1.981779,-1.707497,-3.367704,-1.981779,-1.707497,-0.095875,-3.616722,0,-9.519486,-9.128265,-1.555528,-9.471646,-9.128267,-1.555527,3.595818,-9.128269,-1.555528,3.595818,-9.128269,-1.555528,0.825436,-10.78063,0,4.831127,-20.74498,3.464994,6.607011,-20.74497,3.464995,14.95196,-20.74499,3.464993,14.95196,-20.74499,3.464993,0,0,0,0,0,0,0.375107,-2.022614,-0.326984,0.539839,-1.965433,-0.335455,0.418246,-3.331572,-0.442028,0,0,0,0,0,0,-1.004487,1.917656,-0.236839,-1.607761,4.356561,-0.478417,-2.077527,5.638556,-0.499785,0,0,0,0,0,0,-0.371274,8.001621,-1.605213,-0.577882,12.81899,-2.569914,-0.701565,17.28983,-2.768576,0,0,0,-0.000006,0,0,-2.976324,5.115422,-1.285493,-4.834402,8.402366,-2.099365,-6.718307,11.05893,-2.208352,0,0,0,-0.000022,0.000001,0,-1.221925,0.3581,-0.41011,-2.043798,2.293747,-0.408679,-2.941556,3.881078,-0.22763,0,0,0,0,0,0,22.58554,-33.4344,-21.02047,-8.094906,-100.7894,-55.75239,-12.44008,-150.8836,-59.942,0,0,0,0,0,0,-64.39848,-283.9168,53.12383,-106.9504,-414.0549,68.55726,-144.8607,-651.9363,80.02637,0,0,0,0,0,0,-103.2932,36.31809,-22.49837,-162.4466,70.01441,-38.11955,-215.3431,90.7579,-48.63381,0,0,0,-0.000335,-0.000026,0,-145.9236,-91.75485,-16.21663,-236.837,-142.3214,-27.47654,-317.0002,-219.4055,-51.40721,0,0,0,0,0.000084,0.002682,147.7199,-86.60448,40.89027,220.3622,-61.58118,67.99935,308.3735,-79.26028,89.70379,10.05557,12.97145,14.54856,15.19849,-0.200769,47.45969,40.79629,-32.08694,6.649685,-10.53992,2.847576,4.004333,-1.982582,-12.07271,-0.019782,8.667733,-9.134563,-9.878563,0.048457,13.06745,-20.80196,6.45306,1.77586,8.344944,29.31009,5.330886,-16.62712,22.36152,-9.751653,-22.42286,-28.18674,20.54877,-6.378099,-95.9408,-4.094339,-12.12782,-47.07653,-67.61335,-1.689602,0.614719,-21.74915,-5.588006,-57.31331,13.82086,482.9649,330.6472,981.1614,-341.1667,-1075.786,3358.86,-632.6296,2899.482,-1316.929,-467.6262,-260.8595,204.4933,-2067.743,1126.17,-130.4952,945.8472,2355.084,1454.427,-2287.509,1395.006
9,150,00:00:00:150,0,0,0,2.512528,-0.978382,1.854603,6.123839,-0.976257,5.798423,6.983533,-2.967205,8.94311,8.906157,-3.367779,11.48771,2.145132,0.012838,2.288352,3.605461,0.004286,9.291883,4.140567,0.930409,14.13451,4.446619,1.311225,16.86932,4.721911,1.473106,19.28692,0.59655,0.110736,2.296674,1.028007,0.217537,10.26065,0.864823,1.366108,14.99634,0.770705,2.029741,17.72855,0.682549,2.254525,20.00265,-0.74827,0.001735,2.303988,-1.215744,0.014135,9.699835,-1.913677,0.85592,14.06762,-2.349719,1.382653,16.79659,-2.721594,1.289974,19.02924,-1.943712,-0.121182,2.310502,-3.211245,-0.218814,8.967371,-4.400634,-0.560397,12.11253,-5.019841,-0.77913,13.75625,-5.655414,-1.294396,15.48833,0,0,0,-28.75331,32.72883,-45.38863,11.87758,32.72884,-45.38863,-19.77261,32.72884,-45.38863,-19.77261,32.72884,-45.38863,0.068498,11.77817,0,-10.58819,6.596611,1.553749,-7.703127,6.59662,1.553748,-3.629089,6.596612,1.553749,-3.629089,6.596612,1.553749,-0.767195,3.101027,0,-13.55987,-2.388407,-1.716994,-13.5792,-2.388407,-1.716994,-5.571819,-2.388409,-1.716994,-5.571819,-2.388409,-1.716994,-0.095875,-3.616723,0,-10.50952,-9.385741,-1.655815,-10.52536,-9.385741,-1.655815,2.615815,-9.385744,-1.655815,2.615815,-9.385744,-1.655815,0.825436,-10.78063,0,4.589216,-21.00389,3.400821,5.889213,-21.0039,3.40082,14.40812,-21.00389,3.40082,14.40812,-21.00389,3.40082,0,0,0,0,0,0,0.084512,-0.701984,-0.075974,0.434607,-0.626843,-0.123739,-0.049084,-1.756445,0.068933,0,0,0,0,0,0,-0.230424,1.459747,-0.249892,-0.36478,2.17573,-0.332773,-0.489235,2.630671,-0.348419,0,0,0,0,0,0,-1.714859,7.751433,-1.822293,-2.704357,12.21865,-2.874255,-3.49916,17.50768,-3.322363,0,0,0,-0.000006,0,0,-0.83581,4.697079,-0.99349,-1.347888,7.816616,-1.645714,-1.916617,10.19304,-1.619339,0,0,0,0,-0.000001,0,-0.951335,0.878586,-0.259727,-1.542471,2.210302,-0.294328,-2.207771,3.272088,-0.215113,0,0,0,0,0,0,-17.4357,79.2378,15.0606,-6.313917,80.31538,12.70294,-28.03981,94.50763,30.65765,0,0,0,0,0,0,46.44378,-27.47453,-0.783205,74.57882,-130.8499,8.738635,95.29753,-180.4731,9.081958,0,0,0,0,0,0,-80.61513,-15.01129,-13.0248,-127.5885,-36.02077,-18.26048,-167.8557,13.07112,-33.22721,0,0,0,0,0.000021,0,128.4309,-25.10062,17.52019,209.1908,-35.14498,27.21905,288.1014,-51.95336,35.34077,0,0,0,0.001341,-0.000168,0,16.23541,31.22913,9.022952,30.07963,-5.006678,6.861092,44.02712,-36.53937,0.751017,10.0881,13.10505,14.62101,15.24281,-0.034264,47.47999,40.63089,-31.65018,6.600608,-10.82673,2.885001,4.074051,-2.3895,-13.633,0,8.00734,-9.39327,-10.90862,-0.019782,13.14118,-21.05924,6.19837,1.299955,8.518896,9.990295,1.218109,-9.923629,26.2056,-2.94465,-17.20882,2.245517,4.18313,-24.4151,-93.61747,1.18694,-39.62356,-15.52236,-61.80336,-4.094339,4.423885,-15.43682,-15.28138,-28.55429,10.43713,-1159.188,-246.7666,402.2095,230.6442,408.4201,312.8424,1825.935,-981.9382,-1082.22,139.3996,316.8767,-1649.745,1893.25,348.5996,-144.2842,228.5499,378.7398,-581.6024,1725.541,-203.0239
10,166.6667,00:00:00:167,0,0,0,2.512528,-0.978382,1.854603,6.121779,-1.033955,5.799919,6.98592,-3.019064,8.947075,8.908778,-3.441642,11.48793,2.145132,0.012838,2.288352,3.605461,0.004286,9.291883,4.129853,0.92563,14.13659,4.429269,1.318764,16.87039,4.698943,1.489818,19.28799,0.59655,0.110736,2.296674,1.028007,0.217537,10.26065,0.861862,1.393603,14.98948,0.765953,2.070797,17.7183,0.678408,2.297723,19.99221,-0.74827,0.001735,2.303988,-1.215744,0.014135,9.699835,-1.91053,0.872586,14.06488,-2.344596,1.409875,16.7921,-2.715561,1.316536,19.02487,-1.943712,-0.121182,2.310502,-3.211244,-0.218814,8.967371,-4.412698,-0.552468,12.10879,-5.038689,-0.764454,13.75082,-5.683559,-1.270836,15.48209,0,0,0,-28.61438,32.81317,-46.07402,11.39542,32.81316,-46.074,-19.85578,32.81317,-46.07402,-19.85578,32.81317,-46.07402,0.068498,11.77817,0,-10.53187,6.473175,1.585751,-7.959603,6.473169,1.585752,-3.844965,6.473181,1.585751,-3.844965,6.473181,1.585751,-0.767195,3.101027,0,-13.90883,-2.333198,-1.294629,-13.8798,-2.3332,-1.29463,-5.643558,-2.3332,-1.294629,-5.643558,-2.3332,-1.294629,-0.095875,-3.616722,0,-10.7232,-9.361148,-1.675383,-10.74198,-9.361147,-1.675383,2.635025,-9.361146,-1.675383,2.635025,-9.361146,-1.675383,0.825435,-10.78062,0,4.564242,-21.18563,3.063999,5.778792,-21.18561,3.064002,14.23934,-21.18563,3.063998,14.23934,-21.18563,3.063998,0,0,0,0,0,0,-0.123628,-3.461894,0.08972,0.143185,-3.111563,0.237957,0.157267,-4.431791,0.013679,0,0,0,0,0,0,-0.642836,-0.286695,0.124991,-1.040988,0.452366,0.064373,-1.378074,1.002721,0.064552,0,0,0,0,0,0,-0.177696,1.649726,-0.411451,-0.285144,2.463318,-0.614941,-0.248428,2.591885,-0.626206,0,0,0,0.000011,0,0,0.188828,1.000011,-0.164509,0.30737,1.633309,-0.269115,0.361986,1.593735,-0.261873,0,0,0,0.000045,0.000001,0,-0.723861,0.47574,-0.224143,-1.130864,0.880583,-0.325441,-1.688696,1.413647,-0.374436,0,0,0,0,0,0,-12.48836,-165.5945,9.941607,-17.48532,-149.0832,21.70175,12.38108,-160.5208,-3.31521,0,0,0,0,0,0,-24.74472,-104.7865,22.493,-40.57243,-103.4018,23.82874,-53.33036,-97.67699,24.77824,0,0,0,0,0,0,92.22977,-366.1024,84.6505,145.1527,-585.3196,135.5588,195.0439,-894.9478,161.7694,0,0,0,0.001006,0.000016,0,61.47824,-221.824,49.73888,99.31548,-370.9984,82.59594,136.7162,-515.9581,81.44795,0,0,0,0.002682,0.000168,0,13.64842,-24.17073,2.135038,24.69644,-79.78313,-1.866817,31.14446,-111.5065,-9.559391,10.14312,13.15303,14.64824,15.28404,0.806971,47.45288,40.00979,-31.25119,6.477202,-10.76766,2.572225,4.114612,-2.333891,-13.96618,0.027976,8.236234,-9.368841,-11.1261,0,13.37701,-21.2327,6.062718,1.214504,8.46051,50.4741,-1.626663,-37.26631,23.93966,-7.404327,3.543949,-18.76661,2.433643,3.336553,-19.99088,1.678587,13.7336,1.465702,-13.04878,1.18694,14.1497,-10.4076,-8.139153,-5.127074,-3.503151,2429.028,-170.6863,-1640.561,-135.9558,-267.5806,1245.166,-1260.727,-104.9692,1665.099,4417.595,29.49881,3201.429,1019.284,2925.274,316.8767,583.549,301.7532,428.5337,1405.633,-836.4165
11,183.3333,00:00:00:183,0,0,0,2.512528,-0.978382,1.854603,6.113121,-1.086704,5.806728,6.973137,-3.069697,8.956348,8.878125,-3.531998,11.50374,2.145132,0.012838,2.288352,3.605461,0.004286,9.291883,4.085656,0.873076,14.15086,4.357263,1.287236,16.88446,4.60197,1.442445,19.30579,0.59655,0.110736,2.296674,1.028007,0.217537,10.26065,0.834207,1.414111,14.98328,0.722416,2.105334,17.70798,0.621212,2.348516,19.97964,-0.74827,0.001735,2.303988,-1.215744,0.014135,9.699835,-1.908444,0.872956,14.06513,-2.341208,1.410565,16.79251,-2.707786,1.314319,19.02588,-1.943712,-0.121182,2.310502,-3.211244,-0.218814,8.967371,-4.413669,-0.554591,12.10819,-5.040589,-0.763145,13.75031,-5.686524,-1.268039,15.48162,0,0,0,-28.40846,32.8334,-46.65393,11.10438,32.83343,-46.65394,-19.40655,32.8334,-46.65393,-19.40655,32.8334,-46.65393,0.068498,11.77817,0,-9.977479,5.840707,1.117381,-8.461516,5.840714,1.11738,-3.536134,5.840706,1.117381,-3.536134,5.840706,1.117381,-0.767195,3.101027,0,-14.14579,-2.697092,-1.375786,-14.16291,-2.697092,-1.375786,-6.041265,-2.697092,-1.375786,-6.041265,-2.697092,-1.375786,-0.095875,-3.616722,0,-10.78902,-9.264184,-1.302568,-10.80966,-9.264183,-1.302568,2.645412,-9.264181,-1.302568,2.645412,-9.264181,-1.302568,0.825436,-10.78062,0,4.615218,-21.20319,3.020322,5.681503,-21.20317,3.020324,14.20753,-21.20319,3.020322,14.20753,-21.20319,3.020322,0,0,0,0,0,0,-0.519477,-3.164917,0.40859,-0.766978,-3.037937,0.55638,-1.83919,-5.421392,0.948518,0,0,0,0,0,0,-2.651833,-3.153283,0.856251,-4.320368,-1.891734,0.84427,-5.818404,-2.842359,1.067608,0,0,0,0,0,0,-1.659304,1.230469,-0.372112,-2.612242,2.072252,-0.61959,-3.431786,3.047604,-0.754416,0,0,0,-0.000006,0,0,0.125159,0.022156,0.015557,0.203289,0.041412,0.02414,0.466503,-0.133043,0.06026,0,0,0,0,0,0.000045,-0.058226,-0.127399,-0.035897,-0.114039,0.078485,-0.030756,-0.177898,0.167783,-0.028253,0,0,0,0,0,0,-23.75096,17.81858,19.13219,-54.60977,4.417598,19.10537,-119.7874,-59.37606,56.09035,0,0,0,0,0,0,-120.5398,-171.9953,43.87557,-196.7628,-140.646,46.79382,-266.4198,-230.7048,60.1834,0,0,0,0,0,0,-88.89645,-25.15544,2.360345,-139.6259,-23.46396,-0.27895,-191.0014,27.34311,-7.692575,0,0,0,-0.001006,-0.000021,0,-3.820136,-58.6713,10.80394,-6.244851,-95.51379,17.59529,6.271003,-103.6067,19.328,0,0,0,-0.002682,-0.000084,0.002682,39.93809,-36.18836,11.29478,61.00952,-48.12587,17.68112,90.64793,-74.75182,20.77102,10.19326,13.21355,14.63908,15.26689,1.56985,47.33516,39.51284,-30.51093,5.842712,-10.13743,1.516074,4.925373,-2.698056,-14.21784,-0.019782,8.121634,-9.269488,-11.13013,-0.019782,13.45508,-21.24941,6.102168,1.066245,8.526017,45.77273,-7.062835,-29.81666,44.41532,-38.0694,37.81414,-63.36905,48.64563,-21.84989,-15.09951,-2.865528,-6.87601,5.96117,-0.2421,-1.18694,4.684124,-1.002846,2.36701,-8.895521,3.930416,-282.0822,-326.1703,446.9786,1228.539,-1839.904,2056.211,-2676.146,2772.719,-1511.186,293.4825,-272.6469,-1236.576,269.7281,768.4009,-142.4328,-567.9348,564.2852,630.3697,-226.1068,446.014
12,200,00:00:00:200,0,0,0,2.512528,-0.978382,1.854603,6.127249,-1.109478,5.793118,6.95996,-3.113595,8.9367,8.853525,-3.6113,11.48594,2.145132,0.012838,2.288352,3.605461,0.004286,9.291883,4.071278,0.847801,14.15671,4.334054,1.259135,16.89161,4.570184,1.394808,19.31495,0.59655,0.110736,2.296674,1.028007,0.217537,10.26065,0.829219,1.406659,14.98496,0.71446,2.091321,17.71118,0.60887,2.325526,19.98359,-0.74827,0.001735,2.303988,-1.215744,0.014135,9.699835,-1.883462,0.858442,14.07185,-2.30075,1.384442,16.8039,-2.653951,1.275303,19.03883,-1.943712,-0.121182,2.310502,-3.211244,-0.218814,8.967371,-4.413893,-0.552211,12.10836,-5.040672,-0.764683,13.75003,-5.685957,-1.285663,15.4768,0,0,0,-28.65009,32.93594,-47.21642,11.32459,32.93595,-47.21642,-19.09794,32.93594,-47.21642,-19.09794,32.93594,-47.21642,0.068498,11.77817,0,-9.713314,5.61042,0.823631,-8.435024,5.610423,0.82363,-3.109148,5.61042,0.823631,-3.109148,5.61042,0.823631,-0.767195,3.101027,0,-14.0387,-2.833145,-1.691263,-14.00831,-2.833144,-1.691263,-5.797038,-2.833146,-1.691264,-5.797038,-2.833146,-1.691264,-0.095875,-3.616722,0,-10.61545,-8.918505,-1.257503,-10.58339,-8.918506,-1.257503,2.95712,-8.918505,-1.257503,2.95712,-8.918505,-1.257503,0.825435,-10.78062,0,4.693268,-21.17892,2.692033,5.927716,-21.17894,2.692033,14.82357,-21.17892,2.692035,14.82357,-21.17892,2.692035,0,0,0,0,0,0,0.847712,-1.366462,-0.816621,-0.790626,-2.633873,-1.17892,-1.47602,-4.75806,-1.068234,0,0,0,0,0,0,-0.862666,-1.516493,0.350922,-1.392581,-1.686048,0.428438,-1.907162,-2.858207,0.549763,0,0,0,0,0,0,-0.299267,-0.447113,0.100493,-0.477319,-0.840761,0.192404,-0.740547,-1.379404,0.236928,0,0,0,0.000006,0,0,1.498885,-0.870835,0.403047,2.4275,-1.567399,0.683516,3.230117,-2.340965,0.777215,0,0,0,0,0.000006,0,-0.013478,0.142803,0.010103,-0.00494,-0.09226,-0.016809,0.034042,-1.057405,-0.288785,0,0,0,0,0,0,82.03133,107.9073,-73.51263,-1.418891,24.24381,-104.118,21.79026,39.79996,-121.0052,0,0,0,0,0,0,107.35,98.20741,-30.31969,175.6672,12.34117,-24.94991,234.6745,-0.950843,-31.07071,0,0,0,0,0,0,81.60218,-100.6549,28.35631,128.0954,-174.7808,48.71964,161.4743,-265.6205,59.48066,0,0,0,0.000671,0.000026,0,82.42361,-53.57947,23.24939,133.4526,-96.52867,39.56258,165.8168,-132.4753,43.01726,0,0,0,0,0.000335,-0.002682,2.684891,16.21211,2.759993,6.54593,-10.2447,0.836849,12.71635,-73.51129,-15.63191,10.23238,13.24501,14.6064,15.25556,1.906391,47.54532,39.97467,-30.42252,5.611609,-9.836733,1.278247,5.32583,-2.834554,-14.12804,0.027976,8.211261,-8.923193,-10.93016,0.027976,13.54051,-21.21742,6.058934,1.23448,8.895829,20.19249,12.60956,27.70935,5.304679,-13.8662,18.04173,-14.26959,24.02744,-8.189893,5.387764,2.865528,5.377635,20.77772,11.99821,2.865528,5.12598,1.919632,-2.594061,10.0941,22.18872,-1534.814,1180.344,3451.561,-2346.638,1452.192,-1186.345,2945.967,-1477.091,819.5997,1229.236,343.8633,735.2187,888.9929,734.4188,243.1481,26.51138,175.3486,-297.6642,1139.377,1095.498
13,216.6667,00:00:00:217,0,0,0,2.512528,-0.978382,1.854603,6.128177,-1.149513,5.79073,6.953993,-3.148176,8.939598,8.835877,-3.675552,11.49152,2.145132,0.012838,2.288352,3.605461,0.004286,9.291883,4.06891,0.793149,14.1661,4.329371,1.127337,16.91171,4.558302,1.175274,19.33906,0.59655,0.110736,2.296674,1.028007,0.217537,10.26065,0.84231,1.350662,14.99923,0.735104,2.002907,17.7337,0.636019,2.194213,20.01041,-0.74827,0.001735,2.303988,-1.215744,0.014135,9.699835,-1.836303,0.747539,14.09873,-2.224041,1.205894,16.84726,-2.54864,1.013961,19.08095,-1.943712,-0.121182,2.310502,-3.211244,-0.218814,8.967371,-4.409256,-0.575064,12.10763,-5.034378,-0.789012,13.74973,-5.674757,-1.329661,15.47228,0,0,0,-28.74696,32.90773,-47.98595,10.92796,32.90773,-47.98595,-18.97625,32.90772,-47.98595,-18.97625,32.90772,-47.98595,0.068498,11.77817,0,-9.181907,5.381643,-0.310036,-6.938229,5.381645,-0.310036,-1.155458,5.381644,-0.310036,-1.155458,5.381644,-0.310036,-0.767195,3.101027,0,-13.37054,-2.625204,-1.600158,-13.338,-2.625204,-1.600158,-4.727163,-2.625205,-1.600157,-4.727163,-2.625205,-1.600157,-0.095875,-3.616722,0,-9.238548,-8.186086,-0.963215,-9.240709,-8.186084,-0.963215,4.998189,-8.186089,-0.963215,4.998189,-8.186089,-0.963215,0.825435,-10.78062,0,5.052898,-21.13441,2.782075,5.945773,-21.13444,2.782073,15.40703,-21.13442,2.782077,15.40703,-21.13442,2.782077,0,0,0,0,0,0,0.055656,-2.402097,-0.143319,-0.357986,-2.074878,0.173897,-1.058847,-3.855161,0.334829,0,0,0,0,0,0,-0.142068,-3.279118,0.563264,-0.280917,-7.907839,1.20601,-0.712909,-13.17205,1.446694,0,0,0,0,0,0,0.78544,-3.359847,0.856519,1.238633,-5.304862,1.351118,1.628978,-7.878798,1.609325,0,0,0,-0.000006,0,0,2.829563,-6.654152,1.612633,4.602559,-10.71283,2.601832,6.31867,-15.68051,2.527445,0,0,0,0,-0.000004,0,0.278279,-1.371148,-0.044256,0.377655,-1.459706,-0.017881,0.671983,-2.639869,-0.271261,0,0,0,0,0,0,-47.52338,-62.13806,40.39809,25.95842,33.53968,81.169,25.03037,54.17392,84.1838,0,0,0,0,0,0,43.23587,-105.7575,12.74049,66.69982,-373.3075,46.65434,71.6552,-618.8305,53.81584,0,0,0,0,0,0,65.08246,-174.764,45.36152,102.9571,-267.846,69.52284,142.1715,-389.9636,82.34381,0,0,0,-0.000671,-0.000047,0,79.84064,-346.999,72.5752,130.5035,-548.7256,115.0989,185.3131,-800.3724,105.0138,0,0,0,0,-0.000587,0,17.50543,-90.83702,-3.261566,22.95568,-82.04675,-0.064373,38.27646,-94.94785,1.051426,10.16917,13.20088,14.46369,15.22853,2.489472,47.56998,39.67491,-29.9042,5.381502,-9.193276,2.243674,5.782758,-2.626368,-13.44846,0.034264,8.610805,-8.188705,-9.465561,0,14.2389,-21.17595,6.472297,0.892848,9.461261,34.98482,1.479492,-17.98553,31.09909,-13.80644,38.60738,57.92557,27.41566,12.49114,40.77512,0.377254,23.97262,44.06925,87.87614,-1.678587,41.90351,2.487945,24.80178,-20.49791,33.9259,887.5395,-667.8039,-2741.693,1547.664,3.586006,1233.939,4331.709,203.2934,1240.862,2123.241,-149.2964,1115.699,1397.492,4552.676,-272.6469,2206.652,34.09881,1643.75,-1835.52,704.2306
14,233.3333,00:00:00:233,0,0,0,2.512528,-0.978382,1.854603,6.115579,-1.256308,5.796186,6.919903,-3.257679,8.948895,8.786694,-3.836551,11.50074,2.145132,0.012838,2.288352,3.605461,0.004286,9.291883,4.085683,0.742699,14.17237,4.353951,1.041002,16.92136,4.586078,1.05213,19.34886,0.59655,0.110736,2.296674,1.028007,0.217537,10.26065,0.847442,1.233828,15.02585,0.743297,1.821031,17.77514,0.641839,1.903676,20.05828,-0.74827,0.001735,2.303988,-1.215744,0.014135,9.699835,-1.821458,0.613089,14.1211,-2.199989,0.984671,16.88398,-2.508442,0.68249,19.10775,-1.943712,-0.121182,2.310502,-3.211245,-0.218814,8.967371,-4.386785,-0.658079,12.1056,-5.002517,-0.887102,13.74922,-5.626499,-1.472264,15.46323,0,0,0,-28.55383,32.9481,-49.42631,10.41874,32.94808,-49.4263,-18.90505,32.9481,-49.42632,-18.90505,32.9481,-49.42632,0.068498,11.77817,0,-8.667282,5.45635,-1.082546,-6.268146,5.456355,-1.082546,-0.364431,5.456348,-1.082545,-0.364431,5.456348,-1.082545,-0.767195,3.101027,0,-11.94246,-2.619169,-2.117064,-11.95943,-2.619169,-2.117064,-1.975686,-2.619169,-2.117064,-1.975686,-2.619169,-2.117064,-0.095874,-3.616722,0,-7.595325,-7.848741,-0.360485,-7.54067,-7.848735,-0.360485,7.715243,-7.848744,-0.360485,7.715243,-7.848744,-0.360485,0.825436,-10.78063,0,6.408581,-20.87625,2.994702,6.375136,-20.87625,2.994703,16.74035,-20.87626,2.9947,16.74035,-20.87626,2.9947,0,0,0,0,0,0,-0.755891,-6.407697,0.327386,-2.045408,-6.570183,0.557855,-2.951056,-9.659953,0.55325,0,0,0,0,0,0,1.006365,-3.026982,0.376582,1.47479,-5.180111,0.579447,1.666523,-7.38868,0.588119,0,0,0,0,0,0,0.307973,-7.010003,1.597166,0.491573,-10.91259,2.486408,0.349185,-17.43219,2.87193,0,0,0,0,0,0,0.890695,-8.067025,1.342356,1.443073,-13.27339,2.203166,2.411842,-19.88828,1.607537,0,0,0,-0.000045,-0.000004,-0.000045,1.348212,-4.980935,-0.12137,1.91161,-5.885426,-0.030577,2.895467,-8.556185,-0.543416,0,0,0,0,0,0,-48.69282,-240.336,28.24232,-101.2453,-269.7182,23.03749,-113.5325,-348.2875,13.10527,0,0,0,0,0,0,68.90594,15.12817,-11.2009,105.3424,163.6637,-37.59383,142.7659,347.002,-51.51451,0,0,0,0,0,0,-28.648,-219.0094,44.43884,-44.82356,-336.4637,68.11737,-76.78761,-573.2034,75.75629,0,0,0,0.000335,0.000005,0,-116.3321,-84.77237,-16.21664,-189.5691,-153.6335,-23.91994,-234.4096,-252.4667,-55.19448,0,0,0,-0.002682,0,-0.002682,64.19598,-216.5872,-4.62681,92.0373,-265.5432,-0.761747,133.409,-354.9789,-16.32928,10.15566,13.1347,14.34811,15.13378,4.033326,47.43083,38.97255,-29.32378,5.456574,-8.603548,2.399146,5.90372,-2.620922,-12.0393,0,9.98371,-7.849329,-7.714927,0.055953,15.2559,-20.92632,7.968044,-0.019782,10.36519,92.63126,-8.348923,-42.14126,34.8254,4.504337,35.3837,9.32835,7.257757,0.326772,84.54923,-2.055841,82.37434,20.36256,105.038,3.357174,61.01978,14.9778,89.74485,-54.75782,54.23578,3458.787,-589.7048,-1449.344,223.5788,1098.646,-193.4209,-2915.833,-1209.474,-729.862,2626.446,-145.9857,3504.103,-1422.401,1029.714,302.1457,1146.976,749.3911,3896.584,-2055.595,1218.593
15,250,00:00:00:250,0,0,0,2.512528,-0.978382,1.854603,6.126636,-1.305865,5.782233,6.907149,-3.319252,8.933274,8.758509,-3.943013,11.48578,2.145132,0.012838,2.288352,3.605461,0.004286,9.291883,4.105975,0.654113,14.18292,4.381996,0.850228,16.94032,4.615633,0.767915,19.3663,0.59655,0.110736,2.296674,1.028007,0.217537,10.26065,0.86844,1.052419,15.0617,0.776421,1.535059,17.83169,0.678484,1.450925,20.11493,-0.74827,0.001735,2.303988,-1.215744,0.014135,9.699835,-1.788478,0.438524,14.14563,-2.146364,0.700125,16.92382,-2.427153,0.257911,19.12773,-1.943712,-0.121182,2.310502,-3.211245,-0.218814,8.967371,-4.359183,-0.770834,12.098,-4.960444,-1.059261,13.73762,-5.558005,-1.718573,15.43403,0,0,0,-28.81816,33.03828,-50.43743,10.26388,33.03827,-50.43744,-18.68918,33.03828,-50.43744,-18.68918,33.03828,-50.43744,0.068498,11.77817,0,-7.734905,5.566951,-2.069339,-4.251482,5.566954,-2.069339,1.734756,5.566952,-2.06934,1.734756,5.566952,-2.06934,-0.767195,3.101027,0,-9.761954,-2.357076,-2.623933,-9.781045,-2.357075,-2.623934,2.218575,-2.357076,-2.623934,2.218575,-2.357076,-2.623934,-0.095875,-3.616721,0,-5.443489,-7.314856,0.274941,-5.370469,-7.31485,0.274941,11.22223,-7.314858,0.274941,11.22223,-7.314858,0.274941,0.825436,-10.78063,0,8.043463,-20.69607,3.887504,8.021473,-20.69607,3.887504,18.79825,-20.69607,3.887504,18.79825,-20.69607,3.887504,0,0,0,0,0,0,0.6634,-2.973407,-0.837185,-0.765279,-3.694363,-0.937253,-1.691088,-6.387703,-0.897333,0,0,0,0,0,0,1.217499,-5.315138,0.632823,1.682684,-11.44649,1.137435,1.773342,-17.05289,1.046508,0,0,0,0,0,0,1.259839,-10.88453,2.151131,1.987411,-17.1583,3.392994,2.19869,-27.16506,3.398895,0,0,0,0.000006,0.000001,0,1.978777,-10.47386,1.471817,3.217511,-17.0728,2.390563,4.877351,-25.47475,1.198858,0,0,0,0,0.000001,0,1.656152,-6.765282,-0.455976,2.524405,-10.32957,-0.695854,4.109635,-14.77855,-1.751661,0,0,0,0,0,0,85.15744,206.0573,-69.87422,76.80772,172.5492,-89.70646,75.59805,196.335,-87.03498,0,0,0,0,0,0,12.66807,-137.2894,15.37442,12.47362,-375.9826,33.47933,6.409139,-579.8527,27.50337,0,0,0,0,0,0,57.11193,-232.4714,33.23792,89.75022,-374.7424,54.39521,110.9703,-583.9725,31.61789,0,0,0,0.000335,0.000063,0,65.28496,-144.4103,7.767676,106.4663,-227.965,11.24382,147.9305,-335.1879,-24.52076,0,0,0,0.002682,0.000335,0.002682,18.4764,-107.0609,-20.07633,36.76772,-266.6488,-39.91663,72.85012,-373.3416,-72.49474,10.07268,12.99398,14.1833,15.01664,4.76625,47.6195,39.08205,-28.95306,5.569331,-7.568049,3.483408,5.986218,-2.35933,-9.864859,0,11.99962,-7.314722,-5.452837,0.074019,16.59268,-20.77659,10.00009,-0.027976,10.77678,43.97544,11.32004,6.570053,22.24296,6.765432,62.12991,65.05574,4.949855,15.69551,130.4666,0,120.9543,32.07644,135.7253,1.08395,80.20705,8.983727,121.9225,-0.491647,24.69549,-2919.349,1180.138,2922.679,-754.9462,135.6657,1604.773,3343.643,-138.4741,922.1245,2755.041,123.3505,2314.799,702.8331,1841.238,-136.3934,1151.236,-359.6443,1930.658,3255.97,-1772.417
16,266.6667,00:00:00:267,0,0,0,2.512528,-0.978382,1.854603,6.106935,-1.441521,5.786656,6.856403,-3.462511,8.940367,8.678191,-4.16039,11.49496,2.145132,0.012838,2.288352,3.605461,0.004286,9.291883,4.102704,0.536891,14.1974,4.374486,0.672147,16.95888,4.598111,0.492904,19.38058,0.59655,0.110736,2.296674,1.028007,0.217537,10.26065,0.868139,0.885983,15.08768,0.77595,1.27262,17.87269,0.673516,1.036779,20.14507,-0.74827,0.001735,2.303988,-1.215744,0.014135,9.699835,-1.779822,0.234298,14.16151,-2.132197,0.367416,16.94952,-2.389826,-0.233781,19.11834,-1.943712,-0.121182,2.310502,-3.211245,-0.218814,8.967371,-4.312784,-0.906785,12.08773,-4.889758,-1.266437,13.72199,-5.446451,-2.034486,15.38626,0,0,0,-28.60616,33.11757,-52.28954,9.694651,33.11758,-52.28955,-18.39561,33.11757,-52.28955,-18.39561,33.11757,-52.28955,0.068498,11.77817,0,-6.442824,5.476903,-2.828742,-3.0642,5.4769,-2.828742,3.950076,5.476911,-2.828743,3.950076,5.476911,-2.828743,-0.767195,3.101027,0,-7.776762,-2.285244,-2.825925,-7.796378,-2.285244,-2.825925,6.039327,-2.285244,-2.825926,6.039327,-2.285244,-2.825926,-0.095875,-3.616723,0,-2.970042,-7.138469,1.340265,-2.879379,-7.138469,1.340265,15.228,-7.138469,1.340266,15.228,-7.138469,1.340266,0.825435,-10.78062,0,10.25246,-20.24748,4.393534,10.23116,-20.24748,4.393533,22.17896,-20.24749,4.393535,22.17896,-20.24749,4.393535,0,0,0,0,0,0,-1.182049,-8.139363,0.265382,-3.044754,-8.595563,0.425533,-4.819035,-13.04264,0.550702,0,0,0,0,0,0,-0.196248,-7.033339,0.868946,-0.450611,-10.68485,1.113385,-1.051336,-16.50064,0.85634,0,0,0,0,0,0,-0.018032,-9.986216,1.558542,-0.028236,-15.74632,2.459764,-0.298072,-24.84879,1.808524,0,0,0,-0.000011,-0.000001,0,0.519387,-12.25361,0.952899,0.850014,-19.96254,1.541823,2.239644,-29.50146,-0.563174,0,0,0,0.000022,0.000001,0,2.783909,-8.157064,-0.616282,4.241176,-12.43054,-0.93779,6.693252,-18.95479,-2.866566,0,0,0,0,0,0,-110.7269,-309.9574,66.154,-136.7685,-294.072,81.76713,-187.6768,-399.2964,86.8821,0,0,0,0,0,0,-84.82484,-103.092,14.16743,-127.9977,45.69831,-1.443028,-169.4807,33.13485,-11.41011,0,0,0,0,0,0,-76.67227,53.89863,-35.55536,-120.9388,84.71891,-55.9938,-149.8057,138.9766,-95.42227,0,0,0,-0.001006,-0.000073,0,-87.56338,-106.7848,-31.13508,-142.0498,-173.3845,-50.92442,-158.2624,-241.603,-105.7219,0,0,0,0.001341,0,0,67.66541,-83.5069,-9.618401,103.0062,-126.0581,-14.51611,155.017,-250.5746,-66.89428,10.02413,12.88059,14.00126,14.80429,6.717672,47.43135,38.30082,-28.09024,5.482371,-6.196472,3.378639,7.014254,-2.28773,-7.884162,0,13.83568,-7.139904,-2.825008,0.090654,18.10736,-20.34957,12.43354,-0.019782,11.94778,117.0853,-11.28914,-46.87431,51.76941,-5.217618,82.29466,-6.286153,61.68216,4.296026,118.8418,0,110.1641,10.48911,157.6698,0.998121,90.88073,25.62149,146.0073,0.491647,70.2598,4386.591,-1356.55,-3206.662,1771.586,-718.983,1209.885,-4280.513,3403.938,-683.9692,-697.4871,0,-647.4138,-1295.24,1316.667,-5.149776,640.4205,998.2657,1445.087,58.99762,2733.858
17,283.3333,00:00:00:283,0,0,0,2.512528,-0.978382,1.854603,6.078908,-1.575591,5.794092,6.795927,-3.604409,8.95032,8.573854,-4.384701,11.51197,2.145132,0.012838,2.288352,3.605461,0.004286,9.291883,4.060428,0.355461,14.21781,4.307682,0.432132,16.98383,4.498714,0.137171,19.39697,0.59655,0.110736,2.296674,1.028007,0.217537,10.26065,0.848039,0.655593,15.11331,0.744079,0.905997,17.91344,0.630705,0.481272,20.15767,-0.74827,0.001735,2.303988,-1.215744,0.014135,9.699835,-1.751608,-0.100188,14.16895,-2.08623,-0.17605,16.96129,-2.30228,-1.030321,19.04818,-1.943712,-0.121182,2.310502,-3.211245,-0.218814,8.967371,-4.213773,-1.08976,12.07538,-4.738827,-1.545743,13.7031,-5.221972,-2.448744,15.32197,0,0,0,-28.3334,33.1783,-54.08177,9.180971,33.17831,-54.08175,-17.79094,33.17832,-54.08176,-17.79094,33.17832,-54.08176,0.068498,11.77817,0,-4.409768,4.989084,-3.901536,-1.924924,4.989089,-3.901535,6.623498,4.989087,-3.901536,6.623498,4.989087,-3.901536,-0.767195,3.101027,0,-5.0468,-2.369335,-2.751069,-4.998691,-2.369334,-2.75107,10.82954,-2.369335,-2.751069,10.82954,-2.369335,-2.751069,-0.095875,-3.616721,0,1.162804,-6.892774,2.443556,1.253142,-6.892774,2.443555,21.88235,-6.892772,2.443556,21.88235,-6.892772,2.443556,0.825436,-10.78062,0,13.35867,-19.06556,4.965611,13.35409,-19.06554,4.965614,26.60195,-19.06557,4.965608,26.60195,-19.06557,4.965608,0,0,0,0,0,0,-1.681589,-8.044224,0.446141,-3.628581,-8.513867,0.597194,-6.260186,-13.45861,1.020223,0,0,0,0,0,0,-2.536587,-10.88579,1.224249,-4.008248,-14.40089,1.49712,-5.963779,-21.34398,0.983834,0,0,0,0,0,0,-1.205988,-13.82335,1.5378,-1.912256,-21.99743,2.44528,-2.568656,-33.33042,0.756383,0,0,0,0.000011,0,0,1.692832,-20.06912,0.446409,2.758026,-32.60795,0.706047,5.252748,-47.79243,-4.209369,0,0,0,0,-0.000001,0,5.940646,-10.97848,-0.741005,9.055852,-16.75835,-1.13368,13.46876,-24.85547,-3.857374,0,0,0,0,0,0,-29.97235,5.708411,10.84551,-35.02964,4.901737,10.29968,-86.46907,-24.95795,28.17124,0,0,0,0,0,0,-140.4203,-231.1468,21.31819,-213.4582,-222.9623,23.02408,-294.7466,-290.6003,7.649654,0,0,0,0,0,0,-71.27735,-230.228,-1.244545,-113.0412,-375.067,-0.869036,-136.2351,-508.8979,-63.12846,0,0,0,0.001341,0.000047,0,70.40664,-468.9307,-30.38942,114.4807,-758.7244,-50.14658,180.7862,-1097.458,-218.7717,0,0,0,-0.001341,-0.000168,0,189.4042,-169.2847,-7.483362,288.8806,-259.6683,-11.75344,406.5303,-354.0408,-59.44847,9.961297,12.70903,13.65052,14.44261,8.620152,47.15424,37.51435,-26.9719,5.000064,-4.077799,2.484828,8.548424,-2.371906,-5.158183,0.044235,15.82824,-6.899356,1.465403,0.088469,20.62922,-19.18697,15.65425,0,13.24787,114.1488,-16.62666,-47.18788,67.10037,-28.93842,127.1204,-53.62864,92.05018,-5.050578,163.5587,2.654079,119.5532,14.43283,257.4246,-0.131086,151.3112,69.75609,193.2428,1.18694,78.0055,-176.1914,-320.2515,-18.81409,919.858,-1423.248,2689.542,-2840.549,1822.081,-560.7962,2683.017,159.2448,563.3445,236.6232,5985.29,-67.75238,3625.831,2648.076,2834.133,41.7176,464.7422
18,300,00:00:00:300,0,0,0,2.512528,-0.978382,1.854603,6.003949,-1.744517,5.831828,6.721505,-3.746737,9.004874,8.441732,-4.606583,11.58041,2.145132,0.012838,2.288352,3.605461,0.004286,9.291883,4.011301,0.148675,14.23248,4.227974,0.111214,17.00187,4.378438,-0.324965,19.39642,0.59655,0.110736,2.296674,1.028007,0.217537,10.26065,0.827051,0.383501,15.12939,0.711057,0.478225,17.93863,0.590857,-0.142974,20.13624,-0.74827,0.001735,2.303988,-1.215744,0.014135,9.699835,-1.716247,-0.428852,14.15253,-2.028616,-0.709932,16.93431,-2.185879,-1.801196,18.9132,-1.943712,-0.121182,2.310502,-3.211244,-0.218814,8.967371,-4.096329,-1.357742,12.02397,-4.559994,-1.953531,13.62495,-4.94565,-3.050734,15.14711,0,0,0,-27.5026,33.01569,-56.07299,7.855935,33.01568,-56.07299,-17.14299,33.0157,-56.07302,-17.14299,33.0157,-56.07302,0.068498,11.77817,0,-2.088193,4.525233,-5.218985,0.362921,4.525231,-5.218984,9.933817,4.525234,-5.218986,9.933817,4.525234,-5.218986,-0.767195,3.101027,0,-1.848891,-2.443937,-2.42624,-1.827766,-2.443935,-2.42624,15.87963,-2.443938,-2.42624,15.87963,-2.443938,-2.42624,-0.095875,-3.616722,0,5.166275,-6.805356,4.167674,5.254314,-6.805352,4.167675,28.38609,-6.805358,4.167675,28.38609,-6.805358,4.167675,0.825436,-10.78062,0,17.94398,-18.08432,5.936084,17.92068,-18.08433,5.936081,33.28996,-18.08433,5.936083,33.28996,-18.08433,5.936083,0,0,0,0,0,0,-4.497572,-10.13553,2.264164,-4.465296,-8.539728,3.273234,-7.927357,-13.31292,4.106774,0,0,0,0,0,0,-2.947613,-12.40716,0.880301,-4.782445,-19.25507,1.082718,-7.216572,-27.72814,-0.032991,0,0,0,0,0,0,-1.259297,-16.32553,0.965059,-1.981317,-25.66631,1.511335,-2.390898,-37.45474,-1.285851,0,0,0,-0.000006,0,0,2.12165,-19.71982,-0.985444,3.456853,-32.03291,-1.618803,6.984025,-46.25247,-8.099287,0,0,0,0.000022,-0.000001,0,7.046655,-16.07893,-3.084585,10.72998,-24.46729,-4.689216,16.57934,-36.11938,-10.49119,0,0,0,0,0,0,-168.959,-125.4784,109.0814,-50.20291,-1.551658,160.5624,-100.0303,8.741319,185.1931,0,0,0,0,0,0,-24.66157,-91.2825,-20.63691,-46.45184,-291.2506,-24.86408,-75.16754,-383.0495,-61.00952,0,0,0,0,0,0,-3.198534,-150.1306,-34.36446,-4.143677,-220.1327,-56.03671,10.66547,-247.4592,-122.534,0,0,0,-0.001006,-0.000016,0,25.72908,20.95815,-85.91114,41.92964,34.50268,-139.491,103.8766,92.39745,-233.3951,0,0,0,0.001341,0,0,66.36055,-306.0269,-140.6148,100.4474,-462.5365,-213.3322,186.6347,-675.8348,-398.0291,9.794521,12.44035,13.2131,13.94145,10.90337,46.2784,35.35853,-24.99889,4.544114,-1.673978,2.451042,9.570888,-2.446086,-1.952242,0,17.70738,-6.824697,5.681513,0.086229,23.13176,-18.23867,20.43601,-0.027976,15.36928,136.9929,-52.55035,-129.3491,118.3807,-27.35699,144.2293,-2.027164,61.34782,-4.450822,192.3564,-2.654079,112.7488,4.479561,252.9666,-0.134406,150.1526,56.89773,286.9052,-1.678587,127.2848,1370.649,-2155.421,-4929.675,3076.817,94.88582,1026.534,3096.089,-1842.141,35.98534,1727.862,-318.4895,-408.2588,-597.1961,-267.4805,-0.199181,-69.51599,-771.5013,5619.746,-171.9316,2956.757
19,316.6667,00:00:00:317,0,0,0,2.512528,-0.978382,1.854603,5.910347,-1.908558,5.877648,6.617537,-3.890375,9.065795,8.254748,-4.840209,11.66373,2.145132,0.012838,2.288352,3.605461,0.004286,9.291883,3.980965,-0.102343,14.23584,4.172976,-0.31256,16.99932,4.28565,-0.923064,19.35757,0.59655,0.110736,2.296674,1.028007,0.217537,10.26065,0.816851,0.01633,15.12764,0.694981,-0.101011,17.93577,0.579676,-0.954799,20.05416,-0.74827,0.001735,2.303988,-1.215744,0.014135,9.699835,-1.64006,-0.787141,14.11018,-1.904668,-1.292174,16.86514,-1.987552,-2.595021,18.71644,-1.943712,-0.121182,2.310502,-3.211245,-0.218814,8.967371,-3.966553,-1.680754,11.91959,-4.362144,-2.446263,13.46573,-4.628044,-3.763721,14.83071,0,0,0,-26.48578,32.80194,-57.91685,6.817484,32.80194,-57.91685,-15.93843,32.80192,-57.91684,-15.93843,32.80192,-57.91684,0.068498,11.77817,0,0.711866,4.458054,-6.770524,3.841317,4.458061,-6.770524,14.07295,4.458056,-6.770526,14.07295,4.458056,-6.770526,-0.767195,3.101027,0,2.439808,-2.410919,-1.749095,2.465239,-2.410917,-1.749095,22.00619,-2.410919,-1.749095,22.00619,-2.410919,-1.749095,-0.095875,-3.616722,0,9.663488,-6.478771,5.627149,9.754472,-6.478775,5.627148,34.6647,-6.47877,5.62715,34.6647,-6.47877,5.62715,0.825436,-10.78062,0,23.58813,-17.6145,7.400478,23.58384,-17.61449,7.400482,41.61636,-17.6145,7.400476,41.61636,-17.6145,7.400476,0,0,0,0,0,0,-5.616098,-9.842488,2.749242,-6.238058,-8.618227,3.655269,-11.21901,-14.01763,4.999056,0,0,0,0,0,0,-1.820125,-15.06108,0.201523,-3.299877,-25.42646,-0.153512,-5.567327,-35.88594,-2.331197,0,0,0,0,0,0,-0.61203,-22.03025,-0.1055,-0.964598,-34.75413,-0.171661,-0.670865,-48.70948,-4.924893,0,0,0,0,0,0,4.571221,-21.49735,-2.540946,7.436849,-34.93449,-4.150271,11.89964,-47.62954,-11.80556,0,0,0,-0.000022,0.000001,0,7.786541,-19.38074,-6.263047,11.87094,-29.56392,-9.552776,19.05633,-42.77925,-18.98396,0,0,0,0,0,0,-67.11155,17.58255,29.10465,-106.3657,-4.709959,22.92213,-197.4991,-42.28234,53.53689,0,0,0,0,0,0,67.64933,-159.2352,-40.72666,88.95409,-370.2834,-74.1738,98.9547,-489.4682,-137.8923,0,0,0,0,0,0,38.83604,-342.2837,-64.23354,61.00315,-545.2689,-100.9798,103.202,-675.2845,-218.3425,0,0,0,0.000335,0,0,146.9743,-106.652,-93.33013,238.7997,-174.0952,-151.8881,294.937,-82.62402,-222.3766,0,0,0,-0.002682,0.000168,0,44.39319,-198.109,-190.7077,68.45802,-305.798,-291.8136,148.6199,-399.5923,-509.566,9.502261,12.01676,12.6367,13.30996,13.01869,45.18404,33.30325,-22.75591,4.488601,1.235431,3.129378,10.2316,-2.412002,2.367281,0.027976,19.54093,-6.509545,10.29725,0.088469,24.91021,-17.81527,26.34463,0,18.03251,126.9194,-65.66116,-123.3172,134.579,-3.330803,174.5645,40.70011,39.64302,2.045088,259.1713,1.678587,110.0128,18.9091,276.9439,0.134406,106.7068,25.40394,354.5171,1.678587,159.7938,-604.4091,-786.6487,361.9175,971.8986,1441.571,1820.113,2563.636,-1302.288,389.7545,4008.893,259.96,-164.16,865.7723,1438.636,16.12866,-2606.753,-1889.628,4056.712,201.4305,1950.543
20,333.3333,00:00:00:333,0,0,0,2.512528,-0.978382,1.854603,5.804185,-2.02871,5.935915,6.533674,-3.972106,9.142634,8.100542,-4.97596,11.76354,2.145132,0.012838,2.288352,3.605461,0.004286,9.291883,3.922357,-0.467006,14.2186,4.088178,-0.81727,16.96954,4.159302,-1.63624,19.26541,0.59655,0.110736,2.296674,1.028007,0.217537,10.26065,0.839206,-0.507456,15.07846,0.730252,-0.927072,17.85809,0.636438,-2.088799,19.82568,-0.74827,0.001735,2.303988,-1.215744,0.014135,9.699835,-1.508335,-1.203487,14.02477,-1.689727,-1.973271,16.72465,-1.66494,-3.501378,18.39674,-1.943712,-0.121182,2.310502,-3.211245,-0.218814,8.967371,-3.836536,-1.970687,11.7893,-4.107836,-3.04307,13.17113,-4.215077,-4.596519,14.28687,0,0,0,-25.21382,32.47784,-58.94399,5.67327,32.47784,-58.94401,-14.86135,32.47786,-58.94399,-14.86135,32.47786,-58.94399,0.068498,11.77817,0,4.943293,4.341741,-7.278506,6.747971,4.341741,-7.27851,19.23447,4.341737,-7.278506,19.23447,4.341737,-7.278506,-0.767195,3.101027,0,8.59299,-2.077591,-1.10577,8.619854,-2.077592,-1.10577,30.5768,-2.077591,-1.10577,30.5768,-2.077591,-1.10577,-0.095875,-3.616721,0,15.05535,-5.908803,7.430925,15.24714,-5.908804,7.430925,42.09181,-5.908803,7.430926,42.09181,-5.908803,7.430926,0.825436,-10.78063,0,28.81033,-17.6594,9.236954,34.98708,-17.6594,9.236954,52.32016,-17.65939,9.236957,52.32016,-17.65939,9.236957,0,0,0,0,0,0,-6.369732,-7.209118,3.495969,-5.031779,-4.90386,4.610359,-9.252369,-8.145019,5.988299,0,0,0,0,0,0,-3.516465,-21.87978,-1.034438,-5.087882,-30.28257,-1.786262,-7.580838,-42.79053,-5.529731,0,0,0,0,0,0,1.341322,-31.42717,-2.950251,2.116307,-49.56369,-4.660964,3.405746,-68.03999,-13.70895,0,0,0,0.000006,0,0,7.903508,-24.98076,-5.124897,12.89647,-40.86582,-8.42902,19.3567,-54.38138,-19.18191,0,0,0,0,0,0,7.801025,-17.39598,-7.817119,15.2585,-35.80844,-17.67611,24.778,-49.96783,-32.63068,0,0,0,0,0,0,-45.21804,158.0022,44.80363,72.37672,222.862,57.30539,117.9984,352.3564,59.3546,0,0,0,0,0,0,-101.7804,-409.1217,-74.1577,-107.2803,-291.3667,-97.96498,-120.8107,-414.2754,-191.912,0,0,0,0,0,0,117.2011,-563.815,-170.685,184.8543,-888.5737,-269.3581,244.5967,-1159.83,-527.0433,0,0,0,0.000335,-0.000005,0,199.9372,-209.0042,-155.037,327.5775,-355.8796,-256.7249,447.4232,-405.1108,-442.5805,0,0,0,0.001341,-0.000084,0,0.869036,119.0858,-93.24426,203.2537,-374.671,-487.4002,343.2999,-431.3146,-818.8032,9.108524,11.35987,11.89699,12.57719,14.43195,43.88684,30.88708,-20.53463,4.37269,5.46429,1.80461,12.48649,-2.077825,8.557747,0.019782,21.95695,-5.945508,15.7238,0.191797,26.84467,-17.90694,31.83227,6.176761,17.33307,84.79539,-77.83195,-144.9696,133.2767,-6.954631,253.7315,-79.48605,135.2929,20.05061,371.4279,-0.491647,144.9608,33.84227,325.5934,6.19966,116.0679,-5.500144,329.2584,370.6057,-41.96674,-2527.442,-730.247,-1299.147,-78.13293,-217.4297,4750.022,-7211.169,5738.993,1080.331,6735.397,-130.214,2096.878,895.9899,2918.974,363.9153,561.6691,-1854.245,-1515.524,22135.62,-12105.63
21,350,00:00:00:350,0,0,0,2.512528,-0.978382,1.854603,5.758955,-2.064997,5.962555,6.522636,-3.979121,9.178906,8.055897,-5.003024,11.8119,2.145132,0.012838,2.288352,3.605461,0.004286,9.291883,3.965893,-0.827534,14.16766,4.147934,-1.426927,16.87422,4.219809,-2.490089,19.06769,0.59655,0.110736,2.296674,1.028007,0.217537,10.26065,0.963301,-1.047057,14.96907,0.925973,-1.77731,17.68561,0.907635,-3.216674,19.46261,-0.74827,0.001735,2.303988,-1.215744,0.014135,9.699835,-1.348496,-1.691419,13.86477,-1.429842,-2.764632,16.46409,-1.274904,-4.518574,17.88932,-1.943712,-0.121182,2.310502,-3.211245,-0.218814,8.967371,-3.652878,-2.294801,11.59769,-3.692982,-3.741743,12.61642,-3.597167,-5.484831,13.40512,0,0,0,-24.62927,32.3184,-59.1199,4.91052,32.31841,-59.11992,-14.23495,32.3184,-59.11991,-14.23495,32.3184,-59.11991,0.068498,11.77817,0,9.024925,5.452971,-7.464861,11.85376,5.452971,-7.464859,25.36911,5.452978,-7.464859,25.36911,5.452978,-7.464859,-0.767195,3.101027,0,15.02716,-0.884596,0.362248,15.03978,-0.884595,0.362248,39.00123,-0.884596,0.362248,39.00123,-0.884596,0.362248,-0.095875,-3.616722,0,21.61616,-5.740143,9.715256,21.78491,-5.740143,9.715256,50.77806,-5.740148,9.71526,50.77806,-5.740148,9.71526,0.825436,-10.78062,0,35.15504,-17.85054,11.5121,52.79653,-17.85054,11.51211,64.37105,-17.85054,11.51211,64.37105,-17.85054,11.51211,0,0,0,0,0,0,-2.713747,-2.177216,1.59844,-0.662282,-0.42095,2.176344,-2.678722,-1.623854,2.901882,0,0,0,0,0,0,2.612136,-21.63168,-3.056109,3.585353,-36.57943,-5.719274,3.630414,-51.23098,-11.86323,0,0,0,0,0,0,7.445689,-32.37604,-6.563723,11.74323,-51.01427,-10.34868,16.27182,-67.67253,-21.78419,0,0,0,0,0,0,9.590349,-29.27591,-9.599626,15.59312,-47.48166,-15.6337,23.40219,-61.03178,-30.4453,0,0,0,0,0.000001,0,11.0195,-19.4468,-11.49666,24.89128,-41.92033,-33.28246,37.07463,-53.29878,-52.90514,0,0,0,0,0,0,219.3591,301.9141,-113.8517,262.1698,268.9746,-146.0409,394.4188,391.2698,-185.1851,0,0,0,0,0,0,367.7161,14.88581,-121.3002,520.3941,-377.8118,-235.9807,672.6751,-506.4269,-380.01,0,0,0,0,0,0,366.262,-56.93203,-216.8083,577.6152,-87.03517,-341.2628,771.9645,22.04704,-484.5141,0,0,0,-0.000335,0,0,101.2105,-257.7092,-268.4837,161.7989,-396.9501,-432.2808,242.7299,-399.024,-675.8039,0,0,0,0,0.000084,0,193.1083,-123.049,-220.7726,577.9664,-366.7136,-936.3805,737.7979,-199.8568,-1216.468,8.583524,10.62177,11.14601,11.77134,14.81626,43.31857,29.53979,-19.14545,5.491942,9.681579,2.828816,13.51534,-0.884481,15.0338,0,23.96144,-5.767995,22.26923,0.169021,28.99312,-18.1085,38.28232,17.64148,11.57452,23.05876,-34.09676,-80.83785,83.3504,67.15513,253.0373,61.45237,61.7312,71.60064,388.563,-1.18694,120.2694,10.65073,392.7256,-1.366593,128.907,-12.09377,387.0032,687.8831,-345.5127,-3704.198,2624.111,3847.907,-2995.581,4446.585,-41.65191,8456.305,-4413.702,3093.002,1028.106,-41.7176,-1481.486,-1391.492,4027.93,-453.9752,770.3475,-395.6176,3464.69,19036.64,-18212.76
22,366.6667,00:00:00:367,0,0,0,2.512528,-0.978382,1.854603,5.619636,-2.178061,6.038136,6.411633,-4.029748,9.284055,7.891412,-5.071969,11.94036,2.145132,0.012838,2.288352,3.605461,0.004286,9.291883,3.900601,-1.317244,14.06279,4.055745,-2.119955,16.71787,4.078546,-3.45109,18.76099,0.59655,0.110736,2.296674,1.028007,0.217537,10.26065,1.216421,-1.615925,14.77458,1.325139,-2.673951,17.379,1.44005,-4.375,18.90315,-0.74827,0.001735,2.303988,-1.215744,0.014135,9.699835,-1.232566,-2.230724,13.60285,-1.24129,-3.639847,16.03784,-0.970103,-5.608387,17.12545,-1.943712,-0.121182,2.310502,-3.211244,-0.218814,8.967371,-3.46598,-2.612355,11.34001,-3.285616,-4.266738,11.94296,-3.005327,-6.109752,12.38377,0,0,0,-23.2103,31.65366,-60.36507,3.409934,31.65367,-60.36507,-13.876,31.65365,-60.36507,-13.876,31.65365,-60.36507,0.068498,11.77817,0,14.83758,5.623462,-7.709848,16.19086,5.623461,-7.709853,32.66129,5.623458,-7.709854,32.66129,5.623458,-7.709854,-0.767195,3.101027,0,22.17568,1.286656,2.714133,22.17878,1.286657,2.714133,48.19127,1.286656,2.714133,48.19127,1.286656,2.714133,-0.095875,-3.616722,0,29.18443,-6.840158,11.60814,29.34087,-6.840159,11.60814,61.08186,-6.840163,11.60814,61.08186,-6.840163,11.60814,0.825436,-10.78062,0,42.2461,-18.50317,13.18609,68.94833,-18.50317,13.1861,75.95662,-18.50318,13.18609,75.95662,-18.50318,13.18609,0,0,0,0,0,0,-8.359171,-6.78381,4.534855,-6.660149,-3.037624,6.308868,-9.869098,-4.136681,7.707506,0,0,0,0,0,0,-3.9175,-29.3826,-6.292641,-5.531341,-41.58164,-9.381293,-8.475824,-57.66003,-18.40201,0,0,0,0,0,0,15.1872,-34.13208,-11.66958,23.94998,-53.79844,-18.39673,31.94491,-69.49957,-33.56749,0,0,0,0,0,0,6.955806,-32.3583,-15.71506,11.3131,-52.51291,-25.57504,18.28806,-65.38879,-45.83179,0,0,0,0.000022,0,0.000045,11.21391,-19.05327,-15.46083,24.44192,-31.4997,-40.4077,35.51039,-37.49522,-61.28101,0,0,0,0,0,0,-338.7254,-276.3956,176.1849,-359.8719,-157.0004,247.9514,-431.4225,-150.7696,288.3374,0,0,0,0,0,0,-391.7781,-465.0551,-194.1919,-547.0016,-300.1326,-219.7212,-726.3743,-385.7424,-392.3266,0,0,0,0,0,0,464.4908,-105.3625,-306.3511,732.4051,-167.0498,-482.8834,940.3849,-109.6219,-706.998,0,0,0,0,0.000021,0,-158.0726,-184.9433,-366.9261,-256.801,-301.8755,-596.4804,-306.8481,-261.4202,-923.1895,0,0,0,0.001341,-0.000084,0.002682,11.66493,23.61148,-237.8502,-26.96157,625.2375,-427.5146,-93.8546,948.2132,-502.5519,7.980362,9.517684,10.28102,10.95502,16.00087,41.60124,26.62022,-17.28592,5.659047,15.4826,1.353207,16.47043,1.288464,22.10597,0,26.01247,-6.845702,29.90577,0.155766,31.74098,-18.69899,45.25125,26.70222,7.008295,71.07656,-103.0396,-175.1741,111.5721,10.02625,348.0613,-88.53653,177.3053,130.3767,424.3304,0,123.062,-64.66238,458.1924,-0.795245,164.8714,-35.42931,418.1357,543.6447,-273.9737,2881.068,-4136.572,-5660.177,1693.302,-3427.732,5701.441,-8999.333,6934.446,3526.561,2146.042,71.21642,167.5552,-4518.786,3928.004,34.28083,2157.858,-1400.132,1867.95,-8654.3,4292.344
23,383.3333,00:00:00:383,0,0,0,2.512528,-0.978382,1.854603,5.500222,-2.254545,6.102001,6.333216,-4.054768,9.366555,7.766275,-5.110662,12.043,2.145132,0.012838,2.288352,3.605461,0.004286,9.291883,3.896814,-1.715328,13.93442,4.021849,-2.882972,16.45213,3.998954,-4.522496,18.25717,0.59655,0.110736,2.296674,1.028007,0.217537,10.26065,1.401796,-2.141342,14.51136,1.625454,-3.646441,16.87757,1.834277,-5.606928,18.03632,-0.74827,0.001735,2.303988,-1.215289,0.009078,9.69987,-1.069478,-2.826806,13.19411,-0.977881,-4.60016,15.37624,-0.57779,-6.742111,15.99557,-1.943712,-0.121182,2.310502,-3.209811,-0.232096,8.967436,-3.300961,-2.808794,11.15277,-2.977052,-4.516231,11.48863,-2.561665,-6.377044,11.67412,0,0,0,-21.77142,31.20814,-60.75457,2.290773,31.20812,-60.75456,-13.2099,31.20812,-60.75456,-13.2099,31.20812,-60.75456,0.068498,11.77817,0,19.58602,6.480772,-7.983813,24.2034,6.480771,-7.983812,41.84436,6.480776,-7.983813,41.84436,6.480776,-7.983813,-0.767195,3.101027,0,29.23666,2.448215,4.640069,32.66226,2.448214,4.640069,59.52523,2.448215,4.640071,59.52523,2.448215,4.640071,-0.065273,-3.61305,0.134854,38.40708,-7.966891,12.85993,38.4458,-7.966887,12.85993,73.97478,-7.966895,12.85994,73.97478,-7.966895,12.85994,0.889378,-10.77267,0.258766,47.01467,-18.50016,14.44918,78.45799,-18.50016,14.44919,84.13953,-18.50016,14.44919,84.13953,-18.50016,14.44919,0,0,0,0,0,0,-7.16485,-4.589047,3.831871,-4.705086,-1.501143,4.950061,-7.508217,-2.321608,6.158262,0,0,0,0,0,0,-0.22725,-23.88504,-7.70223,-2.033785,-45.78105,-15.94457,-4.775494,-64.28439,-30.22885,0,0,0,0,0,0,11.12253,-31.52502,-15.79267,18.01888,-58.34943,-30.08598,23.65359,-73.91564,-52.01,0,0,0,0.027314,-0.303429,0.002101,9.785245,-35.76495,-24.52442,15.80456,-57.61874,-39.69588,23.53877,-68.02341,-67.7931,0,0,0,0.085965,-0.796907,0.003844,9.901083,-11.78634,-11.23475,18.51385,-14.96959,-27.2601,26.61969,-16.03755,-42.57908,0,0,0,0,0,0,71.65923,131.6857,-42.17907,117.3037,92.18885,-81.52844,141.6528,108.9044,-92.95461,0,0,0,0,0,0,221.415,329.8537,-84.57536,209.8533,-251.9642,-393.7965,222.0198,-397.4619,-709.6105,0,0,0,0,0,0,-243.8805,156.4237,-247.3855,-355.8657,-273.0596,-701.3546,-497.4793,-264.9647,-1106.551,0,0,0,1.63883,-18.20573,0.126064,169.7663,-204.3992,-528.5615,269.4872,-306.3497,-847.2505,315.0429,-158.0772,-1317.678,0,0,0,5.156546,-47.8144,0.227988,-78.76977,436.0158,253.5653,-355.6843,991.8071,788.8562,-533.4417,1287.46,1122.115,7.290724,8.447176,9.375919,10.41183,16.72328,40.12322,24.06217,-15.50067,6.520441,20.32482,4.617322,17.64093,2.457104,29.02753,3.425598,26.86296,-7.914057,39.06233,0.034264,35.52895,-18.59025,49.6983,31.44329,5.681548,43.34438,-88.68095,-153.4828,107.115,51.68366,290.5333,195.8469,70.22999,70.11841,415.2934,205.5359,51.02943,-64.1013,549.3937,-7.290141,227.278,6.524734,266.8227,284.4638,-79.60484,-1663.931,861.5203,1301.482,-267.4278,2499.444,-3451.681,17063,-6424.519,-3615.495,-542.2229,12332.15,-4321.952,33.6644,5472.083,-389.6937,3744.401,2517.242,-9078.784,-15550.85,11662.13
24,400,00:00:00:400,0,0,0,2.512528,-0.978382,1.854603,5.27877,-2.382274,6.210322,6.179941,-4.081904,9.510495,7.541519,-5.146733,12.22051,2.145132,0.012838,2.288352,3.605461,0.004286,9.291883,3.915014,-2.127303,13.75905,4.004013,-3.688185,16.05548,3.925345,-5.611858,17.55217,0.59655,0.110736,2.296674,1.028007,0.217537,10.26065,1.528746,-2.633077,14.18441,1.84276,-4.560194,16.20971,2.133072,-6.709558,16.93482,-0.74827,0.001735,2.303988,-1.214552,0.001169,9.69992,-0.946427,-3.259885,12.79296,-0.709587,-5.461069,14.52892,-0.211338,-7.668682,14.62785,-1.943712,-0.121182,2.310502,-3.207468,-0.252862,8.967503,-3.186462,-2.923726,11.03859,-2.797305,-4.636995,11.25383,-2.309991,-6.48925,11.2892,0,0,0,-19.46775,30.23904,-61.97337,0.047055,30.23903,-61.97337,-12.60689,30.23905,-61.97337,-12.60689,30.23905,-61.97337,0.068498,11.77817,0,24.56349,7.95098,-8.575044,33.4215,7.950976,-8.575045,51.70543,7.950981,-8.575047,51.70543,7.950981,-8.575047,-0.767195,3.101027,0,36.35501,2.220648,6.949522,43.90721,2.220646,6.94952,71.49973,2.220648,6.949523,71.49973,2.220648,6.949523,-0.017385,-3.607445,0.345818,45.96386,-8.79031,13.10562,51.36326,-8.790309,13.10562,87.46722,-8.790312,13.10562,87.46722,-8.790312,13.10562,0.989495,-10.76101,0.663573,49.87321,-18.04681,15.08484,82.65221,-18.0468,15.08484,88.88721,-18.04681,15.08483,88.88721,-18.04681,15.08483,0,0,0,0,0,0,-13.28708,-7.663719,6.499305,-9.196489,-1.628213,8.636399,-13.48534,-2.164252,10.65056,0,0,0,0,0,0,1.092017,-24.71851,-10.52195,-1.070134,-48.31279,-23.7987,-4.416525,-65.36172,-42.30049,0,0,0,0,0,0,7.617003,-29.50412,-19.6175,13.03836,-54.82511,-40.07113,17.92774,-66.15784,-66.08998,0,0,0,0.044189,-0.474541,0.002995,7.383104,-25.98474,-24.06943,16.09764,-51.65456,-50.83949,21.98711,-55.59423,-82.06326,0,0,0,0.140592,-1.24597,0.004023,6.869964,-6.895892,-6.850675,10.78483,-7.245831,-14.08803,15.10047,-6.732345,-23.09507,0,0,0,0,0,0,-367.3339,-184.4803,160.0461,-269.4842,-7.624184,221.1803,-358.6275,9.441375,269.5378,0,0,0,0,0,0,79.156,-50.00845,-169.183,57.81903,-151.9049,-471.248,21.53814,-64.6398,-724.2983,0,0,0,0,0,0,-210.3314,121.2541,-229.4898,-298.8312,211.4593,-599.1089,-343.5507,465.468,-844.7988,0,0,0,1.012534,-10.26672,0.053644,-144.1285,586.8129,27.29952,17.58528,357.851,-668.6158,-93.09982,745.7503,-856.2094,0,0,0,3.277659,-26.94379,0.010729,-181.8671,293.4269,263.0442,-463.7411,463.4253,790.3236,-691.1535,558.3124,1169.041,6.459075,7.34292,8.500725,9.986087,17.86465,37.41894,19.5148,-12.65393,8.002853,25.50897,8.858006,18.28391,2.247422,35.99847,7.552189,27.59249,-8.688353,46.51468,5.399387,36.10395,-18.04349,52.2087,32.779,6.234953,68.4827,-162.2571,-272.8423,170.804,88.94473,311.0489,254.4411,38.57895,-12.58095,418.2563,247.5954,43.77216,-46.45774,447.141,321.9074,34.50005,32.8054,150.6241,80.1424,33.20435,1508.299,-4414.567,-7161.574,3821.343,2235.664,1230.936,3515.65,-1899.063,-4961.961,177.7734,2523.571,-435.4362,1058.613,-6135.163,19751.85,-11566.68,1576.84,-6971.911,-12259.29,6768.551
25,416.6667,00:00:00:417,0,0,0,2.512528,-0.978382,1.854603,5.048965,-2.473597,6.318471,6.029615,-4.058772,9.652768,7.291652,-5.135815,12.4058,2.145132,0.012838,2.288352,3.605461,0.004286,9.291883,3.930717,-2.586088,13.50843,3.968661,-4.507444,15.51463,3.805244,-6.667876,16.63382,0.59655,0.110736,2.296674,1.028007,0.217537,10.26065,1.609207,-3.089581,13.79587,1.985761,-5.359629,15.41431,2.321612,-7.603213,15.70302,-0.74827,0.001735,2.303988,-1.213435,-0.010267,9.699981,-0.848097,-3.584177,12.41419,-0.456065,-6.127938,13.55017,0.103926,-8.284383,13.14059,-1.943712,-0.121182,2.310502,-3.203858,-0.282875,8.967525,-3.067603,-3.024747,10.93905,-2.616009,-4.732966,11.04447,-2.058825,-6.562307,10.93208,0,0,0,-17.13479,29.12768,-62.86867,-2.248233,29.12767,-62.86868,-11.33939,29.12767,-62.86869,-11.33939,29.12767,-62.86869,0.068498,11.77817,0,30.26546,10.13496,-9.623871,42.81155,10.13496,-9.623869,62.21057,10.13496,-9.623868,62.21057,10.13496,-9.623868,-0.767195,3.101027,0,43.50296,1.570177,8.313724,54.8645,1.570173,8.313724,82.74433,1.570178,8.31372,82.74433,1.570178,8.31372,0.051923,-3.599651,0.650991,52.36407,-9.185091,12.85376,65.85624,-9.185093,12.85375,100.5536,-9.18509,12.85375,100.5536,-9.18509,12.85375,1.134489,-10.74581,1.249147,52.30785,-17.43812,15.88201,86.42102,-17.43811,15.88202,93.52572,-17.43812,15.88202,93.52572,-17.43812,15.88202,0,0,0,0,0,0,-13.78834,-5.479395,6.488912,-9.019553,1.387931,8.536353,-14.99203,0.65513,11.11735,0,0,0,0,0,0,0.942148,-27.52714,-15.03736,-2.121135,-49.1555,-32.45124,-7.206067,-63.36106,-55.10089,0,0,0,0,0,0,4.82763,-27.39025,-23.31233,8.580084,-47.96612,-47.72436,11.31237,-53.61928,-73.90773,0,0,0,0.067066,-0.686146,0.003666,5.899753,-19.45748,-22.72586,15.2113,-40.01216,-58.7249,18.9158,-36.94206,-89.23557,0,0,0,0.216633,-1.800739,0.001386,7.131569,-6.061289,-5.972117,10.87773,-5.7583,-12.5615,15.06998,-4.383444,-21.42723,0,0,0,0,0,0,-30.07561,131.0594,-0.623614,10.61618,180.9686,-6.002783,-90.40108,169.1629,28.00763,0,0,0,0,0,0,-8.992105,-168.5178,-270.9245,-63.06007,-50.56232,-519.1522,-167.3725,120.0396,-768.0239,0,0,0,0,0,0,-167.3624,126.8322,-221.6899,-267.4967,411.5394,-459.1941,-396.922,752.3138,-469.0647,0,0,0,1.37262,-12.69629,0.040233,-89.00103,391.6354,80.61378,-53.18052,698.5438,-473.1252,-184.2784,1119.13,-430.339,0,0,0,4.562438,-33.28613,-0.15825,15.69629,50.07619,52.71347,5.5743,89.25182,91.59206,-1.829266,140.934,100.0705,5.690205,6.454539,7.881423,9.572782,18.51876,34.60589,14.88656,-9.09118,10.20897,31.56389,12.5461,19.39901,1.613254,43.09068,11.36151,27.87984,-9.051259,52.78509,13.49213,34.69738,-17.32843,54.28223,34.11319,7.104648,39.24625,-168.7827,-277.6945,213.7652,132.3669,363.2952,221.2856,66.90571,-38.05002,425.5325,228.5595,17.24087,-21.77439,376.2245,485.5645,-84.39422,42.90378,124.4117,80.05187,52.18165,-1754.187,-391.539,-291.1322,2577.671,2605.333,3134.776,-1989.328,1699.606,-1528.144,436.5747,-1142.155,-1591.877,1481.001,-4254.992,9819.43,-7133.655,605.9026,-1572.747,-5.431365,1138.638
26,433.3333,00:00:00:433,0,0,0,2.512528,-0.978382,1.854603,4.745091,-2.571794,6.445028,5.826173,-4.018983,9.810871,6.965275,-5.104337,12.61379,2.145132,0.012838,2.288352,3.605461,0.004286,9.291883,3.997084,-3.028776,13.19601,3.966291,-5.321087,14.76517,3.714453,-7.653818,15.42978,0.59655,0.110736,2.296674,1.028007,0.217537,10.26065,1.706203,-3.561161,13.26632,2.147793,-6.114568,14.36148,2.514902,-8.360197,14.13298,-0.74827,0.001735,2.303988,-1.211641,-0.027424,9.700046,-0.815495,-3.833015,12.07361,-0.329134,-6.550652,12.61468,0.252306,-8.570081,11.76885,-1.943712,-0.121182,2.310502,-3.197951,-0.327869,8.967396,-2.949118,-3.124859,10.84843,-2.41469,-4.812076,10.82114,-1.76596,-6.591682,10.53526,0,0,0,-13.86169,27.84905,-63.36093,-4.766949,27.84905,-63.36095,-9.518595,27.84905,-63.36093,-9.518595,27.84905,-63.36093,0.068498,11.77817,0,36.06879,13.11491,-9.945669,54.55261,13.11491,-9.945664,73.74944,13.11491,-9.945673,73.74944,13.11491,-9.945673,-0.767195,3.101027,0,51.9351,1.008123,9.385669,67.08614,1.008123,9.385668,95.73521,1.008123,9.385673,95.73521,1.008123,9.385673,0.156052,-3.588642,1.109169,57.66058,-9.782674,12.08295,78.74585,-9.782677,12.08295,112.2652,-9.782681,12.08295,112.2652,-9.782681,12.08295,1.352511,-10.72673,2.128291,54.29336,-17.52588,17.2967,90.92626,-17.52588,17.29672,99.00401,-17.5259,17.29671,99.00401,-17.5259,17.29671,0,0,0,0,0,0,-18.2324,-5.891807,7.593422,-12.20651,2.387345,9.486168,-19.58263,1.888633,12.47978,0,0,0,0,0,0,3.982052,-26.56128,-18.74488,-0.142202,-48.81861,-44.96759,-5.447454,-59.15647,-72.24216,0,0,0,0,0,0,5.819756,-28.29477,-31.77255,9.721923,-45.29634,-63.16968,11.59742,-45.41905,-94.20239,0,0,0,0.107629,-1.029437,0.003889,1.95614,-14.93029,-20.43517,7.615836,-25.36281,-56.12952,8.902849,-17.14191,-82.30429,0,0,0,0.354409,-2.699657,-0.007778,7.109061,-6.006695,-5.437508,12.07918,-4.746593,-13.39951,17.57187,-1.76248,-23.80907,0,0,0,0,0,0,-266.6437,-24.74472,66.27063,-191.2173,59.9648,56.9889,-275.436,74.01018,81.74568,0,0,0,0,0,0,182.3942,57.9518,-222.4517,118.736,20.21313,-750.981,105.5167,252.2753,-1028.477,0,0,0,0,0,0,59.5276,-54.2711,-507.6133,68.51031,160.1869,-926.7191,17.1031,492.0136,-1217.68,0,0,0,2.43377,-20.59747,0.013411,-236.6167,271.6313,137.4417,-455.7281,878.9611,155.7233,-600.7772,1188.009,415.8765,0,0,0,8.266566,-53.93511,-0.549853,-1.350492,3.275648,32.07653,72.08704,60.70241,-50.28069,150.1131,157.2579,-142.9108,4.99975,5.719649,7.601924,9.097635,19.14272,30.93608,9.094746,-4.751637,13.22312,37.8431,18.48383,19.19682,1.065511,51.50034,15.151,28.64905,-9.650011,58.04804,21.08525,33.51931,-17.28778,56.07837,36.6329,8.077714,37.43785,-220.189,-347.5086,260.3726,180.8493,376.7523,356.2635,-12.13142,-32.86462,504.5796,227.3693,46.15253,-35.92512,315.777,455.5873,-70.68398,2.43885,107.7688,151.1824,58.38398,-108.5037,-3084.378,-4188.845,2796.442,2908.942,807.4255,8098.678,-4742.228,311.1241,4742.825,-71.41113,1734.7,-849.0441,-3626.847,-1798.634,822.6146,-2427.896,-998.5748,4267.831,372.1394
27,450,00:00:00:450,0,0,0,2.512528,-0.978382,1.854603,4.482241,-2.64918,6.536906,5.644719,-3.98302,9.922391,6.683033,-5.071858,12.76286,2.145132,0.012838,2.288352,3.605461,0.004286,9.291883,4.085428,-3.464415,12.80369,3.944158,-6.055228,13.79647,3.581885,-8.460911,13.96446,0.59655,0.110736,2.296674,1.028007,0.217537,10.26065,1.733203,-3.927793,12.72875,2.18837,-6.640937,13.31691,2.542539,-8.794667,12.63439,-0.74827,0.001735,2.303988,-1.20939,-0.047268,9.700082,-0.763718,-4.044671,11.72379,-0.20582,-6.801847,11.68396,0.370971,-8.615461,10.45526,-1.943712,-0.121182,2.310502,-3.190384,-0.379852,8.967,-2.835408,-3.235975,10.73898,-2.221415,-4.885876,10.55485,-1.491012,-6.592828,10.08326,0,0,0,-11.33992,26.7413,-64.32819,-7.065841,26.74131,-64.3282,-8.302015,26.74131,-64.32819,-8.302015,26.74131,-64.32819,0.068498,11.77817,0,42.29135,16.81074,-9.759263,68.08011,16.81074,-9.75926,85.87318,16.81073,-9.759263,85.87318,16.81073,-9.759263,-0.767195,3.101027,0,59.58815,0.351504,9.448318,77.93201,0.351504,9.448316,107.3649,0.351503,9.448319,107.3649,0.351503,9.448319,0.276706,-3.576936,1.639623,62.87159,-9.709326,11.30021,90.82291,-9.709328,11.30021,123.3865,-9.709324,11.30021,123.3865,-9.709324,11.30021,1.605334,-10.71023,3.146086,56.58871,-17.80281,18.48752,96.27245,-17.80281,18.48749,104.985,-17.80281,18.48752,104.985,-17.80281,18.48752,0,0,0,0,0,0,-15.77105,-4.643183,5.512699,-10.88722,2.157792,6.691217,-16.93453,1.948759,8.944004,0,0,0,0,0,0,5.300648,-26.13828,-23.53906,-1.327984,-44.04844,-58.12177,-7.954068,-48.42558,-87.91905,0,0,0,0,0,0,1.620032,-21.99796,-32.25446,2.434618,-31.58216,-62.67419,1.65822,-26.06821,-89.9156,0,0,0,0.135032,-1.190651,0.002146,3.106618,-12.69934,-20.989,7.398828,-15.07169,-55.84274,7.119851,-2.7228,-78.81537,0,0,0,0.454031,-3.118986,-0.023738,6.822623,-6.666977,-6.567031,11.59649,-4.427969,-15.9776,16.49686,-0.068754,-27.12017,0,0,0,0,0,0,147.6811,74.91745,-124.8434,79.15735,-13.77314,-167.697,158.886,3.607571,-212.1466,0,0,0,0,0,0,79.11577,25.37978,-287.6508,-71.14693,286.2105,-789.2505,-150.3968,643.8533,-940.6131,0,0,0,0,0,0,-251.9835,377.8085,-28.91421,-437.2382,822.8507,29.7296,-596.3522,1161.05,257.2077,0,0,0,1.644193,-9.67285,-0.104606,69.02866,133.8569,-33.22989,-13.02047,617.4673,17.20655,-106.9799,865.1464,209.3357,0,0,0,5.977301,-25.15971,-0.957549,-17.18625,-39.61692,-67.77139,-28.96182,19.11744,-154.6856,-64.50006,101.6235,-198.6659,4.748332,5.569516,7.597649,8.735481,19.63804,27.81511,4.274114,-1.236222,16.96336,44.64614,25.78874,17.79309,0.405418,59.23072,18.34384,29.43287,-9.578197,63.14891,27.95131,32.56363,-17.42302,58.18399,39.68373,8.712532,29.71927,-187.2578,-289.2379,210.9248,224.4141,408.1828,438.295,-84.22359,-39.60555,463.8233,191.5702,47.02915,4.308815,306.0521,411.9633,-57.34108,-8.114548,126.3368,183.0496,38.08908,-463.1148,1975.871,3496.243,-2966.865,2613.887,1885.831,4921.884,-4325.53,-404.4557,-2445.377,-2147.947,52.59704,2414.036,-583.4985,-2617.443,800.5739,-633.2039,1114.082,1912.033,-1217.694
28,466.6667,00:00:00:467,0,0,0,2.512528,-0.978382,1.854603,4.266474,-2.715402,6.598202,5.433682,-4.002828,9.999989,6.324524,-5.134258,12.87369,2.145132,0.012838,2.288352,3.605461,0.004286,9.291883,4.14225,-3.796351,12.43228,3.894036,-6.524065,12.89687,3.448898,-8.909877,12.65914,0.59655,0.110736,2.296674,1.028007,0.217537,10.26065,1.726418,-4.202335,12.19702,2.152755,-6.978745,12.3521,2.446469,-8.980917,11.28681,-0.74827,0.001735,2.303988,-1.208025,-0.058561,9.700083,-0.680565,-4.177103,11.44153,-0.064646,-6.888062,11.01003,0.510668,-8.502293,9.528516,-1.943712,-0.121182,2.310502,-3.185724,-0.409404,8.966658,-2.788232,-3.328164,10.62382,-2.12421,-4.927362,10.2568,-1.347118,-6.543341,9.582772,0,0,0,-9.319054,25.98092,-65.25771,-7.84233,25.98092,-65.25769,-5.991512,25.98092,-65.2577,-5.991512,25.98092,-65.2577,0.068498,11.77817,0,47.86307,19.29281,-8.603512,79.79419,19.29281,-8.603502,95.9287,19.29281,-8.603503,95.9287,19.29281,-8.603503,-0.767195,3.101027,0,66.5985,0.660726,8.693491,86.8397,0.660727,8.693486,117.766,0.660729,8.693489,117.766,0.660729,8.693489,0.345475,-3.570767,1.941767,66.91329,-9.481384,11.31467,98.94601,-9.481382,11.31466,131.5335,-9.481385,11.31466,131.5335,-9.481385,11.31466,1.749496,-10.70352,3.725799,58.89529,-18.35976,18.51558,102.6193,-18.35976,18.51559,111.7607,-18.35976,18.51559,111.7607,-18.35976,18.51559,0,0,0,0,0,0,-12.94602,-3.973335,3.677755,-12.66222,-1.188442,4.655823,-21.51051,-3.744006,6.65018,0,0,0,0,0,0,3.409311,-19.9162,-22.28495,-3.007293,-28.13022,-53.9757,-7.979236,-26.93796,-78.31969,0,0,0,0,0,0,-0.407092,-16.47252,-31.9038,-2.136938,-20.26842,-57.88832,-5.764201,-11.17498,-80.85506,0,0,0,0.081908,-0.677595,0.000089,4.989208,-7.945932,-16.93538,8.470463,-5.172908,-40.43636,8.38183,6.790102,-55.60461,0,0,0,0.279553,-1.773139,-0.020564,2.830535,-5.531341,-6.90937,5.832284,-2.489179,-17.88291,8.633683,2.969205,-30.02907,0,0,0,0,0,0,169.5021,40.19089,-110.0966,-106.4998,-200.774,-122.1237,-274.559,-341.5659,-137.6295,0,0,0,0,0,0,-113.4802,373.3246,75.24669,-100.7585,955.0929,248.7638,-1.510084,1289.257,575.9614,0,0,0,0,0,0,-121.6274,331.5264,21.03925,-274.2934,678.824,287.1519,-445.3452,893.594,543.6326,0,0,0,-3.18747,30.78336,-0.123382,112.9554,285.2047,243.2173,64.29809,593.9268,924.3831,75.71876,570.774,1392.645,0,0,0,-10.46866,80.75083,0.190437,-239.5253,68.13819,-20.54036,-345.8521,116.3274,-114.3184,-471.7908,182.2775,-174.5338,4.750848,5.688086,7.505652,8.4658,20.1118,25.29186,1.47671,1.850761,19.45479,50.4337,31.93111,16.1345,0.691821,66.34153,20.24121,30.92629,-9.332604,67.07981,32.03273,32.58747,-17.92983,60.41369,43.72398,9.141489,28.42506,-151.395,-167.8442,185.219,149.4858,347.2535,368.5418,-99.5153,17.18415,426.6483,113.8419,89.6054,14.73558,235.854,244.8854,1.43074,-30.40855,133.7823,242.4149,25.73742,-77.65273,2151.768,7283.623,-1542.352,-4495.698,-3655.755,-4185.187,-917.5026,3407.382,-2230.499,-4663.696,2554.575,625.6061,-4211.882,-10024.67,3526.309,-1337.64,446.732,3561.918,-741.0998
29,483.3333,00:00:00:483,0,0,0,2.512528,-0.978382,1.854603,4.09912,-2.744646,6.646089,5.235533,-4.004831,10.06844,5.994338,-5.162084,12.96963,2.145132,0.012838,2.288352,3.605461,0.004286,9.291883,4.130891,-4.008,12.15903,3.749675,-6.758832,12.23307,3.193247,-9.070895,11.69315,0.59655,0.110736,2.296674,1.028007,0.217537,10.26065,1.698413,-4.334044,11.87504,2.08598,-7.112683,11.66717,2.319466,-8.944635,10.31837,-0.74827,0.001735,2.303988,-1.20845,-0.055097,9.700084,-0.665524,-4.245038,11.25664,-0.054865,-6.914358,10.61113,0.48813,-8.376418,8.968227,-1.943712,-0.121182,2.310502,-3.187181,-0.400342,8.966771,-2.831724,-3.324762,10.62351,-2.161295,-4.893403,10.15133,-1.383825,-6.463562,9.376914,0,0,0,-8.067022,25.17863,-66.49266,-8.118471,25.17863,-66.49266,-4.179112,25.17864,-66.49268,-4.179112,25.17864,-66.49268,0.068498,11.77817,0,51.67996,21.18963,-8.482112,88.36206,21.18963,-8.482115,103.7369,21.18964,-8.482114,103.7369,21.18964,-8.482114,-0.767195,3.101027,0,70.66072,1.031625,8.016871,94.23805,1.031623,8.016868,126.1496,1.031624,8.01687,126.1496,1.031624,8.01687,0.324372,-3.572621,1.849063,69.51024,-9.02849,10.73915,103.4341,-9.028493,10.73916,137.2518,-9.028485,10.73915,137.2518,-9.028485,10.73915,1.705255,-10.70537,3.547932,58.86501,-18.55451,17.81084,106.3429,-18.55451,17.81084,115.2412,-18.55451,17.81083,115.2412,-18.55451,17.81083,0,0,0,0,0,0,-10.04121,-1.754645,2.873182,-11.88898,-0.12023,4.107222,-19.81117,-1.669541,5.75602,0,0,0,0,0,0,-0.681549,-12.69894,-16.39473,-8.661701,-14.08598,-39.82808,-15.33908,-9.661138,-57.95922,0,0,0,0,0,0,-1.680303,-7.902502,-19.31892,-4.006482,-8.036345,-41.09573,-7.620189,2.176925,-58.10594,0,0,0,-0.02552,0.207853,0.000045,0.902424,-4.076086,-11.09353,0.586867,-1.577765,-23.93371,-1.352252,7.552474,-33.61733,0,0,0,-0.087395,0.543748,0.00684,-2.609532,0.204116,-0.018865,-2.225082,2.03754,-6.328359,-2.202418,4.786759,-12.35148,0,0,0,0,0,0,174.2886,133.1214,-48.27438,46.39421,64.09272,-32.91607,101.9601,124.4679,-53.64956,0,0,0,0,0,0,-245.4516,433.0359,353.4132,-339.2645,842.6547,848.8576,-441.5908,1036.609,1221.628,0,0,0,0,0,0,-76.39266,514.2009,755.0927,-112.1727,733.9247,1007.555,-111.3593,801.114,1364.947,0,0,0,-6.445683,53.12687,-0.002682,-245.207,232.1908,350.511,-473.0157,215.7086,990.1588,-584.0449,45.74234,1319.237,0,0,0,-22.01691,139.0132,1.644194,-326.404,344.1274,413.4303,-483.442,271.6031,693.2731,-650.166,109.0532,1060.655,4.975372,5.902672,7.527382,8.308955,20.23517,23.32113,-0.048457,3.93935,21.35958,54.45069,36.68206,15.3748,1.047919,70.47106,23.57731,31.91154,-8.893112,69.62003,33.92383,33.8178,-18.1902,60.46771,47.47792,8.898235,7.40261,-118.2441,-91.51,125.3154,114.2876,241.0192,285.0574,-45.58221,21.36588,247.7719,200.1663,59.11445,26.36953,152.4133,113.4661,73.81988,-15.62244,3.241195,225.2364,-14.59522,-1261.347,1989.054,4580.051,-3594.216,-2111.895,-6374.061,-5009.064,3235.985,250.9039,-10732.58,5179.462,-1829.457,698.0369,-5006.442,-7885.155,4343.348,887.1665,-7832.469,-1030.71,-2419.958
30,500,00:00:00:500,0,0,0,2.512528,-0.978382,1.854603,4.032229,-2.754097,6.664243,5.120881,-4.02108,10.09959,5.774961,-5.209331,13.01372,2.145132,0.012838,2.288352,3.605461,0.004286,9.291883,4.156204,-4.097651,12.02426,3.65977,-6.816268,11.74045,3.020845,-9.028736,10.93824,0.59655,0.110736,2.296674,1.028007,0.217537,10.26065,1.676154,-4.380313,11.74802,2.017276,-7.117495,11.19509,2.1857,-8.775992,9.629574,-0.74827,0.001735,2.303988,-1.207841,-0.060049,9.700082,-0.665055,-4.266451,11.21164,-0.021408,-6.867707,10.35488,0.53294,-8.19881,8.60775,-1.943712,-0.121182,2.310502,-3.185091,-0.413297,8.966606,-2.821876,-3.334367,10.62756,-2.128135,-4.872675,10.09334,-1.327671,-6.389598,9.240238,0,0,0,-7.641472,24.83998,-67.15449,-7.692872,24.83997,-67.15449,-2.521928,24.83998,-67.1545,-2.521928,24.83998,-67.1545,0.068498,11.77817,0,53.49448,22.16061,-7.951255,96.33299,22.1606,-7.95128,110.8057,22.16062,-7.95126,110.8057,22.16062,-7.95126,-0.767195,3.101027,0,72.22976,1.766169,7.458031,101.3405,1.766168,7.45803,133.2269,1.766169,7.458033,133.2269,1.766169,7.458033,0.354542,-3.569981,1.981593,70.09495,-9.584887,10.80301,107.9899,-9.584889,10.80301,141.4602,-9.584883,10.80301,141.4602,-9.584883,10.80301,1.768507,-10.70278,3.802211,58.74206,-18.72427,18.11428,108.5831,-18.72427,18.11428,118.049,-18.72427,18.11428,118.049,-18.72427,18.11428,0,0,0,0,0,0,-4.013456,-0.567019,1.08929,-6.879106,-0.974916,1.868739,-13.16261,-2.834849,2.645284,0,0,0,0,0,0,1.518756,-5.379014,-8.086547,-5.394279,-3.446192,-29.55736,-10.34411,2.529591,-45.29424,0,0,0,0,0,0,-1.335595,-2.776175,-7.621273,-4.122264,-0.288695,-28.32498,-8.02594,10.11854,-41.32792,0,0,0,0.036573,-0.297131,-0.000089,0.02818,-1.2848,-2.699911,2.007404,2.799064,-15.37509,2.688562,10.6565,-21.62862,0,0,0,0.125393,-0.777285,-0.009924,0.590902,-0.576295,0.243276,1.989573,1.243695,-3.479451,3.369201,4.437804,-8.200541,0,0,0,0,0,0,361.665,71.25758,-107.0336,300.5924,-51.28115,-134.3089,398.9141,-69.91847,-186.6442,0,0,0,0,0,0,132.0183,439.1956,498.4911,196.0453,638.3871,616.2429,299.6986,731.4437,759.8991,0,0,0,0,0,0,20.68252,307.5796,701.8589,-6.946921,464.8589,766.2452,-24.34507,476.497,1006.681,0,0,0,3.725588,-30.29905,-0.008047,-52.45461,167.4771,503.6169,85.2322,262.6097,513.517,242.4489,186.2419,719.3228,0,0,0,12.76731,-79.26195,-1.005828,192.026,-46.82466,15.72847,252.8793,-47.63066,170.9345,334.2971,-20.93732,249.0565,5.14593,6.087388,7.471834,8.128933,20.2641,22.53497,-0.048457,5.17093,22.33176,56.33171,42.83854,14.47271,1.771446,72.07404,29.1107,31.8865,-9.443856,70.23421,37.89489,33.47033,-18.34161,60.37695,49.84104,9.465872,1.73584,-47.16911,0,73.89478,58.33065,112.8612,369.3882,-54.12523,43.41166,96.17889,332.0031,-1.502151,-33.04464,36.85089,238.2632,-20.84839,-9.084549,-5.445556,141.7875,34.05819,-340.0062,4264.501,5490.6,-3085.235,-3357.415,-7689.481,5059.848,-512.5809,1322.747,-9095.58,7910.21,-3636.996,-3564.85,-6933.745,7487.827,-5680.096,392.2736,-521.2051,-5006.936,2919.205
31,516.6666,00:00:00:517,0,0,0,2.512528,-0.978382,1.854603,3.973102,-2.766642,6.677895,5.016682,-4.043979,10.12338,5.581293,-5.257796,13.04567,2.145132,0.012838,2.288352,3.605461,0.004286,9.291883,4.146351,-4.117635,11.99601,3.579247,-6.780028,11.44109,2.900459,-8.890647,10.42556,0.59655,0.110736,2.296674,1.028007,0.217537,10.26065,1.652494,-4.400589,11.69435,1.957453,-7.052518,10.80637,2.086182,-8.516103,9.053887,-0.74827,0.001735,2.303988,-1.207147,-0.065566,9.700077,-0.677048,-4.266902,11.23012,-0.001464,-6.789748,10.18432,0.564136,-8.000634,8.355264,-1.943712,-0.121182,2.310502,-3.182706,-0.427723,8.966402,-2.830621,-3.350757,10.6263,-2.099833,-4.833493,9.993443,-1.265161,-6.273458,9.045076,0,0,0,-7.291684,24.58673,-67.85392,-7.295382,24.58673,-67.85393,-1.165592,24.58673,-67.85395,-1.165592,24.58673,-67.85395,0.068498,11.77817,0,54.11011,21.54791,-7.407488,102.4011,21.54791,-7.407482,116.5984,21.54791,-7.407489,116.5984,21.54791,-7.407489,-0.767195,3.101027,0,72.89092,1.78168,7.152808,108.4092,1.781679,7.152808,140.0574,1.781682,7.152805,140.0574,1.781682,7.152805,0.388169,-3.56712,2.129282,69.80663,-10.12514,10.89073,112.1857,-10.12514,10.89073,145.1044,-10.12514,10.89072,145.1044,-10.12514,10.89072,1.839011,-10.70033,4.085571,58.58854,-19.55604,18.42103,112.2979,-19.55604,18.42102,121.6937,-19.55603,18.42103,121.6937,-19.55603,18.42103,0,0,0,0,0,0,-3.547646,-0.752728,0.819102,-6.251916,-1.373917,1.427382,-11.62009,-2.907894,1.917064,0,0,0,0,0,0,-0.591159,-1.199081,-1.695111,-4.831373,2.174377,-17.96146,-7.223132,8.285343,-30.76109,0,0,0,0,0,0,-1.419559,-1.21656,-3.219813,-3.589354,3.89859,-23.32359,-5.971133,15.59338,-34.54117,0,0,0,0.041608,-0.331009,-0.000313,-0.719623,-0.027068,1.108378,1.19662,4.677504,-10.23352,1.871763,11.8905,-15.1492,0,0,0,0.143118,-0.865571,-0.012249,-0.524685,-0.98341,-0.075817,1.698151,2.350889,-5.993619,3.750611,6.968469,-11.70972,0,0,0,0,0,0,27.94859,-11.14257,-16.21127,37.63139,-23.94006,-26.48144,92.551,-4.382729,-43.69318,0,0,0,0,0,0,-126.5949,250.7959,383.4861,33.77437,337.2341,695.7542,187.2584,345.3451,871.9888,0,0,0,0,0,0,-5.037858,93.5769,264.0876,31.97461,251.2371,300.0829,123.2884,328.4901,407.2049,0,0,0,0.302084,-2.032674,-0.013411,-44.86816,75.46394,228.4974,-48.64705,112.7064,308.4942,-49.00798,74.03969,388.7647,0,0,0,1.063496,-5.297198,-0.139475,-66.93519,-24.42687,-19.14561,-17.48531,66.4316,-150.8501,22.88458,151.8399,-210.5507,5.220099,6.226289,7.395601,7.994388,20.34251,21.8472,0,6.129831,21.69922,56.73372,48.29097,14.19724,1.784983,72.753,35.51822,31.64823,-9.980499,69.98946,42.37902,32.91875,-19.17139,60.40915,53.70939,9.395823,4.704666,-41.26648,2.907398,57.53405,-37.95227,24.12048,327.1461,-16.5279,0.812209,40.7373,384.4513,-14.2963,-32.19858,-14.68552,269.0479,-33.09471,-49.78683,1.931991,232.101,-4.202957,178.1295,354.158,174.4439,-981.6437,-5776.975,-5324.441,-2534.531,2255.84,-2555.967,-3326.495,3146.891,-767.649,50.7637,-3092.184,1847.077,-734.7794,-2442.137,442.6528,5418.813,-2295.669
32,533.3333,00:00:00:533,0,0,0,2.512528,-0.978382,1.854603,3.956072,-2.780118,6.678007,4.986878,-4.067367,10.12365,5.499948,-5.304886,13.0455,2.145132,0.012838,2.288352,3.605461,0.004286,9.291883,4.193046,-4.129329,11.96827,3.602248,-6.720767,11.16001,2.923724,-8.734155,9.963077,0.59655,0.110736,2.296674,1.028007,0.217537,10.26065,1.6384,-4.428468,11.60773,1.896098,-6.985602,10.46366,1.971194,-8.271907,8.574317,-0.74827,0.001735,2.303988,-1.20675,-0.068678,9.700072,-0.671087,-4.274658,11.21534,0.030136,-6.705643,9.98512,0.594712,-7.781085,8.072981,-1.943712,-0.121182,2.310502,-3.181333,-0.435857,8.966277,-2.833549,-3.363635,10.6187,-2.081526,-4.798899,9.906283,-1.230119,-6.176699,8.883371,0,0,0,-7.122629,24.63051,-67.98862,-7.116164,24.63051,-67.98861,-0.211425,24.63052,-67.98862,-0.211425,24.63052,-67.98862,0.068498,11.77817,0,54.68951,20.9863,-6.14419,108.1563,20.98631,-6.144186,121.7154,20.98631,-6.144196,121.7154,20.98631,-6.144196,-0.767195,3.101027,0,73.94746,2.360028,6.805827,114.018,2.360029,6.805831,145.7781,2.360026,6.805826,145.7781,2.360026,6.805826,0.407145,-3.565545,2.212606,69.99548,-10.34465,10.9983,116.3919,-10.34466,10.9983,149.0979,-10.34465,10.9983,149.0979,-10.34465,10.9983,1.878796,-10.69916,4.245435,58.66805,-19.91298,18.48823,115.3458,-19.91297,18.48823,124.6069,-19.91297,18.48823,124.6069,-19.91297,18.48823,0,0,0,0,0,0,-1.021787,-0.808574,0.006706,-1.788273,-1.403287,0.016138,-4.880726,-2.825416,-0.010103,0,0,0,0,0,0,2.801723,-0.701621,-1.664177,1.380086,3.555715,-16.86501,1.395911,9.389519,-27.74897,0,0,0,0,0,0,-0.845633,-1.672715,-5.197227,-3.681298,4.014998,-20.56248,-6.899245,14.65179,-28.77424,0,0,0,0.023833,-0.186709,-0.000268,0.35767,-0.465341,-0.886291,1.896009,5.046308,-11.95197,1.834569,13.17295,-16.93699,0,0,0,0.082366,-0.488053,-0.007465,-0.175696,-0.772677,-0.455663,1.098432,2.075694,-5.229592,2.102522,5.805529,-9.70231,0,0,0,0,0,0,151.5515,-3.350752,-48.74378,267.8185,-1.762211,-84.67464,404.3618,4.948675,-115.63,0,0,0,0,0,0,203.5729,29.84762,1.856088,372.6875,82.88026,65.78654,517.1426,66.25056,180.7271,0,0,0,0,0,0,34.43554,-27.36926,-118.6448,-5.516633,6.984472,165.6666,-55.6867,-56.49537,346.0157,0,0,0,-1.066513,8.657981,0.002682,64.63754,-26.29637,-119.6802,41.96332,22.12822,-103.1068,-2.231598,76.94725,-107.2669,0,0,0,-3.645122,22.65109,0.286996,20.93933,12.64393,-22.79073,-35.98318,-16.51168,45.84163,-98.88532,-69.77634,120.4446,5.281868,6.422366,7.410725,7.960978,20.48269,21.66136,0,6.904727,21.11497,57.07819,53.46677,13.55909,2.357172,73.83081,40.07049,31.76016,-10.19474,70.18762,46.39644,32.70597,-19.52933,60.5598,56.67777,9.261152,8.410606,-11.15055,0,46.49379,-35.05497,20.66849,310.5482,-38.28901,34.33134,64.66873,273.1364,6.716079,-12.8544,11.88995,241.0455,-12.76703,-21.4761,9.039001,178.1028,-8.080215,222.3564,1806.955,-174.4439,-662.4156,173.8378,-207.1197,-995.8703,-1305.666,2011.148,1435.886,-6678.898,1260.743,1160.651,1594.528,-1680.14,1219.661,1698.644,426.4206,-3239.896,-232.6355
33,550,00:00:00:550,0,0,0,2.512528,-0.978382,1.854603,3.946828,-2.786457,6.678393,4.969594,-4.07889,10.12449,5.42907,-5.336948,13.04649,2.145132,0.012838,2.288352,3.605461,0.004286,9.291883,4.165827,-4.133595,11.96751,3.579397,-6.676449,11.01469,2.920382,-8.620666,9.698453,0.59655,0.110736,2.296674,1.028007,0.217537,10.26065,1.646428,-4.43884,11.56767,1.891452,-6.920512,10.26554,1.950144,-8.09259,8.302735,-0.74827,0.001735,2.303988,-1.206636,-0.069565,9.700071,-0.670251,-4.280216,11.20205,0.039993,-6.644133,9.852125,0.596419,-7.622251,7.886097,-1.943712,-0.121182,2.310502,-3.180939,-0.438174,8.966241,-2.844998,-3.369609,10.61463,-2.080652,-4.768915,9.846004,-1.219341,-6.095475,8.765284,0,0,0,-7.138222,24.61625,-68.30955,-7.107942,24.61625,-68.30957,0.677824,24.61625,-68.30959,0.677824,24.61625,-68.30959,0.068498,11.77817,0,55.05309,19.63377,-5.502007,111.3551,19.63376,-5.502019,124.9646,19.63377,-5.502012,124.9646,19.63377,-5.502012,-0.767195,3.101027,0,74.43673,2.40542,6.895567,117.598,2.405419,6.895571,149.2097,2.405422,6.895565,149.2097,2.405422,6.895565,0.412552,-3.565101,2.23635,70.17615,-10.37745,10.97503,119.1968,-10.37744,10.97503,151.9236,-10.37745,10.97503,151.9236,-10.37745,10.97503,1.890134,-10.69885,4.290987,58.68409,-20.22449,18.41489,117.5661,-20.2245,18.41489,126.9583,-20.22449,18.4149,126.9583,-20.22449,18.4149,0,0,0,0,0,0,-0.554658,-0.380304,0.023156,-1.037009,-0.691384,0.050426,-4.252665,-1.923702,0.059366,0,0,0,0,0,0,-1.633152,-0.25595,-0.045329,-1.371078,2.659052,-8.719011,-0.200551,6.809324,-15.87742,0,0,0,0,0,0,0.48168,-0.622317,-2.404109,-0.278771,3.905385,-11.88683,-1.262996,10.75897,-16.29486,0,0,0,0.006845,-0.053191,-0.000089,0.050141,-0.33351,-0.797376,0.591449,3.69063,-7.979705,0.102449,9.530066,-11.21302,0,0,0,0.023648,-0.139031,-0.00219,-0.686914,-0.358433,-0.244439,0.052392,1.799024,-3.61669,0.646681,4.873439,-7.085234,0,0,0,0,0,0,28.02774,25.69623,0.987053,45.07586,42.71417,2.057254,37.68369,54.10284,4.168152,0,0,0,0,0,0,-266.0926,26.74028,97.13083,-165.0698,-53.79976,488.7601,-95.78772,-154.8117,712.2928,0,0,0,0,0,0,79.6388,63.02386,167.5871,204.1516,-6.576777,520.5389,338.1749,-233.5694,748.7626,0,0,0,-1.019239,8.011087,0.010729,-18.45175,7.909833,5.334913,-78.27354,-81.34067,238.3357,-103.9272,-218.5732,343.438,0,0,0,-3.523081,20.94134,0.316501,-30.67307,24.85469,12.67344,-62.76234,-16.60019,96.77409,-87.35048,-55.9254,157.0245,5.318427,6.496128,7.430125,7.943893,20.54722,21.55926,0.027976,7.785758,19.73623,57.11254,56.30202,13.60952,2.401918,74.32092,43.16131,31.6117,-10.22766,70.36814,49.02071,32.72675,-19.85499,60.65037,58.88196,9.392182,3.871765,-6.125907,1.678587,52.8618,-82.72487,2.060852,170.1146,3.025474,2.684755,29.40674,185.449,-8.907509,-1.975365,10.83115,157.4558,1.246948,-19.53987,5.433883,132.2514,7.861804,-272.3305,301.4785,100.7152,382.0804,-2860.194,-1116.458,-8426.018,2478.869,-1898.795,-2115.72,-5261.242,-937.4152,652.7423,-63.52844,-5015.382,840.8385,116.1735,-216.3071,-2751.085,956.5211
34,566.6666,00:00:00:567,0,0,0,2.512528,-0.978382,1.854603,3.933228,-2.793815,6.679654,4.947185,-4.091085,10.12653,5.378996,-5.359761,13.04816,2.145132,0.012838,2.288352,3.605461,0.004286,9.291883,4.159302,-4.123809,11.98394,3.575412,-6.650249,10.98692,2.917471,-8.552863,9.610712,0.59655,0.110736,2.296674,1.028007,0.217537,10.26065,1.674821,-4.432473,11.57656,1.929175,-6.851297,10.16276,1.991418,-7.950137,8.158137,-0.74827,0.001735,2.303988,-1.206373,-0.071594,9.700068,-0.660349,-4.278836,11.20812,0.076755,-6.5625,9.739642,0.638845,-7.439898,7.728219,-1.943712,-0.121182,2.310502,-3.18003,-0.443477,8.966155,-2.848262,-3.376614,10.61236,-2.071444,-4.742923,9.798225,-1.199364,-6.01517,8.662249,0,0,0,-7.02073,24.61541,-68.42547,-7.005496,24.61541,-68.42547,1.157774,24.6154,-68.42546,1.157774,24.6154,-68.42546,0.068498,11.77817,0,54.92445,19.15947,-5.336014,112.3294,19.15947,-5.336014,126.6864,19.15946,-5.336016,126.6864,19.15946,-5.336016,-0.767195,3.101027,0,74.33012,2.222618,7.295696,120.1944,2.222618,7.295694,151.3105,2.22262,7.295693,151.3105,2.22262,7.295693,0.424929,-3.564093,2.290697,70.07075,-10.70297,11.24689,122.0873,-10.70297,11.24689,154.6417,-10.70297,11.24689,154.6417,-10.70297,11.24689,1.916087,-10.69819,4.39526,58.67445,-20.4721,18.47025,119.4036,-20.47209,18.47024,129.2709,-20.4721,18.47025,129.2709,-20.4721,18.47025,0,0,0,0,0,0,-0.815995,-0.44148,0.075683,-1.344591,-0.731707,0.122801,-3.004409,-1.368798,0.100315,0,0,0,0,0,0,-0.391536,0.587136,0.985488,-0.239097,1.571953,-1.666546,-0.174668,4.068195,-5.264416,0,0,0,0,0,0,1.703538,0.382036,0.533894,2.263371,4.152908,-6.167068,2.476428,8.547215,-8.675873,0,0,0,0.015758,-0.121745,-0.000179,0.594137,0.082791,0.363708,2.205731,4.897982,-6.74893,2.545562,10.94118,-9.472668,0,0,0,0.054561,-0.318171,-0.005141,-0.19588,-0.420302,-0.136167,0.552535,1.559481,-2.86679,1.198612,4.818275,-6.182134,0,0,0,0,0,0,-15.6802,-3.670604,3.151595,-18.45494,-2.419352,4.342495,74.8953,33.29425,2.456904,0,0,0,0,0,0,74.49701,50.58511,61.84905,67.91888,-65.22594,423.1479,1.553,-164.4677,636.7805,0,0,0,0,0,0,73.31147,60.26118,176.2801,152.5285,14.85139,343.1859,224.3654,-132.705,457.1395,0,0,0,0.534765,-4.113229,-0.005364,32.6398,24.97807,69.66501,96.8569,72.44109,73.84653,146.5867,84.6666,104.4211,0,0,0,1.854747,-10.74845,-0.177026,29.46205,-3.712178,6.496309,30.00855,-14.37261,44.99404,33.11589,-3.309846,54.186,5.298212,6.488301,7.422788,7.933512,20.61887,21.40667,0.019782,8.163275,19.25519,56.8904,57.4049,14.35706,2.221318,74.19894,45.86424,31.11613,-10.54223,70.28021,52.01655,32.55447,-20.1047,60.69698,60.72915,9.86725,4.299088,-9.155044,-0.491647,22.65103,-28.86188,-13.32847,66.17294,44.85271,-10.83599,-7.318725,162.176,-29.7345,-18.87411,-5.275726,179.7505,-10.33676,-14.98249,2.796478,110.831,28.50408,25.63936,-181.7482,-130.214,-1812.646,3231.779,-923.3596,-6236.498,2509.634,-811.2449,-2203.528,-1396.376,-1249.619,-1013.925,-966.4122,1337.682,-695.0225,273.4428,-158.2443,-1285.222,1238.537
35,583.3333,00:00:00:583,0,0,0,2.512528,-0.978382,1.854603,3.933228,-2.793815,6.679654,4.947185,-4.091085,10.12653,5.378996,-5.359761,13.04816,2.145132,0.012838,2.288352,3.605461,0.004286,9.291883,4.159302,-4.123809,11.98394,3.575412,-6.650249,10.98692,2.917471,-8.552863,9.610712,0.59655,0.110736,2.296674,1.028007,0.217537,10.26065,1.674821,-4.432473,11.57656,1.929175,-6.851297,10.16276,1.991418,-7.950137,8.158137,-0.74827,0.001735,2.303988,-1.206373,-0.071594,9.700068,-0.660349,-4.278836,11.20812,0.076755,-6.5625,9.739642,0.638845,-7.439898,7.728219,-1.943712,-0.121182,2.310502,-3.18003,-0.443477,8.966155,-2.848262,-3.376614,10.61236,-2.071444,-4.742923,9.798225,-1.199364,-6.01517,8.662249,0,0,0,-7.02073,24.61541,-68.42547,-7.005496,24.61541,-68.42547,1.157774,24.6154,-68.42546,1.157774,24.6154,-68.42546,0.068498,11.77817,0,54.92445,19.15947,-5.336014,112.3294,19.15947,-5.336014,126.6864,19.15946,-5.336016,126.6864,19.15946,-5.336016,-0.767195,3.101027,0,74.33012,2.222618,7.295696,120.1944,2.222618,7.295694,151.3105,2.22262,7.295693,151.3105,2.22262,7.295693,0.424929,-3.564093,2.290697,70.07075,-10.70297,11.24689,122.0873,-10.70297,11.24689,154.6417,-10.70297,11.24689,154.6417,-10.70297,11.24689,1.916087,-10.69819,4.39526,58.67445,-20.4721,18.47025,119.4036,-20.47209,18.47024,129.2709,-20.4721,18.47025,129.2709,-20.4721,18.47025,0,0,0,0,0,0,-0.815995,-0.44148,0.075683,-1.344591,-0.731707,0.122801,-3.004409,-1.368798,0.100315,0,0,0,0,0,0,-0.391536,0.587136,0.985488,-0.239097,1.571953,-1.666546,-0.174668,4.068195,-5.264416,0,0,0,0,0,0,1.703538,0.382036,0.533894,2.263371,4.152908,-6.167068,2.476428,8.547215,-8.675873,0,0,0,0.015758,-0.121745,-0.000179,0.594137,0.082791,0.363708,2.205731,4.897982,-6.74893,2.545562,10.94118,-9.472668,0,0,0,0.054561,-0.318171,-0.005141,-0.19588,-0.420302,-0.136167,0.552535,1.559481,-2.86679,1.198612,4.818275,-6.182134,0,0,0,0,0,0,-15.6802,-3.670604,3.151595,-18.45494,-2.419352,4.342495,74.8953,33.29425,2.456904,0,0,0,0,0,0,74.49701,50.58511,61.84905,67.91888,-65.22594,423.1479,1.553,-164.4677,636.7805,0,0,0,0,0,0,73.31147,60.26118,176.2801,152.5285,14.85139,343.1859,224.3654,-132.705,457.1395,0,0,0,0.534765,-4.113229,-0.005364,32.6398,24.97807,69.66501,96.8569,72.44109,73.84653,146.5867,84.6666,104.4211,0,0,0,1.854747,-10.74845,-0.177026,29.46205,-3.712178,6.496309,30.00855,-14.37261,44.99404,33.11589,-3.309846,54.186,5.298212,6.488301,7.422788,7.933512,20.61887,21.40667,0.019782,8.163275,19.25519,56.8904,57.4049,14.35706,2.221318,74.19894,45.86424,31.11613,-10.54223,70.28021,52.01655,32.55447,-20.1047,60.69698,60.72915,9.86725,4.299088,-9.155044,-0.491647,22.65103,-28.86188,-13.32847,66.17294,44.85271,-10.83599,-7.318725,162.176,-29.7345,-18.87411,-5.275726,179.7505,-10.33676,-14.98249,2.796478,110.831,28.50408,25.63936,-181.7482,-130.214,-1812.646,3231.779,-923.3596,-6236.498,2509.634,-811.2449,-2203.528,-1396.376,-1249.619,-1013.925,-966.4122,1337.682,-695.0225,273.4428,-158.2443,-1285.222,1238.537
36,600,00:00:00:600,0,0,0,2.512528,-0.978382,1.854603,3.920435,-2.795848,6.682637,4.925674,-4.094376,10.1316,5.31401,-5.375128,13.05406,2.145132,0.012838,2.288352,3.605461,0.004286,9.291883,4.161868,-4.128752,11.97581,3.571004,-6.59863,10.84956,2.913981,-8.41754,9.364072,0.59655,0.110736,2.296674,1.028007,0.217537,10.26065,1.678045,-4.425684,11.59876,1.939999,-6.769456,10.06501,2.01082,-7.776421,8.01298,-0.74827,0.001735,2.303988,-1.206408,-0.071326,9.700068,-0.696028,-4.272273,11.23786,0.051549,-6.444775,9.614214,0.608197,-7.178536,7.544592,-1.943712,-0.121182,2.310502,-3.18015,-0.442776,8.966166,-2.878788,-3.379325,10.61213,-2.08493,-4.704107,9.747377,-1.19587,-5.909655,8.553308,0,0,0,-7.009094,24.54111,-68.72587,-7.000865,24.54112,-68.72586,1.833148,24.54111,-68.72587,1.833148,24.54111,-68.72587,0.068498,11.77817,0,55.17367,18.62359,-4.858729,115.3284,18.62359,-4.858721,130.002,18.6236,-4.858736,130.002,18.6236,-4.858736,-0.767195,3.101027,0,74.06399,1.700947,7.483859,123.0541,1.700946,7.483858,153.8575,1.700946,7.483858,153.8575,1.700946,7.483858,0.423294,-3.564226,2.283516,69.6319,-11.10345,11.01661,126.0247,-11.10345,11.01662,158.5985,-11.10346,11.01661,158.5985,-11.10346,11.01661,1.912658,-10.69828,4.381482,58.50331,-21.22929,18.36886,121.6089,-21.22928,18.36886,131.968,-21.22928,18.36886,131.968,-21.22928,18.36886,0,0,0,0,0,0,-0.767559,-0.122007,0.178993,-1.290612,-0.197455,0.30376,-3.899194,-0.921987,0.353873,0,0,0,0,0,0,0.154004,-0.296541,-0.487536,-0.264466,3.097147,-8.241623,-0.209358,8.119404,-14.79842,0,0,0,0,0,0,0.193454,0.407293,1.331538,0.649475,4.910454,-5.864873,1.164112,10.42297,-8.709445,0,0,0,-0.002095,0.016084,0,-2.140702,0.393815,1.784474,-1.512403,7.063508,-7.525741,-1.838894,15.68171,-11.01762,0,0,0,-0.00722,0.042032,0.000671,-1.831524,-0.162654,-0.013456,-0.8092,2.329007,-3.050879,0.209626,6.330907,-6.536454,0,0,0,0,0,0,2.906176,19.16841,6.198585,3.238767,32.05508,10.85758,-53.68708,26.80868,15.21349,0,0,0,0,0,0,32.73233,-53.02056,-88.38145,-1.522153,91.51159,-394.5046,-2.081395,243.0725,-572.0399,0,0,0,0,0,0,-90.60501,1.515449,47.85865,-96.83376,45.45271,18.13173,-78.73891,112.5455,-2.014339,0,0,0,-1.071207,8.269752,0.010729,-164.0903,18.66147,85.24596,-223.088,129.9316,-46.6087,-263.0674,284.4321,-92.69714,0,0,0,-3.706812,21.61223,0.348687,-98.13866,15.45891,7.362663,-81.7041,46.17154,-11.04534,-59.33917,90.75793,-21.25921,5.350925,6.48766,7.466671,7.932277,20.62835,21.25726,0,8.834001,18.70795,57.00095,60.15469,14.67359,1.704676,73.92381,48.99014,30.80337,-10.95307,69.89444,56.39281,32.57377,-20.89725,60.72888,63.10558,10.3591,0.568886,-8.964958,-1.18694,40.24355,-32.83459,6.632995,164.9876,18.9913,-30.99851,-16.50787,187.5535,-18.76545,-24.65023,-23.14636,262.5755,1.158142,-47.55317,1.914139,142.5861,29.51071,-223.8121,11.40512,-41.7176,1055.551,-238.3622,1197.688,5928.88,-1551.685,-1209.751,-551.3489,1522.65,658.1428,-346.5671,-1072.238,4969.501,689.6941,-1954.241,-52.94036,1905.304,60.39734
37,616.6666,00:00:00:617,0,0,0,2.512528,-0.978382,1.854603,3.91442,-2.7992,6.683125,4.914819,-4.100365,10.1325,5.28199,-5.389204,13.05414,2.145132,0.012838,2.288352,3.605461,0.004286,9.291883,4.153818,-4.124386,11.98418,3.57381,-6.595069,10.85405,2.92565,-8.403378,9.351824,0.59655,0.110736,2.296674,1.028007,0.217537,10.26065,1.663858,-4.424675,11.60903,1.933668,-6.757712,10.06036,2.016335,-7.744312,7.998898,-0.74827,0.001735,2.303988,-1.206405,-0.071354,9.700068,-0.700479,-4.274793,11.23251,0.051516,-6.42871,9.586303,0.610216,-7.137135,7.508425,-1.943712,-0.121182,2.310502,-3.180138,-0.44285,8.966165,-2.886029,-3.371059,10.62822,-2.089225,-4.679343,9.741341,-1.199896,-5.867424,8.53009,0,0,0,-6.944825,24.54567,-68.74841,-6.927618,24.54566,-68.74841,2.227887,24.54567,-68.74844,2.227887,24.54567,-68.74844,0.068498,11.77817,0,55.13151,18.27071,-4.757089,115.3658,18.27071,-4.757071,130.4454,18.2707,-4.757086,130.4454,18.2707,-4.757086,-0.767195,3.101027,0,73.94153,1.269374,7.434011,123.4105,1.269375,7.43401,154.3757,1.269374,7.434011,154.3757,1.269374,7.434011,0.423466,-3.564212,2.284271,69.69503,-11.25139,10.99236,126.6276,-11.25139,10.99236,159.2667,-11.25139,10.99236,159.2667,-11.25139,10.99236,1.913019,-10.69827,4.382931,58.17072,-21.18279,18.37767,122.504,-21.18279,18.37767,132.6972,-21.18279,18.37767,132.6972,-21.18279,18.37767,0,0,0,0,0,0,-0.360936,-0.20111,0.029236,-0.65133,-0.359327,0.054091,-1.921199,-0.844561,0.004828,0,0,0,0,0,0,-0.483021,0.26194,0.501841,0.168309,0.213683,0.269517,0.700112,0.849634,-0.734925,0,0,0,0,0,0,-0.85121,0.060529,0.616595,-0.379901,0.704616,-0.279307,0.330884,1.926496,-0.844941,0,0,0,0.000224,-0.00169,0,-0.267101,-0.151187,-0.320792,-0.001989,0.963896,-1.674637,0.121107,2.484083,-2.170041,0,0,0,0.000738,-0.00442,-0.000089,-0.434507,0.495918,0.965327,-0.257671,1.485832,-0.362188,-0.241511,2.533883,-1.39305,0,0,0,0,0,0,24.39737,-4.746169,-8.985398,38.35693,-9.712276,-14.98014,118.6797,4.64558,-20.94268,0,0,0,0,0,0,-38.22147,33.50883,59.36264,25.96646,-173.0078,510.6684,54.5682,-436.1861,843.8094,0,0,0,0,0,0,-62.67987,-20.80589,-42.89656,-61.76255,-252.3502,335.1339,-49.99369,-509.7886,471.8702,0,0,0,0.13914,-1.06645,0,112.4161,-32.70015,-126.3159,90.62479,-365.9767,351.0662,117.6001,-791.8577,530.8547,0,0,0,0.477433,-2.78715,-0.045598,83.82103,39.5143,58.72696,33.09175,-50.59048,161.3214,-27.06818,-227.8215,308.6042,5.323977,6.462701,7.458933,7.919,20.66127,21.18989,0,9.155515,18.35056,56.89173,60.23428,15.07965,1.276562,73.8035,49.46894,30.96521,-11.10153,69.96973,56.93254,32.63911,-20.85931,60.42067,64.33331,10.1932,1.974907,-4.041824,0,19.29085,-21.44314,-6.553115,4.775161,24.36401,-25.68684,-7.218933,28.7281,9.710311,-8.907452,4.517212,32.38426,3.920059,2.276802,-18.49228,73.66355,-9.953956,84.36125,295.388,71.21642,-1257.162,683.487,-791.1666,-9612.747,322.3629,318.7001,557.3364,-9529.526,1708.545,944.5666,1659.814,-13811.48,165.715,2989.798,-1224.385,-4135.35,-2367.88
38,633.3333,00:00:00:633,0,0,0,2.512528,-0.978382,1.854603,3.914778,-2.797904,6.683509,4.911902,-4.099727,10.13358,5.275289,-5.38953,13.05527,2.145132,0.012838,2.288352,3.605461,0.004286,9.291883,4.153735,-4.122355,11.98731,3.574982,-6.591894,10.85403,2.92716,-8.393961,9.344184,0.59655,0.110736,2.296674,1.028007,0.217537,10.26065,1.663631,-4.422916,11.61519,1.928716,-6.742708,10.04593,2.006654,-7.714353,7.9772,-0.74827,0.001735,2.303988,-1.206264,-0.072436,9.700066,-0.704219,-4.272504,11.24299,0.05696,-6.405114,9.573431,0.622129,-7.099985,7.492726,-1.943712,-0.121182,2.310502,-3.17965,-0.445679,8.966119,-2.885687,-3.370084,10.63489,-2.084004,-4.662049,9.728688,-1.192386,-5.840897,8.51012,0,0,0,-6.941441,24.53657,-68.71938,-6.865857,24.53658,-68.71939,2.309109,24.53657,-68.71938,2.309109,24.53657,-68.71938,0.068498,11.77817,0,55.09781,18.21553,-4.734627,115.4327,18.21553,-4.734624,130.6782,18.21553,-4.734627,130.6782,18.21553,-4.734627,-0.767195,3.101027,0,73.86584,1.331874,7.414295,123.915,1.331874,7.414298,154.8035,1.331874,7.41429,154.8035,1.331874,7.41429,0.43007,-3.563678,2.313264,69.53499,-11.45071,11.05352,127.2647,-11.45072,11.05352,159.5807,-11.45071,11.05352,159.5807,-11.45071,11.05352,1.926865,-10.69794,4.438554,58.02429,-21.19407,18.45837,123.3055,-21.19407,18.4584,133.0215,-21.19407,18.45838,133.0215,-21.19407,18.45838,0,0,0,0,0,0,0.02148,0.077784,0.023067,-0.174969,0.038266,0.064999,-0.402063,-0.019558,0.067949,0,0,0,0,0,0,-0.004962,0.121839,0.18771,0.070341,0.190526,-0.000849,0.09058,0.565052,-0.45839,0,0,0,0,0,0,-0.013601,0.10559,0.369206,-0.297099,0.900283,-0.865325,-0.580844,1.797572,-1.301899,0,0,0,0.008443,-0.064948,-0.000134,-0.224378,0.137329,0.628933,0.326637,1.415759,-0.772297,0.714831,2.229005,-0.941902,0,0,0,0.029281,-0.169708,-0.002772,0.02053,0.058517,0.399739,0.313237,1.037635,-0.759155,0.450589,1.5916,-1.198187,0,0,0,0,0,0,22.94495,16.73363,-0.370145,28.58162,23.85556,0.654459,91.14815,49.50016,3.787279,0,0,0,0,0,0,28.68354,-8.406041,-18.84788,-5.878061,-1.389385,-16.222,-36.57191,-17.07494,16.59214,0,0,0,0,0,0,50.25655,2.703667,-14.84334,4.968121,11.74003,-35.16108,-54.70365,-7.73549,-27.41753,0,0,0,0.493191,-3.795472,-0.008047,2.563354,17.31097,56.98352,19.71759,27.11177,54.14039,35.62342,-15.30468,73.68832,0,0,0,1.71259,-9.917298,-0.160933,27.30221,-26.24407,-33.9353,34.25449,-26.89183,-23.81801,41.52595,-56.53693,11.69175,5.320948,6.471135,7.451138,7.917888,20.6463,21.19259,0.074019,9.174961,18.29473,56.84839,60.33486,15.24554,1.338522,73.72763,50.04916,30.88854,-11.29901,69.82878,57.72968,32.31602,-20.86879,60.28942,65.2812,9.71598,-0.898247,0.161591,4.441124,1.166782,-3.350143,-2.600326,6.034698,9.953097,3.71757,-4.552002,34.81316,-4.600181,-11.84881,-8.456726,47.82783,-19.38515,-0.569,-7.875366,56.87393,-28.633,-172.3892,252.2049,266.4674,-1087.444,1085.579,237.1673,75.5722,-864.6548,1764.265,160.0158,365.1032,-858.6295,-176.4816,-778.4362,926.6141,-1398.312,-170.7481,637.0146,-1007.377,-1120.743
39,650,00:00:00:650,0,0,0,2.512528,-0.978382,1.854603,3.912916,-2.80086,6.682935,4.90933,-4.104542,10.13251,5.275094,-5.397807,13.05237,2.145132,0.012838,2.288352,3.605461,0.004286,9.291883,4.152016,-4.119237,11.99242,3.567128,-6.584932,10.85394,2.915664,-8.38675,9.345362,0.59655,0.110736,2.296674,1.028007,0.217537,10.26065,1.679774,-4.420581,11.61551,1.934268,-6.734408,10.03573,1.997236,-7.706962,7.966919,-0.74827,0.001735,2.303988,-1.206231,-0.07269,9.700066,-0.702017,-4.270539,11.24831,0.063106,-6.400989,9.577798,0.629636,-7.085262,7.493953,-1.943712,-0.121182,2.310502,-3.179535,-0.446341,8.966107,-2.891876,-3.367687,10.64132,-2.085354,-4.651736,9.728191,-1.188953,-5.820529,8.503459,0,0,0,-6.749753,24.60182,-68.3314,-6.684268,24.60181,-68.33141,2.453574,24.60183,-68.33143,2.453574,24.60183,-68.33143,0.068498,11.77817,0,55.01144,18.26093,-4.819603,115.5651,18.26094,-4.819594,130.6496,18.26093,-4.819602,130.6496,18.26093,-4.819602,-0.767195,3.101027,0,73.85836,1.778803,7.484328,124.182,1.778802,7.484331,154.8342,1.778803,7.484327,154.8342,1.778803,7.484327,0.431616,-3.563554,2.32005,69.4576,-11.49849,11.12115,127.297,-11.49849,11.12115,159.8406,-11.4985,11.12115,159.8406,-11.4985,11.12115,1.930106,-10.69787,4.451577,57.84699,-21.35389,18.51582,123.6353,-21.35389,18.5158,133.3512,-21.3539,18.51582,133.3512,-21.3539,18.51582,0,0,0,0,0,0,-0.111669,-0.177372,-0.034466,-0.154339,-0.288896,-0.064328,-0.011735,-0.496633,-0.173986,0,0,0,0,0,0,-0.103176,0.187084,0.306889,-0.471219,0.417709,-0.005543,-0.689764,0.43264,0.070676,0,0,0,0,0,0,0.968546,0.140101,0.019491,0.33313,0.497997,-0.611901,-0.565097,0.443459,-0.616819,0,0,0,0.001978,-0.015204,0,0.132135,0.117883,0.319317,0.368793,0.247479,0.262007,0.450404,0.883341,0.073627,0,0,0,0.006862,-0.039719,-0.000671,-0.371341,0.143811,0.385925,-0.080992,0.618763,-0.029817,0.205949,1.222104,-0.399649,0,0,0,0,0,0,-7.988959,-15.30938,-3.452003,1.237839,-19.62974,-7.75963,23.41971,-28.62453,-14.51611,0,0,0,0,0,0,-5.892813,3.914684,7.150768,-32.49361,13.63099,-0.281632,-46.82063,-7.9447,31.74394,0,0,0,0,0,0,58.92879,2.070665,-20.98292,37.81378,-24.13719,15.20544,0.944808,-81.24677,41.10485,0,0,0,-0.387914,2.984648,0.008047,21.39078,-1.166761,-18.57698,2.529323,-70.09684,62.05827,-15.8656,-80.73984,60.93174,0,0,0,-1.345128,7.79936,0.126064,-23.51224,5.117654,-0.828804,-23.65373,-25.1323,43.76023,-14.67839,-22.1698,47.91229,5.314378,6.475984,7.437996,7.915503,20.67925,21.17404,0.065611,9.137834,18.34166,56.77879,60.55365,15.08453,1.78213,73.71618,50.32362,30.65225,-11.34444,69.75504,57.83938,32.54362,-21.03434,60.1684,65.78827,9.715878,1.97731,-1.113052,-0.504489,-2.22765,2.815704,-4.176178,13.12752,-9.660186,26.61651,-0.687103,16.46782,-14.17717,-2.726269,-4.424286,6.582412,13.65623,-9.933013,-7.261047,30.42389,-0.006065,172.5334,-76.47857,-296.7368,-203.6659,369.9508,-94.55109,425.5691,-1176.797,1373.936,231.8939,-1100.72,-574.6193,547.3525,241.9464,-2474.725,1982.483,-561.8408,36.85913,-1587.002,1717.616
40,666.6666,00:00:00:667,0,0,0,2.512528,-0.978382,1.854603,3.910161,-2.798901,6.684472,4.907441,-4.099891,10.13481,5.270832,-5.391214,13.05583,2.145132,0.012838,2.288352,3.605461,0.004286,9.291883,4.165289,-4.114401,11.99708,3.559348,-6.575889,10.86051,2.89573,-8.405815,9.391579,0.59655,0.110736,2.296674,1.028007,0.217537,10.26065,1.664224,-4.416965,11.63513,1.917769,-6.753022,10.08826,1.980656,-7.725904,8.019593,-0.74827,0.001735,2.303988,-1.206056,-0.074026,9.700063,-0.713434,-4.268839,11.26023,0.064655,-6.40198,9.599161,0.645019,-7.072114,7.514527,-1.943712,-0.121182,2.310502,-3.178929,-0.449833,8.966049,-2.87622,-3.368176,10.64384,-2.073716,-4.648954,9.722617,-1.184836,-5.833375,8.507456,0,0,0,-6.778999,24.55436,-68.44947,-6.760534,24.55437,-68.44951,2.431058,24.55437,-68.44949,2.431058,24.55437,-68.44949,0.068498,11.77817,0,54.81713,18.79179,-5.05407,115.6043,18.79179,-5.054082,129.5151,18.79179,-5.054072,129.5151,18.79179,-5.054072,-0.767195,3.101027,0,73.61877,1.703231,7.316025,123.3738,1.703229,7.316022,154.8204,1.703231,7.316024,154.8204,1.703231,7.316024,0.439771,-3.5629,2.355856,69.26015,-11.90813,11.16562,127.1147,-11.90812,11.16561,160.133,-11.90812,11.16561,160.133,-11.90812,11.16561,1.947206,-10.69749,4.520275,57.88853,-20.95493,18.57189,123.8701,-20.95493,18.57186,132.7867,-20.95492,18.57189,132.7867,-20.95492,18.57189,0,0,0,0,0,0,-0.165358,0.117525,0.092223,-0.113346,0.279017,0.138223,-0.255682,0.395604,0.207514,0,0,0,0,0,0,0.796437,0.290148,0.279397,-0.466816,0.542611,0.393882,-1.196019,-1.143873,2.773002,0,0,0,0,0,0,-0.932984,0.216901,1.177177,-0.989959,-1.116872,3.151417,-0.994775,-1.136497,3.160447,0,0,0,0.010483,-0.080199,-0.000179,-0.685067,0.102013,0.714809,0.092939,-0.059456,1.281783,0.922954,0.788927,1.234442,0,0,0,0.036389,-0.209539,-0.003532,0.939365,-0.029303,0.151411,0.69828,0.1669,-0.334427,0.247009,-0.770755,0.23979,0,0,0,0,0,0,-3.221333,17.69386,7.601379,2.459585,34.07478,12.15309,-14.63681,53.53421,22.88997,0,0,0,0,0,0,53.97678,6.183832,-1.649559,0.264198,7.494089,23.96554,-30.37534,-94.59077,162.1395,0,0,0,0,0,0,-114.0918,4.608036,69.46115,-79.38533,-96.8921,225.7991,-25.78072,-94.79731,226.6359,0,0,0,0.51029,-3.899701,-0.010729,-49.03211,-0.952184,23.7295,-16.55124,-18.41604,61.18655,28.35296,-5.664825,69.64891,0,0,0,1.771599,-10.18921,-0.171661,78.64236,-10.38685,-14.07087,46.75626,-27.11176,-18.27657,2.463608,-119.5715,38.36631,5.306192,6.452884,7.411451,7.909417,20.65289,21.13901,0,9.191588,18.88111,56.70269,60.78713,13.91087,1.706856,73.48096,49.75508,31.44659,-11.75316,69.59845,57.85452,33.01837,-20.61719,60.10484,65.98158,8.91663,-1.581459,-2.101593,-3.936636,3.225288,32.36732,-4.566193,14.00894,-70.41973,-4.516454,-14.11331,-34.11255,47.65995,-24.52291,-9.395598,0.908203,28.4848,25.02891,-3.813629,11.59836,-47.95492,-213.5261,-59.31244,-205.9288,327.1762,1773.097,-23.40088,52.88543,-3645.573,-1867.978,-805.5724,-3034.822,3710.227,-1307.799,-298.2787,-340.4525,889.7139,2097.716,206.8451,-1129.532,-2876.931
41,683.3333,00:00:00:683,0,0,0,2.512528,-0.978382,1.854603,3.917278,-2.798485,6.682564,4.919167,-4.099396,10.1316,5.277814,-5.394684,13.05145,2.145132,0.012838,2.288352,3.605461,0.004286,9.291883,4.173599,-4.119015,11.9883,3.562424,-6.629424,10.96743,2.884992,-8.529386,9.597024,0.59655,0.110736,2.296674,1.028007,0.217537,10.26065,1.659464,-4.411041,11.65711,1.914979,-6.813049,10.21513,1.98138,-7.872462,8.189525,-0.74827,0.001735,2.303988,-1.205901,-0.075212,9.700061,-0.688398,-4.239289,11.33282,0.070542,-6.459625,9.780731,0.639633,-7.260634,7.739625,-1.943712,-0.121182,2.310502,-3.178388,-0.452931,8.965995,-2.858812,-3.358628,10.66251,-2.05981,-4.663824,9.773053,-1.174312,-5.890791,8.598311,0,0,0,-6.82469,24.59196,-68.38363,-6.798297,24.59196,-68.38362,2.563174,24.59195,-68.38362,2.563174,24.59195,-68.38362,0.068498,11.77817,0,54.72828,19.68571,-5.556254,112.9721,19.68571,-5.556243,126.6443,19.6857,-5.55625,126.6443,19.6857,-5.55625,-0.767195,3.101027,0,73.3474,1.893027,7.20256,120.8541,1.893026,7.202561,152.4035,1.893024,7.202559,152.4035,1.893024,7.202559,0.447009,-3.562325,2.387631,68.31614,-11.05636,11.44486,124.2027,-11.05636,11.44485,156.6456,-11.05636,11.44486,156.6456,-11.05636,11.44486,1.962382,-10.69718,4.581236,57.57595,-20.58432,18.86559,122.4642,-20.58431,18.86559,130.9248,-20.58432,18.86559,130.9248,-20.58432,18.86559,0,0,0,0,0,0,0.427052,0.025,-0.114486,0.703543,0.029728,-0.192851,0.418939,-0.208251,-0.262946,0,0,0,0,0,0,0.498578,-0.276826,-0.526428,0.184536,-3.212124,6.415174,-0.644289,-7.414251,12.32672,0,0,0,0,0,0,-0.285588,0.355482,1.318976,-0.167403,-3.601625,7.612153,0.043429,-8.793532,10.19588,0,0,0,0.009343,-0.07116,-0.000134,1.502182,1.773007,4.355415,0.353213,-3.458709,10.89419,-0.323162,-11.31123,13.50582,0,0,0,0.032455,-0.185911,-0.003219,1.044508,0.572875,1.119867,0.834346,-0.892147,3.026157,0.631437,-3.444984,5.451321,0,0,0,0,0,0,35.54463,-5.551501,-12.40253,49.01334,-14.95734,-19.86444,40.47721,-36.23128,-28.22757,0,0,0,0,0,0,-17.87156,-34.01845,-48.34949,39.08112,-225.2841,361.2774,33.10382,-376.2227,573.2229,0,0,0,0,0,0,38.84374,8.314846,8.507966,49.35331,-149.0852,267.6442,62.29228,-459.4221,422.126,0,0,0,-0.068396,0.542351,0.002682,131.2349,100.2596,218.4364,15.61649,-203.9552,576.7446,-74.76691,-726.0095,736.2825,0,0,0,-0.236034,1.417716,0.018775,6.308556,36.13069,58.10737,8.163976,-63.54287,201.635,23.06565,-160.4538,312.6919,5.242613,6.375277,7.294516,7.855348,20.65603,21.22296,0.027976,9.361474,19.79078,56.81743,58.24379,13.67221,1.895169,73.2112,47.50669,31.54948,-10.89508,68.58954,55.88663,32.44289,-20.22006,59.7212,64.8882,8.460649,0.188141,5.036773,1.678587,10.19314,54.58019,6.884765,-152.6005,-14.31993,11.29874,-16.18561,-134.9034,6.173858,51.48491,-60.53466,-118.0735,-34.52866,23.82797,-23.01842,-65.60257,-27.35882,106.176,428.3019,336.9134,418.0709,1332.772,687.0574,-9996.568,3365.988,948.9118,-124.3378,-6047.452,-2489.165,4560.469,-3068.344,-7138.901,-3780.807,-72.05658,-1152.287,-4632.055,1235.766
42,700,00:00:00:700,0,0,0,2.512528,-0.978382,1.854603,3.949043,-2.797988,6.673396,4.974698,-4.098059,10.11576,5.323822,-5.407702,13.03035,2.145132,0.012838,2.288352,3.605461,0.004286,9.291883,4.181613,-4.089224,12.03165,3.605965,-6.68824,11.2369,2.937333,-8.692403,10.0191,0.59655,0.110736,2.296674,1.028007,0.217537,10.26065,1.674788,-4.382108,11.74306,1.944051,-6.93117,10.58373,2.019904,-8.209138,8.68877,-0.74827,0.001735,2.303988,-1.20621,-0.07285,9.700065,-0.705994,-4.235887,11.34085,0.010253,-6.60312,9.999929,0.572514,-7.56644,8.028263,-1.943712,-0.121182,2.310502,-3.179463,-0.44676,8.966101,-2.82042,-3.338898,10.67782,-2.054645,-4.739855,9.913637,-1.197867,-6.085931,8.853645,0,0,0,-7.021005,24.77704,-68.08652,-7.012397,24.77704,-68.08652,2.94006,24.77705,-68.08652,2.94006,24.77705,-68.08652,0.068498,11.77817,0,53.91944,20.27163,-6.15781,107.756,20.27164,-6.157813,122.165,20.27163,-6.157811,122.165,20.27163,-6.157811,-0.767195,3.101027,0,72.28147,2.557381,7.187447,114.3626,2.557379,7.187451,146.042,2.557381,7.187445,146.042,2.557381,7.187445,0.432595,-3.563474,2.324353,68.24219,-10.55798,11.03424,119.0017,-10.55798,11.03424,152.2967,-10.55798,11.03424,152.2967,-10.55798,11.03424,1.932162,-10.69782,4.45983,57.53512,-19.35403,18.98274,117.2316,-19.35403,18.98275,125.9081,-19.35404,18.98275,125.9081,-19.35404,18.98275,0,0,0,0,0,0,1.905888,0.029806,-0.550076,3.33184,0.080198,-0.950575,2.760462,-0.781082,-1.265824,0,0,0,0,0,0,0.480831,1.787469,2.600536,2.612494,-3.528982,16.16862,3.140464,-9.781032,25.32461,0,0,0,0,0,0,0.919416,1.73597,5.156547,1.744341,-7.087245,22.11611,2.311449,-20.20052,29.95473,0,0,0,-0.018563,0.141728,0.000268,-1.055756,0.204116,0.481546,-3.617342,-8.609712,13.1519,-4.027146,-18.34836,17.31831,0,0,0,-0.064507,0.370262,0.006303,2.303514,1.183771,0.918657,0.309918,-4.561878,8.435055,-1.413278,-11.70845,15.32002,0,0,0,0,0,0,88.73014,0.288337,-26.13544,157.6978,3.028214,-45.46343,140.4914,-34.36982,-60.17267,0,0,0,0,0,0,-1.064837,123.8577,187.6178,145.6775,-19.0115,585.2069,227.0852,-142.0069,779.8737,0,0,0,0,0,0,72.30027,82.82929,230.2542,114.7047,-209.1372,870.2374,136.0812,-684.4192,1185.531,0,0,0,-1.674369,12.77324,0.02414,-153.4763,-94.13346,-232.4321,-238.2333,-309.0602,135.4623,-222.2391,-422.2279,228.7494,0,0,0,-5.81771,33.37037,0.571311,75.54038,36.65372,-12.07262,-31.46566,-220.1839,324.5338,-122.6829,-495.8076,592.1216,5.05492,6.132963,7.228828,7.774142,20.68683,21.59968,0,9.95244,20.39427,56.20583,53.8365,14.40907,2.555429,72.13657,42.08109,31.67948,-10.41357,68.4891,50.75957,33.29488,-18.94538,59.38078,59.69645,8.676497,1.848106,22.60322,-1.678587,35.45797,36.20934,-36.69639,-264.4375,44.21196,39.61561,-64.47784,-325.5359,7.799949,28.89015,-6.026458,-307.6234,51.11938,76.48063,-20.42496,-311.5049,12.95088,99.59792,1053.987,-201.4305,1515.89,-1102.251,-2614.869,-6710.215,3511.913,1699.012,-2897.534,-11437.95,97.56545,-1355.685,3270.492,-11372.99,5138.882,3159.159,155.6076,-14754.14,2418.582
43,716.6666,00:00:00:717,0,0,0,2.512528,-0.978382,1.854603,3.983305,-2.806249,6.659914,5.033577,-4.112159,10.09263,5.420767,-5.42377,13.00152,2.145132,0.012838,2.288352,3.605461,0.004286,9.291883,4.207332,-4.011229,12.13942,3.668443,-6.692094,11.64908,3.009326,-8.828012,10.6743,0.59655,0.110736,2.296674,1.028007,0.217537,10.26065,1.692439,-4.333688,11.87851,2.0096,-6.985913,10.99569,2.136314,-8.45097,9.2443,-0.74827,0.001735,2.303988,-1.206882,-0.067647,9.700074,-0.685378,-4.201656,11.40631,0.00018,-6.714965,10.34416,0.557407,-7.870901,8.477374,-1.943712,-0.121182,2.310502,-3.181791,-0.433161,8.966319,-2.799791,-3.317914,10.68551,-2.077564,-4.815166,10.07749,-1.256153,-6.276453,9.150402,0,0,0,-7.218603,25.06936,-67.82116,-7.212362,25.06936,-67.82117,2.43546,25.06937,-67.82116,2.43546,25.06937,-67.82116,0.068498,11.77817,0,51.95175,21.31235,-7.354175,100.9212,21.31234,-7.354181,115.4087,21.31235,-7.354169,115.4087,21.31235,-7.354169,-0.767195,3.101027,0,70.6062,2.178017,7.539425,108.3026,2.178015,7.539424,140.0315,2.178019,7.539422,140.0315,2.178019,7.539422,0.400855,-3.566064,2.18499,67.38602,-9.768363,11.23244,112.5255,-9.768367,11.23243,146.7414,-9.768358,11.23243,146.7414,-9.768358,11.23243,1.86561,-10.69953,4.19245,57.60619,-18.29332,18.80621,111.2101,-18.29333,18.80619,120.6457,-18.29331,18.80621,120.6457,-18.29331,18.80621,0,0,0,0,0,0,2.055712,-0.495683,-0.808865,3.532782,-0.845969,-1.387641,5.816728,-0.964075,-1.729667,0,0,0,0,0,0,1.543119,4.679694,6.466448,3.748677,-0.231206,24.73046,4.319608,-8.13648,39.31188,0,0,0,0,0,0,1.059093,2.905235,8.127182,3.932956,-3.284588,24.71785,6.984629,-14.5099,33.33176,0,0,0,-0.040345,0.312203,0.000536,1.236937,2.053812,3.927826,-0.604377,-6.710708,20.65408,-0.906402,-18.26763,26.94668,0,0,0,-0.139654,0.815936,0.013143,1.237728,1.259073,0.461832,-1.375157,-4.518628,9.831413,-3.497176,-11.43126,17.80544,0,0,0,0,0,0,8.989423,-31.52936,-15.52731,12.05653,-55.57001,-26.22396,183.3759,-10.97962,-27.8306,0,0,0,0,0,0,63.73733,173.5335,231.9547,68.17101,197.8665,513.7101,70.7486,98.6731,839.2361,0,0,0,0,0,0,8.380561,70.15585,178.2381,131.3169,228.1594,156.1046,280.3907,341.4371,202.6221,0,0,0,-1.306906,10.22852,0.016093,137.5616,110.9818,206.7768,180.7778,113.9402,450.1309,187.2446,4.844069,577.7023,0,0,0,-4.508792,26.74045,0.410378,-63.94721,4.518181,-27.40949,-101.1045,2.595037,83.78147,-125.0338,16.63103,149.1254,4.777015,5.836805,7.078745,7.754964,20.82605,22.01795,0,9.647811,21.47555,54.65826,48.96946,14.48746,2.182206,70.43085,37.6964,31.72892,-9.620589,67.57253,45.13941,34.21593,-17.87074,59.20678,53.60389,9.43561,8.353043,25.09643,0,-18.27776,64.87679,-92.85415,-292.0221,4.703292,-22.39338,-102.3431,-263.0814,2.966194,47.57909,-54.99435,-337.2095,55.26306,64.47842,-10.44022,-365.5538,45.54674,390.2962,149.5926,100.7152,-3224.144,1720.047,-3369.465,-1655.077,-2370.52,-3720.539,-2271.917,3747.27,-290.0253,1121.337,-2938.073,-1775.171,248.6206,-720.1327,599.0844,-3242.931,1955.752
44,733.3333,00:00:00:733,0,0,0,2.512528,-0.978382,1.854603,4.065979,-2.822108,6.627732,5.176588,-4.138713,10.03729,5.643735,-5.462643,12.92881,2.145132,0.012838,2.288352,3.605461,0.004286,9.291883,4.144122,-3.9519,12.23357,3.691777,-6.692153,12.16821,3.060624,-8.935571,11.45023,0.59655,0.110736,2.296674,1.028007,0.217537,10.26065,1.689652,-4.28059,12.02181,2.038383,-7.031192,11.54554,2.208355,-8.722681,10.0159,-0.74827,0.001735,2.303988,-1.207584,-0.062109,9.700081,-0.656811,-4.17241,11.45374,-0.018978,-6.83607,10.81114,0.530044,-8.230604,9.112479,-1.943712,-0.121182,2.310502,-3.184208,-0.418683,8.966533,-2.76481,-3.279624,10.71652,-2.104394,-4.879748,10.34704,-1.330749,-6.467876,9.606169,0,0,0,-7.365473,25.83873,-66.40353,-7.380769,25.83872,-66.40353,1.81619,25.83873,-66.40353,1.81619,25.83873,-66.40353,0.068498,11.77817,0,50.49005,21.19887,-8.850571,91.44592,21.19886,-8.850576,108.4087,21.19887,-8.850567,108.4087,21.19887,-8.850567,-0.767195,3.101027,0,68.81141,2.041891,7.576526,99.7532,2.041892,7.576521,132.0131,2.041891,7.576523,132.0131,2.041891,7.576523,0.367094,-3.568902,2.036726,66.7891,-8.798965,11.3851,103.3638,-8.798965,11.3851,139.3576,-8.798964,11.3851,139.3576,-8.798964,11.3851,1.794823,-10.70181,3.90799,57.28703,-16.6497,18.76753,102.5843,-16.6497,18.76752,113.8084,-16.6497,18.76753,113.8084,-16.6497,18.76753,0,0,0,0,0,0,4.960454,-0.951525,-1.930922,8.580654,-1.593277,-3.320172,13.37803,-2.332337,-4.362523,0,0,0,0,0,0,-3.792598,3.559761,5.648911,1.400001,-0.003576,31.14809,3.077846,-6.453574,46.55595,0,0,0,0,0,0,-0.167247,3.185883,8.597865,1.726985,-2.71672,32.99059,4.322424,-16.30269,46.29582,0,0,0,-0.042077,0.332263,0.000402,1.71406,1.754835,2.845913,-1.149503,-7.266282,28.01844,-1.641758,-21.58221,38.10627,0,0,0,-0.14504,0.868703,0.012785,2.098895,2.297401,1.860603,-1.609772,-3.874942,16.17287,-4.475735,-11.4854,27.34602,0,0,0,0,0,0,174.2845,-27.35048,-67.32343,302.8723,-44.83849,-115.9519,453.6782,-82.0957,-157.9713,0,0,0,0,0,0,-320.1431,-67.19601,-49.05226,-140.9206,13.65781,385.0578,-74.50571,100.9744,434.6439,0,0,0,0,0,0,-73.58036,16.83892,28.24098,-132.3583,34.07211,496.3641,-159.7323,-107.5673,777.8433,0,0,0,-0.103936,1.203557,-0.008047,28.62739,-17.9386,-64.91481,-32.70752,-33.33445,441.8618,-44.12134,-198.8751,669.5757,0,0,0,-0.323206,3.166013,-0.021458,51.67007,62.29966,83.9263,-14.07691,38.62112,380.4874,-58.71353,-3.248155,572.4344,4.573827,5.560105,6.955275,7.790628,21.12014,23.02787,0,9.196952,21.38163,53.36676,40.95586,16.96281,2.049564,68.61813,30.94177,32.25996,-8.64904,66.89451,36.57467,35.99386,-16.20073,58.54656,45.29727,11.22414,17.64542,60.5952,0,-27.05154,-5.63507,-77.49,-480.8164,148.5208,-7.958521,-108.7628,-405.2776,31.86241,58.29294,-40.681,-513.8848,106.6754,100.2008,-39.61326,-498.3968,107.3119,557.5424,2129.926,0,-526.4269,-4230.711,921.849,-11327.66,8629.053,866.0917,-385.1806,-8531.775,1733.773,642.8306,858.8012,-10600.51,3084.741,2143.343,-1750.383,-7970.581,3705.911
45,750,00:00:00:750,0,0,0,2.512528,-0.978382,1.854603,4.279402,-2.80755,6.558601,5.351123,-4.21564,9.943965,5.92666,-5.558319,12.80716,2.145132,0.012838,2.288352,3.605461,0.004286,9.291883,4.148377,-3.816101,12.40716,3.815844,-6.554274,12.73838,3.274931,-8.899753,12.34735,0.59655,0.110736,2.296674,1.028007,0.217537,10.26065,1.74958,-4.158553,12.28593,2.164482,-6.940887,12.25897,2.412819,-8.870915,11.05766,-0.74827,0.001735,2.303988,-1.209294,-0.048082,9.700082,-0.649325,-4.114324,11.55085,-0.072498,-6.865846,11.44475,0.475867,-8.520834,9.998411,-1.943712,-0.121182,2.310502,-3.190056,-0.381982,8.966979,-2.781765,-3.200138,10.78759,-2.210789,-4.872845,10.69219,-1.512325,-6.582562,10.18368,0,0,0,-9.073736,27.02383,-65.35854,-5.815187,27.02383,-65.35854,0.654015,27.02384,-65.35855,0.654015,27.02384,-65.35855,0.068498,11.77817,0,47.877,20.52074,-9.500381,82.68627,20.52074,-9.500381,99.85859,20.52075,-9.500376,99.85859,20.52075,-9.500376,-0.767195,3.101027,0,65.44246,1.890581,8.499587,90.54937,1.890581,8.49959,121.708,1.890583,8.499586,121.708,1.890583,8.499586,0.281659,-3.576479,1.661385,65.46728,-8.123849,11.53131,92.18323,-8.123845,11.53131,130.1618,-8.123852,11.53131,130.1618,-8.123852,11.53131,1.615716,-10.70968,3.187841,56.12639,-14.88144,18.02545,93.19693,-14.88145,18.02544,105.9424,-14.88145,18.02544,105.9424,-14.88145,18.02544,0,0,0,0,0,0,12.8054,0.873473,-4.147857,10.4721,-4.61559,-5.599603,16.9755,-5.740575,-7.299184,0,0,0,0,0,0,0.255346,8.147946,10.4156,7.444046,8.272737,34.21005,12.85841,2.149075,53.82684,0,0,0,0,0,0,3.595669,7.322206,15.84738,7.56593,5.418285,42.80604,12.26783,-8.894071,62.50584,0,0,0,-0.102617,0.841628,0.000089,0.449139,3.485106,5.826652,-3.211199,-1.78653,38.01682,-3.250642,-17.41379,53.15593,0,0,0,-0.3509,2.202053,0.026777,-1.017351,4.769124,4.264175,-6.383725,0.414155,20.70902,-10.89457,-6.881207,34.65056,0,0,0,0,0,0,470.6968,109.4998,-133.0161,113.4869,-181.3387,-136.7658,215.848,-204.4943,-176.1996,0,0,0,0,0,0,242.8767,275.2912,286.0012,362.6426,496.5787,183.7179,586.8337,516.1589,436.2534,0,0,0,0,0,0,225.7749,248.1794,434.9711,350.3367,488.1003,588.9272,476.7243,444.5171,972.601,0,0,0,-3.632381,30.56195,-0.018775,-75.89528,103.8162,178.8443,-123.7018,328.7851,599.9026,-96.53303,250.1052,902.9792,0,0,0,-12.35157,80.00098,0.839531,-186.9747,148.3033,144.2143,-286.4371,257.3459,272.1691,-385.13,276.2514,438.2728,4.290487,5.136256,6.810045,7.954258,21.24876,25.58675,3.258525,6.469206,20.71551,50.80498,34.80927,17.17227,1.9108,65.16508,25.10688,31.15869,-7.973856,65.52713,26.71596,37.97853,-14.48481,57.13633,37.07052,12.74545,7.717208,153.5325,195.5115,-163.6647,-39.96769,-153.7067,-368.7952,12.56744,-8.325791,-207.1834,-350.0936,-66.07613,40.51105,-82.04269,-591.5225,119.0806,102.955,-84.61372,-493.6049,91.27824,-595.6924,5576.24,11730.69,-8196.792,-2059.957,-4573.003,6721.271,-8157.204,-22.0362,-5905.233,3311.039,-5876.312,-1066.913,-2481.701,-4658.265,744.3099,165.2518,-2700.027,287.5122,-962.021
46,766.6666,00:00:00:767,0,0,0,2.512528,-0.978382,1.854603,4.530603,-2.742205,6.48187,5.554062,-4.239363,9.843869,6.252787,-5.582195,12.67945,2.145132,0.012838,2.288352,3.605461,0.004286,9.291883,4.116541,-3.62443,12.63348,3.89358,-6.285043,13.40114,3.444739,-8.681973,13.3947,0.59655,0.110736,2.296674,1.028007,0.217537,10.26065,1.744532,-4.002383,12.59548,2.167183,-6.74495,13.05803,2.446898,-8.867524,12.25413,-0.74827,0.001735,2.303988,-1.211127,-0.032105,9.700058,-0.643235,-4.017017,11.71778,-0.12399,-6.745766,12.16407,0.434297,-8.640894,11.05573,-1.943712,-0.121182,2.310502,-3.196237,-0.340137,8.967326,-2.827825,-3.104824,10.87629,-2.361357,-4.797221,11.10271,-1.743435,-6.594682,10.86421,0,0,0,-11.23809,28.08659,-64.03532,-3.973053,28.08658,-64.03531,-0.718066,28.08659,-64.03531,-0.718066,28.08659,-64.03531,0.068498,11.77817,0,44.46249,19.25144,-10.55327,72.9808,19.25143,-10.55328,90.16052,19.25145,-10.55327,90.16052,19.25145,-10.55327,-0.767195,3.101027,0,61.36295,2.310762,8.375426,80.52875,2.31076,8.375423,110.5984,2.310758,8.375428,110.5984,2.310758,8.375428,0.184493,-3.585781,1.234249,63.11054,-7.762319,12.02874,80.78745,-7.762321,12.02874,119.59,-7.762315,12.02874,119.59,-7.762315,12.02874,1.41209,-10.7223,2.368288,54.44987,-13.7277,17.21515,82.43339,-13.72771,17.21514,97.36337,-13.72771,17.21515,97.36337,-13.72771,17.21515,0,0,0,0,0,0,15.07205,3.920674,-4.603922,12.17631,-1.423404,-6.005734,19.56761,-1.432545,-7.662713,0,0,0,0,0,0,-1.91018,11.50024,13.57931,4.66416,16.15387,39.7658,10.18848,13.06683,62.84102,0,0,0,0,0,0,-0.302844,9.370162,18.57327,0.16205,11.75621,47.94377,2.044782,0.203446,71.78798,0,0,0,-0.109976,0.958601,-0.001475,0.365395,5.838431,10.01599,-3.089508,7.20477,43.1588,-2.494192,-7.203608,63.4392,0,0,0,-0.37086,2.510693,0.020877,-2.763603,5.718838,5.321502,-9.03406,4.53747,24.63081,-13.8666,-0.727147,40.83194,0,0,0,0,0,0,135.9986,182.8321,-27.3639,102.2525,191.5311,-24.36787,155.5266,258.4818,-21.81172,0,0,0,0,0,0,-129.9315,201.1375,189.8226,-166.7931,472.868,333.3449,-160.1956,655.0652,540.851,0,0,0,0,0,0,-233.9107,122.8773,163.553,-444.2328,380.2755,308.2636,-613.3829,545.8509,556.9285,0,0,0,-0.441559,7.018385,-0.093877,-5.024614,141.1995,251.3605,7.301475,539.478,308.5184,45.38701,612.6111,616.9964,0,0,0,-1.197606,18.51838,-0.354052,-104.7751,56.98286,63.4396,-159.0201,247.3989,235.3075,-178.3219,369.2436,370.8824,4.243269,5.045699,6.771036,8.261948,20.86586,28.56331,7.265012,3.254979,19.45072,47.35873,28.51832,17.17969,2.332465,61.04475,19.16575,30.06971,-7.601013,63.14498,17.6769,38.8026,-13.40172,55.37571,27.98351,14.93,-22.97413,178.5936,240.3892,-192.8536,-75.88714,-206.7748,-377.4568,0.445404,25.29985,-247.2198,-356.4679,-65.33913,22.37059,-142.9292,-542.3435,49.44374,64.98528,-105.637,-545.2208,131.0734,-1841.48,1503.665,2692.66,-1751.332,-2155.167,-3184.085,-519.6936,-727.3223,2017.539,-2402.188,-382.4542,44.21997,-1088.427,-3653.188,2950.741,-4178.21,-2278.183,-1261.395,-3096.949,2387.71
47,783.3333,00:00:00:783,0,0,0,2.512528,-0.978382,1.854603,4.759403,-2.66412,6.404893,5.665869,-4.271829,9.749379,6.438074,-5.619815,12.56337,2.145132,0.012838,2.288352,3.605461,0.004286,9.291883,4.071616,-3.369205,12.89706,3.964998,-5.862138,14.11845,3.62446,-8.24298,14.52144,0.59655,0.110736,2.296674,1.028007,0.217537,10.26065,1.738114,-3.739273,13.01963,2.157003,-6.335989,14.01756,2.452048,-8.583702,13.71663,-0.74827,0.001735,2.303988,-1.212921,-0.015321,9.700004,-0.675061,-3.864537,11.97321,-0.229899,-6.480162,12.90874,0.315975,-8.551128,12.17069,-1.943712,-0.121182,2.310502,-3.202178,-0.296135,8.967507,-2.904121,-2.960906,11.02506,-2.556648,-4.601179,11.59235,-2.033556,-6.442665,11.66224,0,0,0,-13.69568,28.85684,-63.67026,-1.490297,28.85684,-63.67026,-1.679588,28.85685,-63.67027,-1.679588,28.85685,-63.67027,0.068498,11.77817,0,40.50084,17.05745,-11.0869,62.62077,17.05745,-11.08689,80.04599,17.05746,-11.08689,80.04599,17.05746,-11.08689,-0.767195,3.101027,0,55.47298,3.287447,7.914997,69.18752,3.28745,7.915002,97.57389,3.287448,7.914994,97.57389,3.287448,7.914994,0.082583,-3.596323,0.785935,59.40438,-7.283888,12.24188,70.41309,-7.283888,12.24189,109.1751,-7.283898,12.24188,109.1751,-7.283898,12.24188,1.198662,-10.73973,1.508078,51.39099,-12.68585,16.32861,70.82107,-12.68585,16.32862,87.85684,-12.68586,16.32862,87.85684,-12.68586,16.32862,0,0,0,0,0,0,13.72799,4.685126,-4.618585,6.708406,-1.947932,-5.669429,11.11722,-2.257235,-6.964803,0,0,0,0,0,0,-2.69553,15.31347,15.81484,4.285074,25.37428,43.03864,10.78331,26.33956,67.6049,0,0,0,0,0,0,-0.385076,15.78663,25.44898,-0.610784,24.5377,57.57164,0.308946,17.02934,87.75039,0,0,0,-0.10764,1.007021,-0.003263,-1.909562,9.148768,15.32574,-6.354533,15.93625,44.68023,-7.099343,5.385965,66.89746,0,0,0,-0.356466,2.640143,0.010863,-4.577737,8.635092,8.926212,-11.7175,11.76249,29.37886,-17.40722,9.12103,47.88199,0,0,0,0,0,0,-80.6432,45.86711,-0.879765,-328.0743,-31.47169,20.17826,-507.0233,-49.48138,41.8746,0,0,0,0,0,0,-47.12104,228.7937,134.1318,-22.74513,553.2245,196.3699,35.68947,796.364,285.8323,0,0,0,0,0,0,-4.933923,384.9881,412.5426,-46.37002,766.8891,577.6725,-104.1502,1009.554,957.7445,0,0,0,0.140145,2.905173,-0.107288,-136.4974,198.6202,318.5847,-195.9015,523.889,91.28629,-276.3091,755.3743,207.4957,0,0,0,0.863671,7.767006,-0.600815,-108.848,174.9752,216.2826,-161.0063,433.5013,284.8827,-212.4373,590.8906,423.0031,4.316418,5.099319,6.799036,8.559066,20.32807,31.27958,12.20537,-0.188712,17.23528,43.09849,22.11995,17.42517,3.305708,55.11292,13.71453,28.38637,-7.126511,59.43542,11.00866,38.76195,-12.44732,52.32723,19.43007,17.03576,-32.26742,162.9763,296.4217,-206.6214,-132.9267,-255.6145,-383.9022,14.72855,58.39462,-355.9099,-327.0728,-101.0001,28.47012,-222.5736,-400.094,-2.438965,57.26451,-182.9088,-513.2066,126.3453,-557.5974,-937.0376,3361.951,-826.0665,-3422.372,-2930.383,-386.726,856.9884,1985.686,-6521.401,1763.707,-2139.656,365.9717,-4778.667,8534.972,-3112.962,-463.2456,-4636.312,1920.849,-283.6839
48,800,00:00:00:800,0,0,0,2.512528,-0.978382,1.854603,5.057494,-2.543908,6.289416,5.82093,-4.29564,9.597075,6.738529,-5.625163,12.37598,2.145132,0.012838,2.288352,3.605461,0.004286,9.291883,4.043908,-3.031836,13.18865,4.050354,-5.267787,14.83739,3.833853,-7.552703,15.66145,0.59655,0.110736,2.296674,1.028007,0.217537,10.26065,1.688684,-3.377951,13.48688,2.075369,-5.687957,15.04528,2.359911,-7.942494,15.30204,-0.74827,0.001735,2.303988,-1.213957,-0.005004,9.699955,-0.728478,-3.65123,12.2966,-0.357336,-6.092961,13.64385,0.157625,-8.26802,13.2757,-1.943712,-0.121182,2.310502,-3.205551,-0.269065,8.967525,-2.952917,-2.811917,11.17964,-2.703513,-4.324979,12.06366,-2.251552,-6.143393,12.462,0,0,0,-16.80749,29.96395,-62.76231,1.844531,29.96396,-62.76231,-3.698628,29.96395,-62.76231,-3.698628,29.96395,-62.76231,0.068498,11.77817,0,35.82315,14.28899,-10.65947,52.23504,14.28899,-10.65947,69.59167,14.28899,-10.65947,69.59167,14.28899,-10.65947,-0.767195,3.101027,0,48.43634,4.172202,6.72091,56.26004,4.172201,6.720908,83.53619,4.172201,6.720912,83.53619,4.172201,6.720912,0.020017,-3.603192,0.510528,54.51461,-6.553597,12.23575,61.18213,-6.553598,12.23574,99.41495,-6.553601,12.23575,99.41495,-6.553601,12.23575,1.067728,-10.75256,0.979624,47.92518,-12.38737,16.63413,59.2468,-12.38737,16.63412,77.7075,-12.38737,16.63413,77.7075,-12.38737,16.63413,0,0,0,0,0,0,17.88544,7.212705,-6.928593,9.303688,-1.428656,-9.138286,18.0273,-0.320859,-11.24355,0,0,0,0,0,0,-1.662478,20.2422,17.49524,5.121343,35.66106,43.13644,12.56358,41.41661,68.40026,0,0,0,0,0,0,-2.965852,21.67931,28.03481,-4.898037,38.88188,61.66291,-5.5282,38.47248,95.12445,0,0,0,-0.062149,0.619056,-0.002906,-3.205041,12.79843,19.40341,-7.646231,23.23206,44.1066,-9.500959,16.98652,66.3009,0,0,0,-0.202373,1.624209,0.001073,-2.927743,8.939355,9.27481,-8.811894,16.572,28.27839,-13.07977,17.95631,47.98566,0,0,0,0,0,0,249.4467,151.6547,-138.6005,155.7169,31.15653,-208.1313,414.6051,116.1826,-256.7249,0,0,0,0,0,0,61.98315,295.7236,100.8242,50.17608,617.207,5.868673,106.8163,904.623,47.72186,0,0,0,0,0,0,-154.8466,353.5607,155.1497,-257.2352,860.651,245.4757,-350.2287,1286.589,442.4436,0,0,0,2.729483,-23.2779,0.021458,-77.72874,218.9796,244.6604,-77.50188,437.7486,-34.4181,-144.097,696.0331,-35.79425,0,0,0,9.245572,-60.95604,-0.587404,98.99965,18.25578,20.91586,174.3362,288.5708,-66.02776,259.6471,530.1171,6.220042,4.79029,5.753623,7.148601,9.005416,19.44345,34.84982,18.65202,-5.543159,14.42908,37.92352,16.41192,17.35658,4.183058,48.09839,7.823707,27.27614,-6.412061,54.54354,6.667504,38.2328,-12.17949,48.97895,11.32159,18.4607,-53.07724,214.2144,386.799,-321.2668,-168.3716,-310.4983,-342.4818,-4.11541,52.64099,-420.8713,-353.4496,-66.61366,42.86699,-293.5123,-260.4696,-31.74911,16.06985,-200.8967,-486.5085,85.49674,-1248.589,3074.283,5422.635,-6878.727,-2126.696,-3293.027,2485.224,-1130.637,-345.2179,-3897.689,-1582.61,2063.184,863.8119,-4256.323,8377.461,-1758.609,-2471.68,-1079.269,1601.889,-2450.916
49,816.6666,00:00:00:817,0,0,0,2.512528,-0.978382,1.854603,5.261609,-2.421217,6.208461,6.026131,-4.229548,9.485264,7.114799,-5.496867,12.23128,2.145132,0.012838,2.288352,3.605461,0.004286,9.291883,4.039261,-2.557181,13.51631,4.141191,-4.417489,15.57707,4.036665,-6.496354,16.84757,0.59655,0.110736,2.296674,1.028007,0.217537,10.26065,1.577305,-2.898494,13.97026,1.896143,-4.810901,16.00871,2.137535,-6.946038,16.7915,-0.74827,0.001735,2.303988,-1.215113,0.007163,9.699883,-0.771861,-3.318609,12.70255,-0.481564,-5.43622,14.53184,-0.00143,-7.647852,14.63056,-1.943712,-0.121182,2.310502,-3.209255,-0.237126,8.967456,-3.064241,-2.59391,11.3857,-2.94149,-3.913331,12.5592,-2.587473,-5.654594,13.27492,0,0,0,-18.60338,30.78663,-61.02253,3.110276,30.78664,-61.02253,-6.043318,30.78662,-61.02255,-6.043318,30.78662,-61.02255,0.068498,11.77817,0,29.53132,11.76369,-10.18111,40.73807,11.7637,-10.1811,57.84771,11.76369,-10.1811,57.84771,11.76369,-10.1811,-0.767195,3.101027,0,40.26571,4.372632,4.854048,43.38862,4.372633,4.854047,69.92249,4.372633,4.854052,69.92249,4.372633,4.854052,-0.05368,-3.611676,0.185936,47.94051,-5.446924,12.48686,49.21892,-5.446925,12.48686,87.49108,-5.446929,12.48686,87.49108,-5.446929,12.48686,0.913611,-10.76976,0.356785,42.88341,-12.45745,16.59729,47.23703,-12.45746,16.5973,67.50327,-12.45745,16.5973,67.50327,-12.45745,16.5973,0,0,0,0,0,0,12.2469,7.361445,-4.857324,12.31205,3.965512,-6.708607,22.57624,7.697738,-8.681595,0,0,0,0,0,0,-0.278793,28.47925,19.65943,5.450271,51.01794,44.38063,12.16871,63.38095,71.16714,0,0,0,0,0,0,-6.682735,28.76744,29.0029,-10.75359,52.62337,57.80625,-13.34255,59.78738,89.36745,0,0,0,-0.069391,0.729999,-0.004336,-2.602969,19.95731,24.35687,-7.45366,39.40442,53.27976,-9.543302,37.21001,81.29122,0,0,0,-0.222221,1.916345,-0.004202,-6.679471,13.08044,12.3636,-14.27857,24.69887,29.7326,-20.15528,29.32792,48.77489,0,0,0,0,0,0,-338.3123,8.924379,124.2761,180.5019,323.6501,145.7807,272.9362,481.1158,153.7174,0,0,0,0,0,0,83.02107,494.2232,129.8511,19.73569,921.4125,74.65124,-23.692,1317.86,166.0126,0,0,0,0,0,0,-223.0129,425.2877,58.08574,-351.3331,824.4896,-231.3995,-468.8608,1278.893,-345.4202,0,0,0,-0.434518,6.656555,-0.085831,36.12432,429.5329,297.2075,11.55429,970.3413,550.3894,-2.540544,1213.41,899.4198,0,0,0,-1.190901,17.52814,-0.316501,-225.1037,248.4651,185.3272,-328.0006,487.6122,87.25208,-424.5305,682.2963,47.3544,5.637727,6.904261,7.811784,9.759517,18.3348,37.26883,21.71366,-9.153604,11.87766,31.23038,11.20674,17.10961,4.376898,40.02988,3.122865,26.53385,-5.315039,47.92274,1.278247,38.27213,-12.33932,44.26262,4.353612,20.26624,-66.51901,145.1404,183.6979,-216.6266,-153.085,-401.5878,-312.3107,-14.81781,11.6304,-484.1109,-282.0505,-44.53765,65.82132,-397.248,-323.3554,2.360229,-9.590148,-282.9803,-418.0787,108.3323,-806.5065,-4144.44,-12186.06,6278.413,917.1935,-5465.368,1810.265,-642.1439,-2460.635,-3794.375,4283.943,1324.56,1377.26,-6224.139,-3773.146,2046.56,-1539.6,-4925.021,4105.787,1370.132
50,833.3333,00:00:00:833,0,0,0,2.512528,-0.978382,1.854603,5.424836,-2.315605,6.135443,6.116611,-4.199621,9.385662,7.284599,-5.442614,12.11012,2.145132,0.012838,2.288352,3.605461,0.004286,9.291883,3.969263,-2.054343,13.78908,4.119898,-3.401934,16.21378,4.067308,-5.161735,17.90112,0.59655,0.110736,2.296674,1.028007,0.217537,10.26065,1.469292,-2.31448,14.40393,1.723905,-3.775085,16.79476,1.918511,-5.697674,18.01771,-0.74827,0.001735,2.303988,-1.215744,0.014135,9.699835,-0.888929,-2.73849,13.248,-0.683167,-4.46476,15.4599,-0.304408,-6.594929,16.13111,-1.943712,-0.121182,2.310502,-3.211244,-0.218814,8.967371,-3.280461,-2.191211,11.71113,-3.316855,-3.223833,13.14829,-3.144156,-4.766701,14.27048,0,0,0,-20.40581,31.33541,-60.2406,5.025213,31.3354,-60.2406,-7.094335,31.33541,-60.24061,-7.094335,31.33541,-60.24061,0.068498,11.77817,0,23.19715,9.399909,-10.84082,27.78923,9.399907,-10.84082,45.4649,9.399908,-10.84082,45.4649,9.399908,-10.84082,-0.767195,3.101027,0,31.56625,4.171362,3.13435,31.55817,4.171359,3.134346,57.57546,4.171362,3.134351,57.57546,4.171362,3.134351,-0.095875,-3.616721,0,37.8683,-3.406086,11.14018,38.0371,-3.406088,11.14018,72.73321,-3.406089,11.14018,72.73321,-3.406089,11.14018,0.825435,-10.78062,0,33.88812,-12.06211,15.27224,33.87403,-12.06212,15.27224,53.19898,-12.06211,15.27224,53.19898,-12.06211,15.27224,0,0,0,0,0,0,9.793616,6.336719,-4.381075,5.428835,1.795627,-5.976095,10.18801,3.255218,-7.26959,0,0,0,0,0,0,-4.19987,30.1703,16.36621,-1.277603,60.93326,38.20252,1.838587,80.07713,63.21296,0,0,0,0,0,0,-6.480764,35.04082,26.01993,-10.33429,62.14892,47.16253,-13.14143,74.90184,73.57245,0,0,0,-0.037853,0.418347,-0.002861,-7.024074,34.8071,32.72706,-12.09615,58.28761,55.68373,-18.17869,63.1754,90.0329,0,0,0,-0.119336,1.098683,-0.005051,-12.97317,24.16191,19.52594,-22.5219,41.3699,35.34517,-33.40099,53.27359,59.73351,0,0,0,0,0,0,-147.1969,-61.48355,28.57491,-412.9931,-130.1931,43.9507,-743.2936,-266.5511,84.72025,0,0,0,0,0,0,-235.2646,101.4631,-197.593,-403.6724,594.9189,-370.6866,-619.8075,1001.77,-477.2508,0,0,0,0,0,0,12.11822,376.403,-178.9783,25.15778,571.5329,-638.623,12.06726,906.8681,-947.6995,0,0,0,1.892298,-18.69908,0.088513,-265.2663,890.9876,502.2113,-278.5496,1132.992,144.2385,-518.1232,1557.923,524.5005,0,0,0,6.173104,-49.0597,-0.050962,-377.6222,664.888,429.7408,-494.6,1000.261,336.754,-794.7426,1436.74,657.5165,6.630646,7.984955,8.665401,10.67159,17.34745,39.22795,25.43103,-12.11951,9.494776,24.59633,4.592053,17.67567,4.172557,31.42973,0,26.0173,-3.329608,37.80387,0.169021,34.6961,-12.11836,35.71111,0,19.32495,-59.2408,117.5473,223.0424,-177.9545,-142.9733,-398.0433,-396.8813,33.96355,-12.26046,-516.0089,-187.3719,-30.99277,119.1258,-607.1321,-66.55361,-214.5618,13.25786,-513.0901,-261.2167,-56.47739,436.693,-1655.585,2360.666,2320.33,606.7025,212.6678,-5074.231,2926.881,-1433.451,-1913.879,5680.72,812.6929,3198.271,-12593.05,15408.11,-13015.32,1370.881,-13806.58,9411.718,-9888.58
51,849.9999,00:00:00:850,0,0,0,2.512528,-0.978382,1.854603,5.539007,-2.243265,6.077847,6.192345,-4.173923,9.30859,7.422838,-5.395479,12.01518,2.145132,0.012838,2.288352,3.605461,0.004286,9.291883,4.016906,-1.408853,14.02779,4.233654,-2.262273,16.66267,4.272051,-3.624389,18.68502,0.59655,0.110736,2.296674,1.028007,0.217537,10.26065,1.34719,-1.598229,14.77437,1.531319,-2.648829,17.37756,1.658078,-4.278574,18.97684,-0.74827,0.001735,2.303988,-1.215744,0.014135,9.699835,-1.030753,-1.967241,13.73879,-0.913209,-3.216637,16.25674,-0.658899,-5.089589,17.50533,-1.943712,-0.121182,2.310502,-3.211244,-0.218814,8.967371,-3.625409,-1.498497,12.06805,-3.842135,-2.169299,13.69166,-3.960364,-3.269852,15.25512,0,0,0,-21.78294,31.73442,-59.90844,6.051601,31.73441,-59.90844,-8.087078,31.73442,-59.90845,-8.087078,31.73442,-59.90845,0.068498,11.77817,0,15.40353,7.892433,-10.25815,16.76162,7.892434,-10.25816,33.14997,7.892439,-10.25815,33.14997,7.892439,-10.25815,-0.767195,3.101027,0,21.91815,3.726623,0.793858,21.98235,3.726624,0.793859,45.50811,3.726623,0.793858,45.50811,3.726623,0.793858,-0.095875,-3.616721,0,26.17517,-1.749721,8.888637,26.43744,-1.749723,8.88864,56.53438,-1.749722,8.888641,56.53438,-1.749722,8.888641,0.825435,-10.78062,0,20.32985,-11.94498,11.25479,20.35216,-11.94498,11.25478,33.46468,-11.94498,11.25478,33.46468,-11.94498,11.25478,0,0,0,0,0,0,6.850272,4.340428,-3.455736,4.544019,1.541823,-4.624352,8.294284,2.828076,-5.696743,0,0,0,0,0,0,2.858542,38.72942,14.32273,6.825395,68.37966,26.93322,12.28456,92.24074,47.0345,0,0,0,0,0,0,-7.326113,42.97506,22.22684,-11.55513,67.57542,34.96849,-15.62599,85.14597,57.54804,0,0,0,0,0,0,-8.509408,46.27492,29.44725,-13.80255,74.88736,47.81002,-21.26943,90.32039,82.45316,0,0,0,-0.000022,0,0,-20.69688,41.56284,21.41547,-31.5168,63.272,32.60242,-48.97248,89.81093,59.07833,0,0,0,0,0,0,-176.6006,-119.7774,55.52036,-53.08896,-15.22824,81.10463,-113.6237,-25.62852,94.37081,0,0,0,0,0,0,423.5046,513.5471,-122.6091,486.1799,446.7845,-676.1578,626.7584,729.8169,-970.7073,0,0,0,0,0,0,-50.72088,476.0545,-227.5855,-73.25046,325.5894,-731.6422,-149.0738,614.6471,-961.4646,0,0,0,2.27116,-25.10082,0.171661,-89.12006,688.069,-196.7883,-102.3839,995.9846,-472.423,-185.4444,1628.699,-454.7846,0,0,0,7.158815,-65.92098,0.30309,-463.4226,1044.056,113.3716,-539.6939,1314.126,-164.5642,-934.2897,2192.24,-39.31045,7.586243,9.107397,9.774956,12.02467,16.67323,40.6263,27.83454,-14.13867,7.98146,16.61447,1.358115,16.38836,3.726307,21.91377,0.068528,23.52576,-1.721924,26.13102,0.262443,30.09693,-12.12226,22.42644,0.019782,13.1125,-40.45349,83.90144,144.2109,-121.1496,-90.79897,-478.9117,-194.0363,-77.2388,-26.775,-570.9575,4.111682,-149.4928,96.46103,-700.371,5.60533,-275.9502,-0.234203,-797.0806,1.18694,-372.747,1127.238,-2018.751,-4729.888,3408.295,3130.462,-4852.099,12170.7,-6672.141,-870.8724,-3296.916,11489.01,-7110,-1359.889,-5594.333,4329.536,-3683.304,-809.524,-17039.43,15744.22,-18976.17
52,866.6666,00:00:00:867,0,0,0,2.512528,-0.978382,1.854603,5.670319,-2.162954,6.004355,6.315714,-4.138424,9.209505,7.651328,-5.316518,11.88535,2.145132,0.012838,2.288352,3.605461,0.004286,9.291883,4.142695,-0.783768,14.15865,4.443945,-1.223366,16.88516,4.600055,-2.203403,19.1127,0.59655,0.110736,2.296674,1.028007,0.217537,10.26065,1.318702,-0.869535,15.00474,1.486313,-1.501738,17.74088,1.596015,-2.752689,19.65214,-0.74827,0.001735,2.303988,-1.215744,0.014135,9.699835,-1.129582,-1.137946,14.05168,-1.074384,-1.871781,16.76706,-0.943358,-3.339247,18.4878,-1.943712,-0.121182,2.310502,-3.211245,-0.218814,8.967371,-3.910133,-0.961025,12.1898,-4.276115,-1.349864,13.87738,-4.615954,-2.00758,15.64415,0,0,0,-23.301,32.33482,-59.4044,6.764121,32.33481,-59.4044,-9.853201,32.33482,-59.40442,-9.853201,32.33482,-59.40442,0.068498,11.77817,0,8.147244,7.546445,-8.248546,8.108168,7.546455,-8.248546,22.86389,7.546443,-8.248546,22.86389,7.546443,-8.248546,-0.767195,3.101027,0,12.85026,3.62551,-0.522303,12.95422,3.625512,-0.522303,33.13078,3.625511,-0.522303,33.13078,3.625511,-0.522303,-0.095875,-3.616721,0,14.86427,-0.317475,5.473079,15.16048,-0.317477,5.47308,40.56912,-0.317474,5.473079,40.56912,-0.317474,5.473079,0.825436,-10.78062,0,10.43808,-14.19479,9.806102,10.44276,-14.19479,9.806099,17.94559,-14.19479,9.806104,17.94559,-14.19479,9.806104,0,0,0,0,0,0,7.87872,4.818644,-4.409551,7.402136,2.129987,-5.945116,13.70944,4.737675,-7.78967,0,0,0,0,0,0,7.547356,37.50507,7.85154,12.61742,62.33442,13.34971,19.68022,85.25918,25.66069,0,0,0,0,0,0,-1.709266,43.72159,13.82169,-2.70037,68.82545,21.79903,-3.723811,91.55312,40.51798,0,0,0,0,0,0,-5.929738,49.75769,18.77314,-9.67052,80.69139,30.61929,-17.06754,105.0205,58.94878,0,0,0,-0.000022,-0.000003,-0.000045,-17.08346,32.24834,7.304593,-26.03884,49.16611,11.14279,-39.33538,75.73633,23.34201,0,0,0,0,0,0,61.70685,28.69293,-57.22893,171.487,35.28982,-79.24586,324.9094,114.5759,-125.5756,0,0,0,0,0,0,281.3288,-73.46069,-388.2711,347.5217,-362.7144,-815.0106,443.7392,-418.8934,-1282.428,0,0,0,0,0,0,337.0108,44.79164,-504.3088,531.2859,75.00207,-790.1679,714.1307,384.4296,-1021.803,0,0,0,0,-0.000026,0,154.7802,208.9664,-640.447,247.9219,348.2419,-1031.443,252.1133,882.0093,-1410.262,0,0,0,0,-0.000168,-0.002682,216.8056,-558.8701,-846.6526,328.6777,-846.3535,-1287.578,578.2264,-844.476,-2144.179,8.440166,10.17659,11.01684,13.25005,15.93172,42.26964,30.06511,-16.6173,7.618678,9.197807,-0.034264,14.75571,3.625851,12.9061,0.100871,20.17654,-0.312161,14.82799,0.296735,25.40862,-14.41399,12.97055,0,7.502814,-44.49062,98.6,133.8342,-148.7176,-21.76689,-444.9996,-83.54274,-97.9589,-6.027402,-540.4598,1.940551,-200.953,84.58582,-678.1817,2.057569,-281.2985,-137.5035,-567.3533,-1.18694,-336.5813,-242.2279,881.9137,-622.6025,-1654.084,4141.924,2034.723,6629.612,-1243.206,1244.856,1829.861,-130.2679,-3087.611,-712.5128,1331.36,-212.8656,-320.8978,-8236.158,13783.64,-142.4328,2169.941
53,883.3333,00:00:00:883,0,0,0,2.512528,-0.978382,1.854603,5.757669,-2.10352,5.95319,6.425554,-4.089622,9.147141,7.839354,-5.22733,11.8002,2.145132,0.012838,2.288352,3.605461,0.004286,9.291883,4.238822,-0.3149,14.20025,4.579344,-0.607047,16.94188,4.809316,-1.345622,19.25454,0.59655,0.110736,2.296674,1.028007,0.217537,10.26065,1.202107,-0.347236,15.10042,1.302398,-0.677712,17.89236,1.355534,-1.627296,19.9721,-0.74827,0.001735,2.303988,-1.215744,0.014135,9.699835,-1.347317,-0.51984,14.1687,-1.428884,-0.864831,16.95962,-1.441098,-1.976109,18.93357,-1.943712,-0.121182,2.310502,-3.211245,-0.218814,8.967371,-4.068521,-0.876837,12.16978,-4.517212,-1.222643,13.84673,-4.950959,-1.808277,15.6183,0,0,0,-24.42755,32.66824,-59.20157,6.663021,32.66822,-59.20155,-11.33731,32.66824,-59.20157,-11.33731,32.66824,-59.20157,0.068498,11.77817,0,2.818207,7.727193,-6.637595,5.180151,7.727198,-6.637596,16.85423,7.727197,-6.637595,16.85423,7.727197,-6.637595,-0.767195,3.101027,0,6.585458,2.263892,-1.756509,6.680004,2.26389,-1.75651,24.47674,2.263892,-1.756509,24.47674,2.263892,-1.756509,-0.095875,-3.616721,0,6.713234,-2.042231,3.001661,6.946403,-2.042232,3.001661,29.31493,-2.042232,3.00166,29.31493,-2.042232,3.00166,0.825436,-10.78063,0,8.390771,-16.71362,10.35585,8.430837,-16.71364,10.35584,15.07203,-16.71362,10.35584,15.07203,-16.71362,10.35584,0,0,0,0,0,0,5.241014,3.566075,-3.069877,6.590411,2.928145,-3.741771,11.28155,5.351275,-5.109116,0,0,0,0,0,0,5.767598,28.13208,2.495885,8.123941,36.97911,3.403276,12.55567,51.4668,8.51038,0,0,0,0,0,0,-6.995727,31.33796,5.740821,-11.0349,49.44155,9.088933,-14.42881,67.52358,19.19746,0,0,0,0.000006,0,0,-13.06414,37.08641,7.021755,-21.26998,60.41697,11.55344,-29.86441,81.78824,26.746,0,0,0,-0.000022,0,0,-9.503289,5.051242,-1.200914,-14.46578,7.633242,-1.838833,-20.10032,11.95815,-1.551032,0,0,0,0,0,0,-158.2624,-75.15413,80.38042,-48.7035,47.8895,132.2007,-145.6735,36.816,160.8333,0,0,0,0,0,0,-106.7854,-562.3796,-321.3393,-269.609,-1521.319,-596.7861,-427.4729,-2027.542,-1029.019,0,0,0,0,0,0,-317.1876,-743.0181,-484.8522,-500.0717,-1163.034,-762.6056,-642.3002,-1441.772,-1279.231,0,0,0,0.000335,0.000016,0,-428.0641,-760.2771,-705.0829,-695.9678,-1216.465,-1143.951,-767.8121,-1393.939,-1932.166,0,0,0,0,0.000168,0.002682,454.8101,-1631.825,-510.3304,694.3837,-2491.972,-778.8973,1154.104,-3826.691,-1493.583,8.933983,11.0354,12.14834,13.77897,15.35058,43.37114,31.09055,-18.00032,7.779377,3.720681,2.3619,11.67406,2.264945,6.655994,0.092787,17.79672,-2.044688,6.813825,0.23239,22.36852,-17.01114,11.61137,0.034264,6.641186,-34.86826,66.08986,61.52618,-82.9811,9.641961,-328.6276,143.7699,-184.8987,-81.65435,-375.0066,-0.484989,-142.7892,-103.9516,-480.8501,-3.860723,-182.4062,-155.829,-81.55082,2.055841,-51.69768,577.3416,-1950.608,-4338.48,3944.191,1884.531,6982.32,13638.75,-5216.388,-4537.617,9927.194,-145.5323,3489.827,-11312.25,11839.89,-355.0975,5933.538,-1099.528,29148.15,194.5669,17093.02
54,899.9999,00:00:00:900,0,0,0,2.512528,-0.978382,1.854603,5.799153,-2.06754,5.929787,6.467382,-4.068959,9.11409,7.920874,-5.18442,11.75512,2.145132,0.012838,2.288352,3.605461,0.004286,9.291883,4.217743,-0.095395,14.21227,4.556144,-0.19888,16.96775,4.800807,-0.766296,19.32676,0.59655,0.110736,2.296674,1.028007,0.217537,10.26065,1.124514,0.009015,15.13095,1.180013,-0.116952,17.94081,1.202904,-0.843646,20.10903,-0.74827,0.001735,2.303988,-1.215744,0.014135,9.699835,-1.563674,-0.218856,14.1829,-1.780528,-0.373762,16.98359,-1.899668,-1.26284,19.06372,-1.943712,-0.121182,2.310502,-3.211245,-0.218814,8.967371,-4.095124,-0.908447,12.15587,-4.558069,-1.269377,13.82574,-5.006329,-1.877813,15.58598,0,0,0,-24.85088,32.87629,-58.80571,6.991992,32.87629,-58.80571,-11.95078,32.87629,-58.80573,-11.95078,32.87629,-58.80573,0.068498,11.77817,0,0.484003,7.169471,-5.37447,1.471356,7.169466,-5.374468,12.84185,7.16947,-5.374467,12.84185,7.16947,-5.374467,-0.767195,3.101027,0,2.413984,1.212245,-1.813932,2.529264,1.212245,-1.813932,18.49914,1.212245,-1.813932,18.49914,1.212245,-1.813932,-0.095875,-3.616721,0,2.722074,-4.591397,3.100223,2.912561,-4.591398,3.100222,22.89588,-4.591399,3.100223,22.89588,-4.591399,3.100223,0.825436,-10.78063,0,8.980809,-17.23558,9.887996,8.972938,-17.23557,9.887996,15.82608,-17.23559,9.887993,15.82608,-17.23559,9.887993,0,0,0,0,0,0,2.489067,2.158765,-1.404203,2.509698,1.239762,-1.983091,4.891187,2.574585,-2.704739,0,0,0,0,0,0,-1.264706,13.17029,0.721604,-1.392022,24.49003,1.552015,-0.510491,34.75958,4.333198,0,0,0,0,0,0,-4.655588,21.37507,1.83177,-7.343083,33.64562,2.90662,-9.157849,47.01901,8.216142,0,0,0,-0.000006,0,0,-12.98139,18.05901,0.85187,-21.09864,29.46416,1.4382,-27.5142,42.79618,7.808804,0,0,0,0.000022,0,0,-1.59616,-1.896551,-0.834793,-2.451449,-2.803981,-1.259386,-3.322184,-4.172164,-1.939237,0,0,0,0,0,0,-165.1168,-84.43863,99.94044,-244.8427,-101.303,105.5208,-383.4218,-166.6014,144.2626,0,0,0,0,0,0,-421.9382,-897.7072,-106.4569,-570.9578,-749.3448,-111.0756,-783.9694,-1002.434,-250.631,0,0,0,0,0,0,140.4083,-597.7729,-234.5431,221.5089,-947.7556,-370.9387,316.2579,-1230.274,-658.8792,0,0,0,-0.000671,0,0,4.964768,-1141.644,-370.1931,10.28055,-1857.168,-606.9141,141.0128,-2339.523,-1136.232,0,0,0,0.002682,0,0,474.4277,-416.8675,21.96729,720.8596,-626.2334,34.76679,1006.688,-967.8187,-23.2923,9.305076,11.56553,12.85447,13.88243,14.96346,43.88609,31.84286,-18.94276,7.201161,1.160621,0.987347,11.37049,1.21273,2.451602,0.11535,15.96986,-4.598362,2.975127,0.189746,19.98331,-17.52353,12.20437,0,6.853118,-23.22687,30.89699,45.13836,-56.54674,-34.69296,-153.6036,-82.47318,-18.21442,-63.13287,-252.2635,1.353749,-109.6119,-153.2204,-230.3219,-2.558665,-143.1126,-30.74375,35.58031,-2.055841,12.71593,698.4833,-2111.572,-983.2695,1586.062,-2660.095,10501.44,-13574.58,10001.06,1111.289,7364.583,110.3243,1990.636,-2956.129,15031.7,78.12352,2357.617,7505.113,7027.868,-246.7009,3864.816
55,916.6666,00:00:00:917,0,0,0,2.512528,-0.978382,1.854603,5.839417,-2.016187,5.910471,6.510095,-4.035913,9.082678,8.018878,-5.111746,11.7091,2.145132,0.012838,2.288352,3.605461,0.004286,9.291883,4.20141,0.07631,14.21476,4.529738,0.050137,16.97327,4.778675,-0.388266,19.35919,0.59655,0.110736,2.296674,1.028007,0.217537,10.26065,1.031052,0.226908,15.13636,1.032682,0.228098,17.94958,1.016892,-0.337429,20.16538,-0.74827,0.001735,2.303988,-1.215744,0.014135,9.699835,-1.702607,-0.070298,14.17522,-2.006379,-0.130369,16.97146,-2.196067,-0.890727,19.0969,-1.943712,-0.121182,2.310502,-3.211245,-0.218814,8.967371,-4.102602,-0.912693,12.15286,-4.569472,-1.275775,13.82118,-5.028872,-1.87666,15.58114,0,0,0,-25.12207,33.10095,-57.97496,7.557864,33.10094,-57.97495,-12.73671,33.10094,-57.97497,-12.73671,33.10094,-57.97497,0.068498,11.77817,0,-1.407601,6.808899,-4.818144,-0.030886,6.808895,-4.818144,9.820794,6.808898,-4.818144,9.820794,6.808898,-4.818144,-0.767195,3.101027,0,-0.111149,0.032457,-1.726512,-0.025229,0.032457,-1.726511,14.32299,0.032456,-1.726511,14.32299,0.032456,-1.726511,-0.095875,-3.616722,0,0.716012,-6.259884,3.300098,0.865264,-6.259883,3.300098,19.2856,-6.259883,3.300098,19.2856,-6.259883,3.300098,0.825436,-10.78062,0,9.400167,-17.19091,8.644279,9.389943,-17.19092,8.644275,15.90658,-17.19091,8.644276,15.90658,-17.19091,8.644276,0,0,0,0,0,0,2.415776,3.081165,-1.158938,2.562761,1.982756,-1.884743,5.880251,4.360422,-2.761379,0,0,0,0,0,0,-0.97999,10.30228,0.14922,-1.584314,14.94104,0.331342,-1.327984,22.6818,1.945674,0,0,0,0,0,0,-5.607694,13.07357,0.324547,-8.83985,20.70298,0.526607,-11.1607,30.37296,3.380656,0,0,0,0,0,0,-8.33597,8.91351,-0.460893,-13.55103,14.60359,-0.727415,-17.78393,22.32677,1.990735,0,0,0,0,0,0,-0.448644,-0.25476,-0.180244,-0.684187,-0.383925,-0.273854,-1.352593,0.069223,-0.290573,0,0,0,0,0,0,-4.397481,55.34403,14.71594,3.183782,44.57965,5.900859,59.34387,107.1502,-3.398359,0,0,0,0,0,0,17.08299,-172.081,-34.343,-11.53753,-572.9391,-73.24039,-49.04955,-724.6666,-143.2514,0,0,0,0,0,0,-57.12635,-498.0901,-90.43334,-89.80608,-776.5582,-142.8008,-120.171,-998.7627,-290.1291,0,0,0,0.000335,0.000005,0,278.7255,-548.7297,-78.76575,452.8564,-891.6344,-129.9369,583.8162,-1228.165,-349.0841,0,0,0,-0.001341,0,0,68.85096,98.50746,39.2729,106.0358,145.2034,59.13197,118.1754,254.4833,98.91985,9.55689,11.97208,13.29442,13.98936,14.35277,44.36086,32.67994,-20.29456,6.832539,-0.838368,1.376719,9.851674,0.027976,-0.110143,0.083929,14.34821,-6.270448,1.081008,0.148038,18.42033,-17.42191,12.28848,0,6.516591,-36.64175,28.48617,50.22503,-81.1077,-22.11736,-119.9394,23.36231,-91.12895,-71.08522,-153.7047,-1.885232,-97.29898,-100.3252,-113.6471,-2.502486,-93.77895,6.097068,5.046443,0,-20.19167,-804.8926,-144.6487,305.2002,-1473.658,754.5358,2019.852,6350.129,-4374.872,-477.1408,5913.531,-194.3388,738.7756,3173.716,7000.482,3.370685,2960.019,2210.449,-1832.032,123.3505,-1974.456
56,933.3333,00:00:00:933,0,0,0,2.512528,-0.978382,1.854603,5.870086,-1.979768,5.894322,6.537653,-4.006815,9.062512,8.078946,-5.056696,11.68054,2.145132,0.012838,2.288352,3.605461,0.004286,9.291883,4.200406,0.226044,14.21041,4.528133,0.265376,16.96884,4.788177,-0.064008,19.37106,0.59655,0.110736,2.296674,1.028007,0.217537,10.26065,1.013258,0.312287,15.13542,1.004706,0.365162,17.94814,0.984991,-0.128262,20.18107,-0.74827,0.001735,2.303988,-1.215744,0.014135,9.699835,-1.702785,-0.012118,14.17592,-2.006684,-0.036499,16.97269,-2.20433,-0.736596,19.11801,-1.943712,-0.121182,2.310502,-3.211244,-0.218814,8.967371,-4.106803,-0.881998,12.15822,-4.575799,-1.229387,13.82927,-5.041165,-1.810064,15.59444,0,0,0,-25.51977,33.16289,-57.71915,7.79651,33.16289,-57.71914,-13.3532,33.16289,-57.71914,-13.3532,33.16289,-57.71914,0.068498,11.77817,0,-3.035466,6.703194,-3.989897,-1.279629,6.703194,-3.989899,7.314975,6.703197,-3.989899,7.314975,6.703197,-3.989899,-0.767195,3.101027,0,-1.10899,-0.200166,-1.382802,-1.072439,-0.200166,-1.382803,12.46882,-0.200166,-1.382803,12.46882,-0.200166,-1.382803,-0.095875,-3.616721,0,0.011476,-6.218826,2.979536,0.174157,-6.218824,2.979537,17.704,-6.218826,2.979537,17.704,-6.218826,2.979537,0.825435,-10.78062,0,9.057263,-17.05939,8.001859,9.059772,-17.05939,8.001859,15.44776,-17.0594,8.001858,15.44776,-17.0594,8.001858,0,0,0,0,0,0,1.840152,2.185151,-0.968948,1.653492,1.745872,-1.209944,3.604084,3.303006,-1.713216,0,0,0,0,0,0,-0.06026,8.98406,-0.260979,-0.096314,12.91433,-0.266075,0.570126,19.45547,0.712037,0,0,0,0,0,0,-1.067631,5.122717,-0.055969,-1.67861,8.223844,-0.086546,-1.914024,12.55002,0.941455,0,0,0,0,0,0,-0.010673,3.490771,0.041932,-0.018306,5.63218,0.073403,-0.495818,9.247812,1.266628,0,0,0,0.000022,0.000001,0,-0.252105,1.841672,0.321284,-0.379577,2.7833,0.485837,-0.737563,3.995754,0.798404,0,0,0,0,0,0,-34.53746,-53.76086,11.39939,-54.55612,-14.21301,40.48794,-136.57,-63.44495,62.88974,0,0,0,0,0,0,55.18376,-79.09306,-24.61195,89.28001,-121.6024,-35.84504,113.8866,-193.5796,-74.01822,0,0,0,0,0,0,272.4038,-477.0512,-22.83096,429.6744,-748.7482,-36.78917,554.8005,-1069.377,-146.352,0,0,0,0,-0.000016,0,499.5178,-325.3644,30.16948,811.9636,-538.2842,48.04908,1037.287,-784.7376,-43.44641,0,0,0,0.001341,0.000084,0,11.79233,125.7859,30.0917,18.27657,190.0335,45.58145,36.90182,235.5918,65.33861,9.741671,12.1191,13.40615,14.07113,13.92215,44.7312,33.31626,-21.14971,6.71846,-2.581492,1.7558,8.594594,-0.199792,-1.113466,0.034264,13.54125,-6.227276,0.3363,0.163129,17.52984,-17.26015,11.74117,0,6.387949,-25.83721,22.22076,38.17932,-51.30912,-6.844739,-104.5874,22.74486,-75.4248,-13.6661,-60.19938,-2.979921,-48.41714,2.590341,-44.68248,0.905514,-53.42937,9.705619,-32.83882,0,-7.718467,648.2722,-375.9247,-722.7424,1787.915,916.3575,921.1166,-37.04727,942.2493,3445.147,5610.318,-65.68137,2932.91,6174.931,4137.879,204.48,2420.974,216.513,-2273.116,0,748.392
57,949.9999,00:00:00:950,0,0,0,2.512528,-0.978382,1.854603,5.892543,-1.943971,5.884296,6.556907,-3.977504,9.049002,8.121172,-5.005694,11.66201,2.145132,0.012838,2.288352,3.605461,0.004286,9.291883,4.226883,0.380571,14.19773,4.569472,0.478183,16.9529,4.851422,0.24668,19.36406,0.59655,0.110736,2.296674,1.028007,0.217537,10.26065,0.983785,0.4643,15.12992,0.958224,0.604901,17.93951,0.92535,0.221225,20.19374,-0.74827,0.001735,2.303988,-1.215744,0.014135,9.699835,-1.623213,0.088522,14.18332,-1.877568,0.128248,16.98486,-2.049924,-0.498578,19.15487,-1.943712,-0.121182,2.310502,-3.211245,-0.218814,8.967371,-4.105089,-0.846184,12.16593,-4.573237,-1.174544,13.84107,-5.039029,-1.731818,15.61365,0,0,0,-25.77103,33.19615,-57.34943,8.09252,33.19615,-57.34943,-13.71972,33.19614,-57.34942,-13.71972,33.19614,-57.34942,0.068498,11.77817,0,-4.749789,6.964358,-3.225672,-2.408244,6.964362,-3.225672,5.064466,6.964354,-3.225672,5.064466,6.964354,-3.225672,-0.767195,3.101027,0,-2.887157,-0.59247,-1.426855,-2.850884,-0.592469,-1.426856,9.676117,-0.59247,-1.426856,9.676117,-0.59247,-1.426856,-0.095875,-3.616722,0,-1.140315,-5.153925,2.147891,-1.00268,-5.153926,2.147891,15.88226,-5.153924,2.147891,15.88226,-5.153924,2.147891,0.825436,-10.78062,0,8.445606,-16.91474,8.02748,8.439017,-16.91474,8.027479,14.72055,-16.91474,8.027479,14.72055,-16.91474,8.027479,0,0,0,0,0,0,1.347475,2.147823,-0.601575,1.155227,1.758635,-0.810653,2.533525,3.060154,-1.11191,0,0,0,0,0,0,1.588672,9.271624,-0.761032,2.480328,12.76842,-0.956297,3.794744,18.64128,-0.419945,0,0,0,0,0,0,-1.768414,9.1208,-0.330448,-2.788882,14.38432,-0.517845,-3.578519,20.96925,0.760138,0,0,0,0,0,0,4.774321,6.038382,0.444263,7.746934,9.88479,0.730276,9.26436,14.2811,2.211928,0,0,0,-0.000022,-0.000001,0,0.102885,2.148818,0.46286,0.153713,3.290573,0.707746,0.128143,4.694726,1.152635,0,0,0,0,0,0,-29.56062,-2.239644,22.04239,-29.8959,0.765771,23.95748,-64.23353,-14.57111,36.0784,0,0,0,0,0,0,98.93596,17.2538,-30.00319,154.5985,-8.754997,-41.4133,193.4771,-48.85196,-67.91889,0,0,0,0,0,0,-42.04698,239.8849,-16.46876,-66.61633,369.6284,-25.87795,-99.86969,505.1538,-10.87904,0,0,0,0,0.000021,0,287.0996,152.8567,24.13988,465.9144,255.1566,39.41237,585.6107,301.9971,56.71799,0,0,0,-0.002682,-0.000168,0,21.29942,18.42879,8.494555,31.99741,30.43638,13.31449,51.94231,41.93835,21.25382,9.879284,12.3244,13.41299,14.12532,13.47505,44.98917,33.86355,-21.81225,6.973727,-4.386062,2.34151,7.472677,-0.592483,-2.901105,0.027976,12.527,-5.157385,-0.950387,0.137056,16.88492,-17.11277,11.0972,0,6.281507,-26.82564,15.4779,32.83722,-39.75231,15.31603,-108.2742,35.14256,-67.31503,-23.56146,-107.2583,-0.377254,-60.85521,64.19346,-77.20125,-1.564398,-38.69487,8.842964,-38.63805,0,-6.386547,-59.30557,-404.5714,-320.5259,693.4089,1329.646,-221.2088,743.8619,486.5858,-593.7212,-2823.538,156.16,-746.2841,3696.187,-1951.126,-148.1947,884.0698,-51.75928,-347.9539,0,79.91523
58,966.6666,00:00:00:967,0,0,0,2.512528,-0.978382,1.854603,5.916397,-1.914579,5.871132,6.573102,-3.96094,9.02916,8.143929,-4.985564,11.63963,2.145132,0.012838,2.288352,3.605461,0.004286,9.291883,4.219136,0.386366,14.19826,4.557323,0.491387,16.9537,4.835746,0.281238,19.36722,0.59655,0.110736,2.296674,1.028007,0.217537,10.26065,1.015348,0.501717,15.12806,1.008006,0.664304,17.93657,0.988809,0.306508,20.19521,-0.74827,0.001735,2.303988,-1.215744,0.014135,9.699835,-1.619138,0.091651,14.18364,-1.870955,0.133325,16.98537,-2.042153,-0.490471,19.15635,-1.943712,-0.121182,2.310502,-3.211245,-0.218814,8.967371,-4.093827,-0.803052,12.17721,-4.556049,-1.108972,13.85823,-5.016963,-1.654041,15.63588,0,0,0,-26.022,33.29627,-57.02563,8.472972,33.29628,-57.0256,-13.67883,33.29627,-57.02563,-13.67883,33.29627,-57.02563,0.068498,11.77817,0,-4.829251,6.858623,-3.371579,-2.573268,6.858623,-3.37158,4.549018,6.858626,-3.37158,4.549018,6.858626,-3.37158,-0.767195,3.101027,0,-3.336079,-0.239932,-1.558446,-3.307889,-0.239932,-1.558446,9.011149,-0.239933,-1.558446,9.011149,-0.239933,-1.558446,-0.095875,-3.616721,0,-1.172913,-5.101678,2.088708,-1.035135,-5.101676,2.088708,15.80909,-5.101681,2.088708,15.80909,-5.101681,2.088708,0.825436,-10.78062,0,7.984673,-16.46415,7.171389,7.983037,-16.46415,7.171391,14.61231,-16.46415,7.17139,14.61231,-16.46415,7.17139,0,0,0,0,0,0,1.431227,1.76353,-0.789844,0.97172,0.993848,-1.190498,1.365423,1.207776,-1.342669,0,0,0,0,0,0,-0.464872,0.347691,0.03165,-0.728913,0.792221,0.047922,-0.940561,2.073515,0.189722,0,0,0,0,0,0,1.893785,2.245037,-0.111222,2.986897,3.564214,-0.176132,3.807596,5.116944,0.088513,0,0,0,0,0,0,0.24445,0.187772,0.018954,0.396777,0.304669,0.030935,0.466291,0.486407,0.088871,0,0,0,0,0,0,0.675715,2.587929,0.676587,1.031287,3.93432,1.029611,1.323961,4.666641,1.333415,0,0,0,0,0,0,5.025118,-23.0576,-11.29613,-11.01047,-45.88723,-22.79072,-70.08611,-111.1427,-13.84556,0,0,0,0,0,0,-123.2126,-535.4359,47.56092,-192.5544,-718.5717,60.25314,-284.1183,-994.0656,36.57996,0,0,0,0,0,0,219.7319,-412.5458,13.15355,346.5467,-649.2061,20.5028,443.1669,-951.1382,-40.2975,0,0,0,0,-0.000016,0,-271.7922,-351.0366,-25.51854,-441.0094,-574.8073,-41.96047,-527.8842,-827.6813,-127.3835,0,0,0,0.001341,0.000084,0,34.36982,26.34667,12.82364,52.65444,38.62479,19.3119,71.74908,-1.685098,10.84685,9.919622,12.34503,13.43366,14.15197,13.12057,45.28012,34.49495,-22.15178,6.868842,-4.452895,2.25594,7.122298,-0.239848,-3.341347,0.019782,12.31904,-5.104919,-0.990513,0.135621,16.84422,-16.62143,10.31574,0,6.629246,-21.26901,17.45728,37.88406,-20.37208,-6.293106,-4.009953,-5.134191,-21.02274,21.15808,-26.41451,-0.491647,-12.47749,3.147955,-2.407558,-0.086111,-2.442283,29.48044,-46.88736,0,20.86432,333.3973,118.7623,302.8104,1162.813,-1296.548,6255.856,-2416.605,2777.538,2683.172,4850.63,-6.863577,2902.663,-3662.73,4487.621,88.69726,2175.155,1238.248,-494.9581,0,1635.052
59,983.3333,00:00:00:983,0,0,0,2.512528,-0.978382,1.854603,5.920434,-1.904348,5.870081,6.582017,-3.950018,9.027537,8.156617,-4.970036,11.63754,2.145132,0.012838,2.288352,3.605461,0.004286,9.291883,4.219105,0.406106,14.19668,4.557444,0.510263,16.95214,4.8377,0.296871,19.36517,0.59655,0.110736,2.296674,1.028007,0.217537,10.26065,1.044364,0.54162,15.12556,1.053719,0.725015,17.93278,1.050281,0.399071,20.19632,-0.74827,0.001735,2.303988,-1.215744,0.014135,9.699835,-1.613112,0.120803,14.18358,-1.861255,0.181033,16.9853,-2.038519,-0.414243,19.16379,-1.943712,-0.121182,2.310502,-3.211245,-0.218814,8.967371,-4.091766,-0.792978,12.17959,-4.552916,-1.093574,13.86187,-5.01314,-1.639672,15.63938,0,0,0,-26.03844,33.30687,-56.8609,8.495691,33.30688,-56.8609,-13.69254,33.30688,-56.86091,-13.69254,33.30688,-56.86091,0.068498,11.77817,0,-5.014938,6.878433,-3.013319,-2.512785,6.878439,-3.01332,4.665806,6.878432,-3.01332,4.665806,6.878432,-3.01332,-0.767195,3.101027,0,-3.814636,0.10416,-1.327621,-3.741188,0.104161,-1.327621,8.193949,0.104161,-1.327622,8.193949,0.104161,-1.327622,-0.095875,-3.616722,0,-1.480568,-5.030035,1.398911,-1.349757,-5.030036,1.39891,15.11703,-5.030034,1.398912,15.11703,-5.030034,1.398912,0.825436,-10.78063,0,7.937603,-16.34205,6.747075,7.934369,-16.34206,6.747071,14.7663,-16.34205,6.747075,14.7663,-16.34205,6.747075,0,0,0,0,0,0,0.242181,0.613868,-0.063077,0.534877,0.655308,-0.097319,0.7613,0.93171,-0.125527,0,0,0,0,0,0,-0.00181,1.184427,-0.094414,0.00722,1.132579,-0.09352,0.117235,0.937936,-0.123203,0,0,0,0,0,0,1.740955,2.394187,-0.150383,2.742771,3.642629,-0.22763,3.688294,5.553797,0.066161,0,0,0,0,0,0,0.361595,1.749135,-0.003666,0.582006,2.862458,-0.004292,0.217997,4.57368,0.44623,0,0,0,-0.000022,-0.000003,0,0.12365,0.604436,0.143006,0.187978,0.923887,0.218153,0.229374,0.862129,0.209928,0,0,0,0,0,0,-71.34273,-68.97971,43.60601,-26.21054,-20.31236,65.59073,-36.24737,-16.56398,73.0285,0,0,0,0,0,0,27.78366,50.20416,-7.563828,44.16793,20.4215,-8.486507,63.46777,-68.13472,-18.77546,0,0,0,0,0,0,-9.16979,8.949022,-2.349614,-14.64754,4.704907,-3.089904,-7.158144,26.21119,-1.341104,0,0,0,0,0.000021,0,7.028728,93.68179,-1.357198,11.11373,153.4673,-2.11358,-14.89766,245.2363,21.44158,0,0,0,-0.001341,-0.000168,0,-33.12394,-119.0096,-32.01484,-50.59853,-180.626,-48.68745,-65.67522,-228.2707,-67.40926,9.923293,12.35233,13.46627,14.16152,12.98536,45.32101,34.53412,-22.1882,6.886295,-4.683413,2.502176,7.178569,0.104678,-3.811205,0.071326,11.93514,-5.031391,-1.362862,0.129722,16.46678,-16.48258,10.13425,0,6.831935,-8.112717,2.453155,2.350158,-2.185135,1.047192,-13.83107,14.77419,3.376264,20.6716,-28.19145,3.092635,-23.03432,4.411669,-22.34091,-0.353965,-22.64637,8.331184,-10.88974,0,12.16138,789.3778,-900.2471,-2132.034,1091.217,440.4178,-589.2671,1194.503,1463.94,-29.18873,-106.6164,215.0569,-633.4098,75.82284,-1196.001,-16.07126,-1212.245,-1268.955,2159.857,0,-522.1766
60,999.9999,00:00:01:000,0,0,0,2.512528,-0.978382,1.854603,5.921155,-1.897534,5.871034,6.590535,-3.945088,9.025626,8.171962,-4.959249,11.63378,2.145132,0.012838,2.288352,3.605461,0.004286,9.291883,4.218375,0.404798,14.19688,4.55685,0.513136,16.95216,4.838292,0.306429,19.36563,0.59655,0.110736,2.296674,1.028007,0.217537,10.26065,1.040856,0.537068,15.12587,1.04824,0.720469,17.9331,1.039805,0.408624,20.1986,-0.74827,0.001735,2.303988,-1.215744,0.014135,9.699835,-1.60858,0.143558,14.18338,-1.853854,0.217764,16.98502,-2.026377,-0.355968,19.16966,-1.943712,-0.121182,2.310502,-3.211245,-0.218814,8.967371,-4.09179,-0.790642,12.18,-4.552969,-1.089904,13.86251,-5.014875,-1.631618,15.64092,0,0,0,-25.92812,33.36794,-56.56597,8.574623,33.36794,-56.56595,-13.69411,33.36793,-56.56596,-13.69411,33.36793,-56.56596,0.068498,11.77817,0,-4.98041,6.884267,-2.855165,-2.580183,6.884264,-2.855164,4.525966,6.884264,-2.855164,4.525966,6.884264,-2.855164,-0.767195,3.101027,0,-3.760474,0.033524,-1.792864,-3.740776,0.033524,-1.792864,7.840225,0.033523,-1.792864,7.840225,0.033523,-1.792864,-0.095875,-3.616722,0,-1.794696,-4.956451,1.698994,-1.658924,-4.95645,1.698994,14.53078,-4.95645,1.698994,14.53078,-4.95645,1.698994,0.825436,-10.78063,0,7.975552,-16.29896,6.470472,7.968721,-16.29897,6.470469,14.70335,-16.29896,6.470473,14.70335,-16.29896,6.470473,0,0,0,0,0,0,0.043295,0.408858,0.057198,0.51105,0.295848,-0.114709,0.920713,0.647239,-0.225484,0,0,0,0,0,0,-0.043809,-0.078469,0.011802,-0.035629,0.172405,0.001252,0.035517,0.573477,0.027716,0,0,0,0,0,0,-0.210442,-0.273158,0.018775,-0.328694,-0.272786,0.019312,-0.628542,0.57318,0.137329,0,0,0,-0.000006,0,0,0.271931,1.365274,-0.01207,0.444096,2.203837,-0.016898,0.728533,3.496502,0.352263,0,0,0,0,0.000001,0,-0.001475,0.140201,0.024632,-0.003196,0.220165,0.038445,-0.104092,0.483233,0.092626,0,0,0,0,0,0,-11.93315,-12.30061,7.216483,-1.429617,-21.56764,-1.043379,9.564754,-17.06823,-5.997418,0,0,0,0,0,0,-2.519935,-75.77374,6.372928,-2.570897,-57.61049,5.686282,-4.903077,-21.86754,9.055136,0,0,0,0,0,0,-117.0838,-160.0407,10.14948,-184.2879,-234.9249,14.81652,-259.0102,-298.837,4.270076,0,0,0,-0.000335,-0.000037,0,-5.37984,-23.03165,-0.504255,-8.274611,-39.51724,-0.756383,30.63217,-64.63066,-5.638004,0,0,0,0.001341,0.000251,0,-7.507502,-27.85407,-7.102489,-11.47047,-42.22332,-10.78248,-20.00793,-22.73373,-7.038116,9.93087,12.37085,13.49021,14.17826,12.89005,45.32029,34.50272,-22.26873,6.89125,-4.668079,2.400125,7.106139,0.034264,-3.7576,0,11.58099,-4.958435,-1.653511,0.135621,16.18971,-16.42964,10.09257,0,6.734612,-5.718154,-0.04303,-1.883697,-4.831466,0.297289,0.919991,-6.123089,-4.345808,-4.224858,3.216276,-4.279575,-21.24882,4.377365,-17.43894,0.353965,-16.62403,3.176079,-2.500648,0,-5.839376,143.6737,-149.7711,-254.0313,-158.7799,-44.99416,885.0637,-1253.837,-463.3243,-1493.787,1884.463,-442.3326,107.1304,-2.05822,294.1182,42.47578,361.3402,-309.3063,503.3454,0,-1080.045
61,1016.667,00:00:01:017,0,0,0,2.512528,-0.978382,1.854603,5.929355,-1.884123,5.867111,6.600832,-3.929195,9.022867,8.182837,-4.94086,11.63164,2.145132,0.012838,2.288352,3.605461,0.004286,9.291883,4.216938,0.409309,14.19669,4.553789,0.513232,16.95234,4.83245,0.302169,19.36575,0.59655,0.110736,2.296674,1.028007,0.217537,10.26065,1.044007,0.537336,15.12584,1.053213,0.720816,17.93307,1.049606,0.410914,20.19884,-0.74827,0.001735,2.303988,-1.215744,0.014135,9.699835,-1.609648,0.141428,14.18335,-1.855611,0.214377,16.98496,-2.030976,-0.353276,19.17096,-1.943712,-0.121182,2.310502,-3.211245,-0.218814,8.967371,-4.093465,-0.789955,12.17967,-4.555509,-1.088932,13.86198,-5.018717,-1.635148,15.63868,0,0,0,-26.07778,33.34209,-56.52953,8.547363,33.34206,-56.52952,-13.70814,33.34207,-56.52951,-13.70814,33.34207,-56.52951,0.068498,11.77817,0,-5.060935,6.844039,-3.099072,-2.516575,6.844038,-3.099072,4.60274,6.844038,-3.099072,4.60274,6.844038,-3.099072,-0.767195,3.101027,0,-3.764186,0.097624,-1.380746,-3.742946,0.097625,-1.380746,7.788208,0.097624,-1.380746,7.788208,0.097624,-1.380746,-0.095875,-3.616722,0,-1.752315,-4.976366,1.518112,-1.618056,-4.976364,1.518113,14.38564,-4.976368,1.518112,14.38564,-4.976368,1.518112,0.825436,-10.78063,0,8.055766,-16.2809,6.131603,8.051385,-16.28091,6.131601,14.93244,-16.2809,6.131602,14.93244,-16.2809,6.131602,0,0,0,0,0,0,0.492007,0.804663,-0.235364,0.617802,0.95357,-0.165537,0.652492,1.103282,-0.128433,0,0,0,0,0,0,-0.086211,0.270632,-0.011444,-0.183642,0.005742,0.01055,-0.350542,-0.25558,0.007421,0,0,0,0,0,0,0.189018,0.016093,-0.001609,0.298385,0.020826,-0.002325,0.58803,0.137388,0.014484,0,0,0,0.000006,0,0,-0.064082,-0.127781,-0.001878,-0.105467,-0.203211,-0.003576,-0.275932,0.161532,0.078052,0,0,0,0.000022,0,0,-0.100493,0.041228,-0.020251,-0.152417,0.058372,-0.031471,-0.230514,-0.21176,-0.134289,0,0,0,0,0,0,26.92267,23.74828,-17.55371,6.405115,39.46333,-3.049671,-16.09325,27.36255,5.823075,0,0,0,0,0,0,-2.544075,20.94604,-1.394748,-8.880793,-9.999777,0.557899,-23.16355,-49.7434,-1.217723,0,0,0,0,0,0,23.96755,17.35506,-1.223087,37.62468,17.61674,-1.298189,72.9943,-26.14751,-7.370709,0,0,0,0.000671,0.000026,0,-20.16082,-89.5833,0.611544,-32.97373,-144.4229,0.799298,-60.26789,-200.0982,-16.45267,0,0,0,0.001341,-0.000084,0,-5.941092,-5.93841,-2.692938,-8.953212,-9.707584,-4.194974,-7.585286,-41.69963,-13.61489,9.926275,12.36614,13.49849,14.1868,12.72016,45.41586,34.62514,-22.2555,6.852374,-4.720616,2.544375,7.119295,0.096913,-3.760725,0.019782,11.53114,-4.977955,-1.626303,0.13417,16.00369,-16.40043,10.08175,0,6.881024,-10.19371,5.734405,7.344818,0.793533,-2.332535,-3.152189,8.655009,0.789356,3.758956,-0.187511,1.18694,-2.990799,-1.171188,1.632492,-0.087032,-11.16108,1.752434,-0.649338,0,8.784685,-268.5333,346.6461,553.7109,337.4999,-157.7894,-244.3307,886.6859,308.1098,479.0288,-204.2272,327.9909,1095.481,-332.9132,1144.286,-26.45983,327.7771,-85.41869,111.0786,0,877.4436
62,1033.333,00:00:01:033,0,0,0,2.512528,-0.978382,1.854603,5.923656,-1.891111,5.870376,6.600709,-3.928393,9.029976,8.188756,-4.933271,11.6377,2.145132,0.012838,2.288352,3.605461,0.004286,9.291883,4.206718,0.372626,14.20084,4.538461,0.467391,16.95744,4.811802,0.229312,19.36895,0.59655,0.110736,2.296674,1.028007,0.217537,10.26065,1.043744,0.522163,15.12681,1.052804,0.697023,17.93459,1.04961,0.38913,20.20065,-0.74827,0.001735,2.303988,-1.215744,0.014135,9.699835,-1.609806,0.139538,14.18339,-1.855906,0.211321,16.98502,-2.034835,-0.358835,19.17008,-1.943712,-0.121182,2.310502,-3.211245,-0.218814,8.967371,-4.093466,-0.798643,12.17811,-4.555453,-1.102562,13.85956,-5.018904,-1.650406,15.63569,0,0,0,-26.05868,33.2854,-56.68164,8.328179,33.2854,-56.68164,-13.95288,33.28542,-56.68165,-13.95288,33.28542,-56.68165,0.068498,11.77817,0,-4.619194,6.75095,-3.008553,-2.311471,6.750948,-3.008553,5.256352,6.750943,-3.008553,5.256352,6.750943,-3.008553,-0.767195,3.101027,0,-3.585424,0.101354,-1.340293,-3.566949,0.101354,-1.340293,7.737244,0.101354,-1.340293,7.737244,0.101354,-1.340293,-0.095875,-3.616722,0,-1.699839,-4.988735,1.190402,-1.565927,-4.988737,1.190402,14.47725,-4.988734,1.190402,14.47725,-4.988734,1.190402,0.825436,-10.78062,0,8.190689,-16.31007,6.177952,8.199241,-16.31008,6.177952,14.96871,-16.31007,6.177951,14.96871,-16.31007,6.177951,0,0,0,0,0,0,-0.341982,-0.419296,0.195868,-0.007331,0.048101,0.426516,0.355124,0.45535,0.363752,0,0,0,0,0,0,-0.61322,-2.200976,0.249267,-0.919707,-2.750446,0.306308,-1.238845,-4.371438,0.191778,0,0,0,0,0,0,-0.015747,-0.910386,0.058293,-0.024598,-1.42755,0.091374,0.000229,-1.307014,0.108004,0,0,0,0,0,0,-0.009499,-0.113432,0.002414,-0.017703,-0.183343,0.003487,-0.231542,-0.333526,-0.053018,0,0,0,0,-0.000001,0,-0.000045,-0.521332,-0.093475,0.003375,-0.817845,-0.145555,-0.011221,-0.915494,-0.179708,0,0,0,0,0,0,-50.03928,-73.43754,25.87393,-37.508,-54.32814,35.52317,-17.84205,-38.87593,29.53112,0,0,0,0,0,0,-31.62056,-148.2965,15.64264,-44.1639,-165.3712,17.74549,-53.29817,-246.9515,11.06143,0,0,0,0,0,0,-12.28586,-55.58878,3.59416,-19.37896,-86.90256,5.621909,-35.26803,-86.66409,5.611181,0,0,0,-0.000335,-0.000005,0,3.274977,0.860905,0.257492,5.265846,1.192075,0.423789,2.663433,-29.70345,-7.864236,0,0,0,-0.001341,-0.000084,0,6.026923,-33.75358,-4.393457,9.347497,-52.57297,-6.844996,13.15757,-42.224,-2.725124,9.890816,12.35392,13.49755,14.18462,12.80497,45.34565,34.38685,-22.28105,6.758827,-4.291126,2.307662,7.56779,0.100871,-3.582061,0,11.30418,-4.98967,-1.602055,0.13417,16.04317,-16.43172,10.23674,0.019782,6.769468,5.0885,-4.212799,-14.2971,-1.532936,-5.612812,25.76937,-14.20275,26.90972,0.237436,10.71985,-1.18694,-13.61767,-0.702896,1.45483,0,2.368812,-1.87706,9.299411,1.18694,-6.693334,916.9326,-596.8322,-1298.515,-139.5882,-196.8166,1735.294,-1371.465,1567.222,-211.2912,654.4417,-142.4328,-637.6121,28.09753,-10.65974,5.221938,811.7934,-217.7696,596.9249,71.21642,-928.6811
63,1050,00:00:01:050,0,0,0,2.512528,-0.978382,1.854603,5.929086,-1.881034,5.868036,6.603921,-3.926308,9.022944,8.182582,-4.940425,11.63279,2.145132,0.012838,2.288352,3.605461,0.004286,9.291883,4.167439,0.282983,14.21139,4.477477,0.360492,16.97105,4.724902,0.076317,19.38037,0.59655,0.110736,2.296674,1.028007,0.217537,10.26065,1.004253,0.449603,15.13078,0.99052,0.582299,17.94085,0.968872,0.207616,20.19672,-0.74827,0.001735,2.303988,-1.215744,0.014135,9.699835,-1.61318,0.098856,14.18404,-1.861322,0.144348,16.98604,-2.037833,-0.442729,19.16682,-1.943712,-0.121182,2.310502,-3.211244,-0.218814,8.967371,-4.098841,-0.821425,12.17243,-4.563666,-1.137121,13.85092,-5.03033,-1.698748,15.6219,0,0,0,-26.02766,33.35925,-56.40622,8.574376,33.35926,-56.4062,-13.56438,33.35925,-56.40621,-13.56438,33.35925,-56.40621,0.068498,11.77817,0,-3.643415,6.291443,-3.781086,-2.01716,6.291442,-3.781086,6.291532,6.291442,-3.781087,6.291532,6.291442,-3.781087,-0.767195,3.101027,0,-2.72127,-0.339644,-1.264663,-2.696717,-0.339646,-1.264663,9.439672,-0.339643,-1.264664,9.439672,-0.339643,-1.264664,-0.095875,-3.616721,0,-1.212742,-5.034439,1.529079,-1.061058,-5.034439,1.529079,14.89147,-5.034442,1.529078,14.89147,-5.034442,1.529078,0.825435,-10.78062,0,8.636593,-16.431,5.938808,8.640052,-16.43098,5.938809,15.45046,-16.431,5.938807,15.45046,-16.431,5.938807,0,0,0,0,0,0,0.325821,0.604637,-0.140369,0.192717,0.125125,-0.421867,-0.370458,-0.429243,-0.294641,0,0,0,0,0,0,-2.356767,-5.378594,0.633001,-3.659024,-6.413945,0.816733,-5.214013,-9.179655,0.685304,0,0,0,0,0,0,-2.369497,-4.353566,0.23818,-3.737015,-6.883448,0.375509,-4.844242,-10.89082,-0.235677,0,0,0,0,0,0,-0.202417,-2.440892,0.03925,-0.32495,-4.018387,0.061333,-0.179898,-5.033632,-0.195712,0,0,0,0.000022,0.000003,0.000045,-0.322513,-1.36691,-0.340909,-0.492766,-2.073515,-0.518203,-0.68555,-2.900552,-0.827372,0,0,0,0,0,0,40.06817,61.43599,-20.17423,12.00288,4.621445,-50.90296,-43.53493,-53.07555,-39.50357,0,0,0,0,0,0,-104.6128,-190.6571,23.02408,-164.359,-219.8099,30.62546,-238.51,-288.4931,29.61158,0,0,0,0,0,0,-141.225,-206.5907,10.79321,-222.745,-327.3539,17.04812,-290.6683,-575.0282,-20.62082,0,0,0,0,0,0,-11.57507,-139.6476,2.21014,-18.43482,-230.1026,3.470778,3.098621,-282.0063,-8.56161,0,0,0,0.001341,0.000251,0.002682,-19.34811,-50.73465,-14.84603,-29.76849,-75.34022,-22.35889,-40.45978,-119.1035,-38.85984,9.85638,12.32399,13.47025,14.17753,12.67534,45.4071,34.60202,-22.13875,6.304127,-3.242383,1.626062,8.308676,-0.339773,-2.72807,0.019782,12.13637,-5.0361,-1.082455,0.150658,15.95253,-16.54722,10.64838,0.019782,6.810428,-7.777919,3.687286,12.91031,8.538208,-27.28203,62.92456,-40.89603,44.45314,-26.43863,51.23949,1.18694,49.9312,-2.785835,31.176,0.989248,-5.438575,-6.930313,24.69841,0,2.457561,-771.9852,474.0051,1632.445,604.2686,-1300.153,2229.311,-1601.597,1052.605,-1600.564,2431.178,142.4328,3812.932,-124.9763,1783.27,59.35487,-468.4432,-303.1952,923.9398,-71.21642,549.0537
64,1066.667,00:00:01:067,0,0,0,2.512528,-0.978382,1.854603,5.919237,-1.897973,5.872561,6.595325,-3.933708,9.033364,8.166853,-4.952842,11.64556,2.145132,0.012838,2.288352,3.605461,0.004286,9.291883,4.141638,0.156178,14.21981,4.437943,0.189566,16.98187,4.663521,-0.17384,19.38267,0.59655,0.110736,2.296674,1.028007,0.217537,10.26065,0.99251,0.410053,15.13243,0.971939,0.517365,17.94354,0.943829,0.112152,20.19406,-0.74827,0.001735,2.303988,-1.215744,0.014135,9.699835,-1.609278,0.003221,14.18517,-1.854935,-0.010078,16.98773,-2.021051,-0.668225,19.14894,-1.943712,-0.121182,2.310502,-3.211245,-0.218814,8.967371,-4.096015,-0.874042,12.16287,-4.559339,-1.217435,13.83633,-5.024933,-1.807214,15.59842,0,0,0,-26.02337,33.2642,-56.7794,8.273926,33.26421,-56.7794,-13.60951,33.26421,-56.7794,-13.60951,33.26421,-56.7794,0.068498,11.77817,0,-2.252635,6.047426,-4.657805,-1.182655,6.047427,-4.657804,8.106793,6.047422,-4.657805,8.106793,6.047422,-4.657805,-0.767195,3.101027,0,-2.252371,-0.470988,-1.357818,-2.17555,-0.470988,-1.357818,10.2202,-0.470986,-1.357818,10.2202,-0.470986,-1.357818,-0.095875,-3.616722,0,-0.041368,-5.01592,2.061809,0.090658,-5.015922,2.061808,16.72077,-5.01592,2.061808,16.72077,-5.01592,2.061808,0.825436,-10.78063,0,9.643852,-16.46164,5.573276,9.652026,-16.46164,5.573276,16.42856,-16.46164,5.573273,16.42856,-16.46164,5.573273,0,0,0,0,0,0,-0.590935,-1.016356,0.27144,-0.515744,-0.44404,0.625178,-0.943735,-0.745028,0.766084,0,0,0,0,0,0,-1.548059,-7.608286,0.505328,-2.372056,-10.25555,0.649005,-3.682896,-15.00943,0.137866,0,0,0,0,0,0,-0.704549,-2.372995,0.099063,-1.114877,-3.896031,0.161469,-1.502624,-5.727842,-0.159502,0,0,0,0,0,0,0.23409,-5.738132,0.06786,0.383221,-9.26553,0.101388,1.006946,-13.52977,-1.072526,0,0,0,-0.000045,0,-0.000045,0.169583,-3.157005,-0.573456,0.259638,-4.818873,-0.875294,0.323832,-6.507956,-1.408696,0,0,0,0,0,0,-55.00539,-97.25956,24.70851,-42.50764,-34.14988,62.82269,-34.39664,-18.94712,63.64345,0,0,0,0,0,0,48.52249,-133.7815,-7.660388,77.21809,-230.4963,-10.06365,91.867,-349.7863,-32.84632,0,0,0,0,0,0,99.89685,118.8342,-8.347033,157.3283,179.245,-12.84242,200.4971,309.7785,4.570483,0,0,0,0,0,0,26.19043,-197.8343,1.716614,42.49021,-314.8286,2.40326,71.21063,-509.7684,-52.60884,0,0,0,-0.004023,-0.000168,-0.005364,29.52575,-107.4057,-13.95285,45.14425,-164.7215,-21.42549,60.56293,-216.4442,-34.87944,9.745514,12.28426,13.35859,14.12598,12.89126,45.29364,34.29729,-21.88342,6.06692,-1.765471,1.069726,9.28946,-0.471054,-2.26287,0.076617,12.39575,-5.019188,0.139882,0.131221,16.63011,-16.56908,11.58771,0,6.776505,12.95568,-6.807861,-18.284,15.31929,-14.23239,88.61477,-33.38014,58.84706,-7.876822,27.91198,3.41006,15.56288,1.014748,73.34026,-1.166198,40.65467,-1.311378,56.3598,-1.18694,-2.035332,1244.016,-629.7088,-1871.658,406.8648,782.9783,1541.412,450.9533,863.6352,1113.709,-1399.65,133.3872,-2062.099,228.0349,2529.855,-129.3267,2765.595,337.136,1899.684,-71.21642,-269.5736
65,1083.333,00:00:01:083,0,0,0,2.512528,-0.978382,1.854603,5.901675,-1.921311,5.881992,6.574293,-3.95191,9.046837,8.141379,-4.973659,11.66068,2.145132,0.012838,2.288352,3.605461,0.004286,9.291883,4.085017,0.01629,14.22797,4.353943,0.025914,16.99301,4.541372,-0.411433,19.38474,0.59655,0.110736,2.296674,1.028007,0.217537,10.26065,0.942042,0.32391,15.13445,0.892345,0.381326,17.94665,0.840204,-0.097953,20.18214,-0.74827,0.001735,2.303988,-1.215744,0.014135,9.699835,-1.594626,-0.089712,14.18524,-1.831026,-0.161514,16.98771,-1.979917,-0.88977,19.12759,-1.943712,-0.121182,2.310502,-3.211244,-0.218814,8.967371,-4.081164,-0.921524,12.15685,-4.536726,-1.289682,13.82718,-4.995467,-1.907972,15.58127,0,0,0,-25.85205,33.18634,-57.06368,8.119759,33.18634,-57.06366,-13.67082,33.18636,-57.06368,-13.67082,33.18636,-57.06368,0.068498,11.77817,0,-0.696892,5.506983,-5.789725,-0.757018,5.506983,-5.789724,9.827103,5.506982,-5.789726,9.827103,5.506982,-5.789726,-0.767195,3.101027,0,-1.225441,-1.040275,-1.378885,-1.144753,-1.040275,-1.378885,12.12621,-1.040276,-1.378885,12.12621,-1.040276,-1.378885,-0.095875,-3.616722,0,1.093974,-4.884784,2.687923,1.235011,-4.884785,2.687923,18.54487,-4.884785,2.687924,18.54487,-4.884785,2.687924,0.825436,-10.78062,0,10.68398,-16.19371,4.852981,10.6888,-16.19369,4.852986,17.53853,-16.19371,4.852982,17.53853,-16.19371,4.852982,0,0,0,0,0,0,-1.053706,-1.40027,0.565901,-1.261935,-1.092106,0.808373,-1.528412,-1.248971,0.907212,0,0,0,0,0,0,-3.397264,-8.39331,0.489235,-5.039982,-9.819117,0.668406,-7.328912,-14.25562,0.124365,0,0,0,0,0,0,-3.028091,-5.168599,0.120878,-4.775639,-8.162319,0.186682,-6.217477,-12.60633,-0.715435,0,0,0,0,0,0,0.879116,-5.575935,0.004292,1.434579,-9.086152,-0.001162,2.468057,-13.29271,-1.281291,0,0,0,0.000045,0,0.000045,0.89103,-2.848908,-0.360981,1.356728,-4.334807,-0.549227,1.767956,-6.045486,-1.028895,0,0,0,0,0,0,-27.76622,-23.03481,17.66771,-44.77143,-38.88398,10.99169,-35.08061,-30.23654,8.467731,0,0,0,0,0,0,-110.9523,-47.10138,-0.965595,-160.0756,26.186,1.164079,-218.7609,45.2283,-0.810027,0,0,0,0,0,0,-139.4125,-167.7362,1.308917,-219.6457,-255.9772,1.512766,-282.8912,-412.7094,-33.35595,0,0,0,0,0,0,38.70159,9.731791,-3.814101,63.08153,10.76268,-6.152987,87.66665,14.22375,-12.52592,0,0,0,0.005364,0,0.005364,43.28683,18.48579,12.74854,65.82542,29.04396,19.56403,86.64742,27.74814,22.78805,9.666181,12.23498,13.22397,14.048,13.17723,45.08142,33.97178,-21.79057,5.535128,-0.138476,-0.055953,10.58411,-1.040423,-1.250388,0.081565,13.27096,-4.890285,1.326184,0.139882,17.30984,-16.28014,12.42496,0,6.849683,17.15778,-12.73315,-19.53094,5.571556,-31.90753,97.61964,-67.54075,77.67894,-34.16213,60.74893,0.29688,52.51287,7.734174,71.17812,0.519665,40.78399,17.33654,50.23504,0,4.39064,252.126,-355.5175,-74.81677,-584.864,-1060.508,540.2925,-2049.636,1129.913,-1577.118,1970.217,-186.7908,2217,403.1656,-129.7279,101.1517,7.759094,1118.875,-367.4858,71.21642,385.5583
66,1100,00:00:01:100,0,0,0,2.512528,-0.978382,1.854603,5.873423,-1.959961,5.896408,6.540637,-3.976583,9.071318,8.062369,-5.03288,11.69819,2.145132,0.012838,2.288352,3.605461,0.004286,9.291883,4.051743,-0.138378,14.22904,4.301798,-0.217813,16.99473,4.458127,-0.769266,19.36501,0.59655,0.110736,2.296674,1.028007,0.217537,10.26065,0.904784,0.181054,15.13467,0.833642,0.158546,17.94691,0.760168,-0.433661,20.15456,-0.74827,0.001735,2.303988,-1.215744,0.014135,9.699835,-1.573273,-0.19972,14.1831,-1.796263,-0.339811,16.98409,-1.922897,-1.151039,19.09536,-1.943712,-0.121182,2.310502,-3.211244,-0.218814,8.967371,-4.034523,-0.989305,12.15358,-4.46567,-1.392897,13.8222,-4.898044,-2.047509,15.56979,0,0,0,-25.6866,32.99475,-57.73314,7.709142,32.99477,-57.73314,-12.99539,32.99475,-57.73315,-12.99539,32.99475,-57.73315,0.068498,11.77817,0,1.022528,5.324032,-6.839386,1.01252,5.324031,-6.839387,12.52653,5.324034,-6.839386,12.52653,5.324034,-6.839386,-0.767195,3.101027,0,0.472929,-1.43439,-1.757198,0.50263,-1.43439,-1.757198,15.05949,-1.43439,-1.757199,15.05949,-1.43439,-1.757199,-0.095875,-3.616721,0,2.45062,-4.710934,3.361493,2.582749,-4.710935,3.361493,20.74543,-4.710931,3.361493,20.74543,-4.710931,3.361493,0.825436,-10.78062,0,11.95341,-15.50608,4.727254,11.95614,-15.50609,4.727251,18.78155,-15.50608,4.727253,18.78155,-15.50608,4.727253,0,0,0,0,0,0,-1.695134,-2.318993,0.864945,-2.01939,-1.480356,1.468867,-4.740581,-3.553279,2.250731,0,0,0,0,0,0,-1.996413,-9.280046,0.064462,-3.128685,-14.62364,0.103265,-4.994698,-21.46995,-1.183748,0,0,0,0,0,0,-2.235476,-8.571375,0.013411,-3.522176,-13.36683,0.015736,-4.80214,-20.14247,-1.654565,0,0,0,0,0,0,1.281213,-6.600474,-0.128567,2.085775,-10.69784,-0.217617,3.421158,-15.67614,-1.933962,0,0,0,0,0,-0.000045,2.798438,-4.066843,-0.196561,4.263415,-6.192874,-0.298888,5.84536,-8.372202,-0.688612,0,0,0,0,0,0,-38.48568,-55.12341,17.94264,-45.44734,-23.29498,39.62963,-192.7301,-138.2585,80.6111,0,0,0,0,0,0,84.05105,-53.20416,-25.48635,114.6778,-288.2716,-33.90848,140.0529,-432.8597,-78.48679,0,0,0,0,0,0,47.5569,-204.1666,-6.44803,75.20778,-312.2705,-10.25677,84.92023,-452.1683,-56.34785,0,0,0,0,0,0,24.12579,-61.47231,-7.971524,39.07173,-96.70105,-12.98726,57.18604,-143.0056,-39.16024,0,0,0,-0.002682,0,-0.005364,114.4445,-73.0761,9.865163,174.4012,-111.484,15.02037,244.6443,-139.6029,20.41697,9.484149,12.08243,13.01892,13.85186,13.65036,44.74464,33.39573,-20.70453,5.361364,1.655049,0,11.51399,-1.435042,0.428872,0.027976,14.55684,-4.719246,2.730938,0.131221,18.16267,-15.58618,13.59433,0,6.825416,28.38787,-20.2066,-34.56253,65.16232,-10.42585,107.6115,3.357174,55.79309,-23.67714,100.7556,-3.215294,77.1524,10.26235,84.28522,-0.519665,51.16973,41.63732,70.16235,0,-1.456032,673.8051,-448.4069,-901.8952,3575.445,1288.9,599.5115,4253.875,-1313.151,629.0994,2400.398,-210.7304,1478.371,151.6903,786.426,-62.35975,623.1445,1458.047,1195.639,0,-350.8003
67,1116.667,00:00:01:117,0,0,0,2.512528,-0.978382,1.854603,5.804245,-2.045615,5.931478,6.443631,-4.049146,9.120372,7.913366,-5.141259,11.76217,2.145132,0.012838,2.288352,3.605461,0.004286,9.291883,4.006802,-0.350184,14.22223,4.231785,-0.547647,16.98416,4.347301,-1.2418,19.31903,0.59655,0.110736,2.296674,1.028007,0.217537,10.26065,0.91751,0.052601,15.13232,0.853667,-0.046242,17.94309,0.788998,-0.730163,20.12435,-0.74827,0.001735,2.303988,-1.215744,0.014135,9.699835,-1.548198,-0.366143,14.17399,-1.755412,-0.61047,16.96903,-1.856421,-1.53795,19.03329,-1.943712,-0.121182,2.310502,-3.211244,-0.218814,8.967371,-3.971279,-1.063789,12.15041,-4.36926,-1.506703,13.81729,-4.764749,-2.213458,15.55328,0,0,0,-25.07265,32.67906,-58.87259,7.345453,32.67907,-58.87258,-12.46082,32.67905,-58.87256,-12.46082,32.67905,-58.87256,0.068498,11.77817,0,3.406467,5.181451,-8.062186,3.383438,5.181444,-8.062184,15.97366,5.181452,-8.062187,15.97366,5.181452,-8.062187,-0.767195,3.101027,0,1.97032,-1.250648,-1.426736,2.045279,-1.250647,-1.426736,17.43803,-1.250649,-1.426736,17.43803,-1.250649,-1.426736,-0.095875,-3.616722,0,4.538191,-4.575691,3.984094,4.675875,-4.575692,3.984094,23.91251,-4.575691,3.984094,23.91251,-4.575691,3.984094,0.825435,-10.78062,0,13.40973,-14.49597,4.424034,13.42299,-14.49596,4.424035,20.60479,-14.49596,4.424035,20.60479,-14.49596,4.424035,0,0,0,0,0,0,-4.150673,-5.139257,2.104215,-5.820348,-4.353806,2.943233,-8.940205,-6.502725,3.838419,0,0,0,0,0,0,-2.696469,-12.70838,-0.408679,-4.200786,-19.79005,-0.634164,-6.649599,-28.35204,-2.759278,0,0,0,0,0,0,0.763569,-7.707149,-0.140905,1.201484,-12.28726,-0.229418,1.729771,-17.7901,-1.812637,0,0,0,0,0,0,1.504496,-9.985397,-0.546455,2.451014,-16.23957,-0.903189,3.988612,-23.21465,-3.723889,0,0,0,0,0.000001,0,3.794655,-4.469069,-0.190169,5.784541,-6.828373,-0.294328,7.997743,-9.956941,-0.990808,0,0,0,0,0,0,-147.3324,-169.2159,74.35618,-228.0575,-172.407,88.46192,-251.9774,-176.9668,95.26131,0,0,0,0,0,0,-42.00339,-205.7001,-28.3885,-64.32606,-309.9843,-44.24571,-99.29405,-412.9251,-94.53177,0,0,0,0,0,0,179.9427,51.85358,-9.258984,283.4196,64.77418,-14.70923,391.9146,141.1424,-9.48428,0,0,0,0,0,0,13.39696,-203.0954,-25.07329,21.91432,-332.5042,-41.13435,34.04727,-452.3109,-107.3956,0,0,0,0,0.000084,0.002682,59.77302,-24.13351,0.383557,91.26752,-38.12995,0.273585,129.143,-95.0843,-18.13173,9.2211,11.83809,12.70046,13.55283,14.66954,43.91781,32.41808,-19.80627,5.229109,4.112232,-0.019782,12.5902,-1.251014,1.939065,0.074019,15.39274,-4.586846,4.858171,0.137056,19.23663,-14.56343,14.86695,0,7.181766,61.15093,-49.60991,-58.65898,53.89537,-7.935304,147.431,-1.18694,64.57243,11.04168,90.61156,2.762537,50.15436,7.943973,127.634,0.350093,64.43745,61.36533,76.35721,0,21.38099,1965.783,-1764.198,-1445.787,-676.0164,149.4329,2389.17,-272.6469,526.7601,2083.129,-608.6403,358.6698,-1619.882,-139.1023,2600.924,52.18543,796.0627,1183.681,371.6913,0,1370.222
68,1133.333,00:00:01:133,0,0,0,2.512528,-0.978382,1.854603,5.723732,-2.109425,5.978219,6.377065,-4.088578,9.179485,7.794,-5.208992,11.83822,2.145132,0.012838,2.288352,3.605461,0.004286,9.291883,3.987697,-0.475887,14.2131,4.193916,-0.793391,16.96529,4.285296,-1.58665,19.26945,0.59655,0.110736,2.296674,1.028007,0.217537,10.26065,0.88681,-0.131026,15.12184,0.805233,-0.335635,17.92643,0.721452,-1.14015,20.06549,-0.74827,0.001735,2.303988,-1.215744,0.014135,9.699835,-1.490728,-0.519714,14.16219,-1.661724,-0.861679,16.94943,-1.715121,-1.894474,18.96489,-1.943712,-0.121182,2.310502,-3.211245,-0.218814,8.967371,-3.922416,-1.141531,12.14009,-4.294742,-1.625634,13.80144,-4.659724,-2.394491,15.51761,0,0,0,-23.99363,32.42742,-59.09735,6.853951,32.42741,-59.09735,-11.49148,32.42743,-59.09738,-11.49148,32.42743,-59.09738,0.068498,11.77817,0,4.815946,5.235041,-8.759446,5.834232,5.235041,-8.759442,18.40867,5.23504,-8.759446,18.40867,5.23504,-8.759446,-0.767195,3.101027,0,4.152569,-1.526387,-1.904349,4.223916,-1.526387,-1.904349,20.65983,-1.526388,-1.904349,20.65983,-1.526388,-1.904349,-0.095875,-3.616722,0,6.468303,-4.120171,5.110541,6.641366,-4.120171,5.110541,26.87254,-4.120172,5.110542,26.87254,-4.120172,5.110542,0.825436,-10.78062,0,14.8895,-13.75215,4.1767,14.91884,-13.75215,4.1767,22.73195,-13.75215,4.176701,22.73195,-13.75215,4.176701,0,0,0,0,0,0,-4.830792,-3.828629,2.804428,-3.993943,-2.365909,3.546774,-7.161944,-4.063971,4.563242,0,0,0,0,0,0,-1.146287,-7.542131,-0.547707,-2.272121,-14.74461,-1.132339,-3.720268,-20.69103,-2.974301,0,0,0,0,0,0,-1.841985,-11.01766,-0.629067,-2.906028,-17.36361,-0.999391,-4.052714,-24.59925,-3.531575,0,0,0,-0.000006,0,0,3.44817,-9.214248,-0.708103,5.621295,-15.07253,-1.176149,8.477993,-21.39147,-4.104316,0,0,0,-0.000022,-0.000001,0,2.931811,-4.664546,-0.618696,4.471108,-7.135855,-0.950754,6.301448,-10.86195,-2.140403,0,0,0,0,0,0,-40.80713,78.63767,42.01278,109.5843,119.2738,36.21251,106.6956,146.3252,43.48933,0,0,0,0,0,0,93.01095,309.9749,-8.341667,115.7199,302.7264,-29.89053,175.7598,459.6602,-12.90143,0,0,0,0,0,0,-156.3332,-198.6307,-29.28972,-246.4507,-304.5813,-46.19836,-346.9491,-408.5493,-103.1363,0,0,0,-0.000335,0,0,116.6204,46.26895,-9.698867,190.2169,70.02254,-16.37757,269.3628,109.3909,-22.8256,0,0,0,-0.001341,-0.000168,0,-51.77065,-11.72863,-25.71165,-78.80598,-18.4489,-39.38555,-101.7777,-54.30065,-68.97568,8.980844,11.58725,12.33689,13.28738,15.33811,42.90913,30.84755,-18.3454,5.289095,5.572814,1.01818,12.57443,-1.527262,4.101312,0.071326,16.43591,-4.135265,6.822082,0.172459,20.23116,-13.81084,16.2159,0.027976,7.813112,40.11411,-60.5207,-94.23179,87.65212,3.599167,87.63487,62.27772,-0.946255,-16.57494,129.7348,-0.161549,62.58985,27.09489,117.8346,2.124144,59.67212,45.15506,80.93702,1.678587,37.8808,-1262.209,-654.6478,-2134.369,2025.405,692.0682,-3587.767,3807.879,-3931.121,-1656.997,2347.394,-175.4452,746.1296,1149.055,-587.9603,106.4431,-285.9194,-972.6161,274.7887,100.7152,989.9882
69,1150,00:00:01:150,0,0,0,2.512528,-0.978382,1.854603,5.607895,-2.20318,6.03956,6.242993,-4.152638,9.262643,7.572004,-5.316614,11.94794,2.145132,0.012838,2.288352,3.605461,0.004286,9.291883,3.926241,-0.609357,14.20265,4.105138,-0.957833,16.953,4.164802,-1.80795,19.23784,0.59655,0.110736,2.296674,1.028007,0.217537,10.26065,0.87141,-0.299305,15.10637,0.781053,-0.597608,17.90227,0.688054,-1.518744,19.99337,-0.74827,0.001735,2.303988,-1.215744,0.014135,9.699835,-1.479602,-0.634741,14.1476,-1.643656,-1.047783,16.92561,-1.678835,-2.177307,18.8889,-1.943712,-0.121182,2.310502,-3.211245,-0.218814,8.967371,-3.845286,-1.254307,12.12159,-4.177218,-1.797383,13.77324,-4.491158,-2.64892,15.46022,0,0,0,-22.79978,31.90353,-60.08651,6.337877,31.90354,-60.08653,-10.24141,31.90353,-60.08652,-10.24141,31.90353,-60.08652,0.068498,11.77817,0,6.434633,4.807082,-9.015909,6.534153,4.80708,-9.015908,19.90538,4.807082,-9.015909,19.90538,4.807082,-9.015909,-0.767195,3.101027,0,6.148278,-1.627546,-2.085501,6.150161,-1.627548,-2.085501,23.82876,-1.627545,-2.0855,23.82876,-1.627545,-2.0855,-0.095875,-3.616722,0,7.921872,-4.178117,5.507381,8.07918,-4.178118,5.507381,29.65839,-4.178119,5.507381,29.65839,-4.178119,5.507381,0.825436,-10.78063,0,16.82697,-12.84128,4.831913,16.85366,-12.84127,4.831914,25.41302,-12.84129,4.83191,25.41302,-12.84129,4.83191,0,0,0,0,0,0,-6.950185,-5.625274,3.680505,-8.044324,-3.843605,4.98949,-13.31976,-6.457351,6.582856,0,0,0,0,0,0,-3.687344,-8.008199,-0.627279,-5.32671,-9.866511,-0.737429,-7.229625,-13.278,-1.8965,0,0,0,0,0,0,-0.924021,-10.09669,-0.928402,-1.450812,-15.71835,-1.449466,-2.003895,-22.71563,-4.327118,0,0,0,0,0,0,0.667557,-6.901656,-0.875741,1.084104,-11.16623,-1.429349,2.177149,-16.96998,-4.55904,0,0,0,0,-0.000003,0,4.627771,-6.766521,-1.110345,7.051394,-10.30491,-1.692206,10.11398,-15.26574,-3.443241,0,0,0,0,0,0,-127.1635,-107.7986,52.56458,-243.0228,-88.66174,86.5629,-369.469,-143.6028,121.1768,0,0,0,0,0,0,-152.4634,-27.96404,-4.774332,-183.2753,292.6858,23.69463,-210.5614,444.7823,64.66805,0,0,0,0,0,0,55.07782,55.25798,-17.96007,87.31293,98.71574,-27.00448,122.9292,113.0176,-47.73257,0,0,0,0.000335,0,0,-166.8367,138.7555,-10.05829,-272.2314,234.3783,-15.19203,-378.0506,265.2896,-27.28343,0,0,0,0.001341,-0.000084,0,101.7576,-126.1185,-29.49893,154.8171,-190.1434,-44.48712,228.7521,-264.2271,-78.1703,8.778526,11.24907,11.98375,12.84417,16.31297,41.48814,29.13765,-16.57928,4.855388,7.122683,0.098912,13.37123,-1.628587,6.088113,0,17.67858,-4.195073,8.300235,0.157018,21.57921,-12.90782,18.17439,0.027976,8.559353,58.49195,-85.25939,-102.5944,105.9671,-26.02243,92.99216,-55.15607,47.8082,-6.079494,119.2081,-4.279575,74.56054,-3.588495,88.68919,-0.92646,80.88283,54.18159,117.5093,0,44.77443,1102.67,-1484.321,-501.7593,1098.901,-1777.296,321.4375,-7046.027,2925.267,629.7264,-631.6044,-247.0815,718.2412,-1841.003,-1748.726,-183.0362,1272.642,541.5916,2194.337,-100.7152,413.6181
70,1166.667,00:00:01:167,0,0,0,2.512528,-0.978382,1.854603,5.514864,-2.262891,6.089141,6.153777,-4.184102,9.328391,7.420243,-5.373104,12.03288,2.145132,0.012838,2.288352,3.605461,0.004286,9.291883,3.854342,-0.728992,14.1904,3.992858,-1.144654,16.93373,4.004448,-2.076581,19.18721,0.59655,0.110736,2.296674,1.028007,0.217537,10.26065,0.885346,-0.536447,15.0756,0.803003,-0.972974,17.85353,0.7246,-2.062956,19.86242,-0.74827,0.001735,2.303988,-1.215744,0.014135,9.699835,-1.442779,-0.885421,14.1058,-1.583562,-1.455256,16.85722,-1.563365,-2.768924,18.70261,-1.943712,-0.121182,2.310502,-3.211245,-0.218814,8.967371,-3.752568,-1.406996,12.08483,-4.035892,-2.0302,13.71713,-4.281952,-3.005112,15.34764,0,0,0,-21.72929,31.52073,-60.48162,5.868981,31.52075,-60.48163,-9.242268,31.52073,-60.48162,-9.242268,31.52073,-60.48162,0.068498,11.77817,0,7.88205,4.322788,-9.818607,7.985733,4.322786,-9.818608,22.07059,4.322788,-9.818608,22.07059,4.322788,-9.818608,-0.767195,3.101027,0,8.934611,-1.478347,-1.394955,8.965282,-1.478346,-1.394955,28.51034,-1.478349,-1.394956,28.51034,-1.478349,-1.394956,-0.095875,-3.616722,0,11.07728,-4.350608,7.015162,11.24005,-4.350607,7.015161,35.21569,-4.350608,7.015162,35.21569,-4.350608,7.015162,0.825436,-10.78062,0,19.44655,-11.99402,5.986708,19.47947,-11.99402,5.986711,29.52192,-11.99402,5.986711,29.52192,-11.99402,5.986711,0,0,0,0,0,0,-5.5819,-3.58266,2.97486,-5.352951,-1.887828,3.944859,-9.105652,-3.389373,5.096465,0,0,0,0,0,0,-4.313975,-7.178125,-0.735104,-6.736793,-11.20929,-1.155943,-9.621262,-16.11785,-3.038049,0,0,0,0,0,0,0.836162,-14.22852,-1.845896,1.317015,-22.52194,-2.924323,2.192745,-32.6527,-7.857083,0,0,0,0.000006,0,0,2.209402,-15.04078,-2.507955,3.605604,-24.44839,-4.103154,6.928191,-35.49698,-11.17766,0,0,0,0,0.000001,0,5.563102,-9.161341,-2.20567,8.47958,-13.96906,-3.366709,12.55234,-21.37152,-6.754518,0,0,0,0,0,0,82.09707,122.5568,-42.33866,161.4824,117.3466,-62.67785,252.8465,184.0787,-89.18346,0,0,0,0,0,0,-37.59786,49.80442,-6.469488,-84.60493,-80.56649,-25.11084,-143.4982,-170.3913,-68.49288,0,0,0,0,0,0,105.611,-247.9097,-55.04965,166.0696,-408.2155,-88.49142,251.7984,-596.2242,-211.7979,0,0,0,0.000335,0.000005,0,92.51071,-488.3472,-97.9328,151.29,-796.9301,-160.4283,285.0625,-1111.62,-397.1171,0,0,0,0,0.000251,0,56.11986,-143.6892,-65.71947,85.69116,-219.8486,-100.4702,146.3011,-366.3468,-198.6766,8.585989,10.82083,11.48792,12.39098,16.87469,40.33707,27.59827,-15.11124,4.367087,8.513616,0.102792,14.08486,-1.478697,8.899781,0.027976,19.54504,-4.374392,11.53936,0.163129,23.97561,-12.07509,20.86374,0.027976,10.04242,33.70296,-69.06464,-92.36263,88.08242,-29.29802,83.45595,0.232822,42.81738,8.993446,168.7001,1.678587,111.9872,-10.7591,194.3473,0.366714,143.784,49.96358,161.361,0,88.98393,-1487.339,971.6853,613.9091,-1073.083,-196.5351,-572.173,3323.333,-299.4495,904.3764,2969.521,357.4897,2245.598,-430.2366,6339.485,77.59045,3774.072,-253.0804,2631.101,0,2652.57
71,1183.333,00:00:01:183,0,0,0,2.512528,-0.978382,1.854603,5.384351,-2.343133,6.154066,6.057447,-4.207842,9.419307,7.246199,-5.42201,12.14778,2.145132,0.012838,2.288352,3.605461,0.004286,9.291883,3.779605,-0.9115,14.16282,3.87368,-1.44221,16.88815,3.835164,-2.494508,19.08768,0.59655,0.110736,2.296674,1.028007,0.217537,10.26065,0.868459,-0.805894,15.02507,0.776396,-1.396668,17.77403,0.688529,-2.672992,19.66958,-0.74827,0.001735,2.303988,-1.215744,0.014135,9.699835,-1.432306,-1.150596,14.04377,-1.566453,-1.885045,16.75623,-1.4946,-3.380113,18.45658,-1.943712,-0.121182,2.310502,-3.211244,-0.218814,8.967371,-3.659401,-1.578716,12.02893,-3.893811,-2.29232,13.63171,-4.066213,-3.412849,15.17582,0,0,0,-20.35569,30.95466,-61.22162,4.621024,30.95467,-61.22162,-8.180968,30.95467,-61.22164,-8.180968,30.95467,-61.22164,0.068498,11.77817,0,10.0958,3.951796,-10.39286,10.47406,3.951803,-10.39286,25.2955,3.951794,-10.39286,25.2955,3.951794,-10.39286,-0.767195,3.101027,0,12.16568,-1.572284,-1.607437,12.17123,-1.572285,-1.607437,33.98426,-1.572285,-1.607437,33.98426,-1.572285,-1.607437,-0.095875,-3.616722,0,14.39607,-5.100608,8.571169,14.53893,-5.100609,8.571168,41.09753,-5.100608,8.57117,41.09753,-5.100608,8.57117,0.825436,-10.78062,0,22.52537,-11.29171,7.033359,22.57586,-11.29171,7.03336,34.717,-11.29171,7.03336,34.717,-11.29171,7.03336,0,0,0,0,0,0,-7.830753,-4.814531,3.895483,-5.77978,-1.424409,5.454987,-10.44264,-2.934381,6.894305,0,0,0,0,0,0,-4.484184,-10.95047,-1.654297,-7.150679,-17.85337,-2.735227,-10.15703,-25.07558,-5.971759,0,0,0,0,0,0,-1.013216,-16.16685,-3.031611,-1.596389,-25.42167,-4.770219,-2.164235,-36.6022,-11.57051,0,0,0,-0.000006,0,0,0.62838,-15.9105,-3.721833,1.026548,-25.78732,-6.059557,4.125919,-36.67138,-14.76154,0,0,0,0.000022,-0.000001,0.000045,5.590036,-10.3032,-3.353611,8.524909,-15.7272,-5.125254,12.94436,-24.46425,-10.3097,0,0,0,0,0,0,-134.9312,-73.91228,55.2374,-25.60973,27.80511,90.6077,-80.2195,27.29953,107.8704,0,0,0,0,0,0,-10.21251,-226.3408,-55.15158,-24.83319,-398.6453,-94.75707,-32.14627,-537.4636,-176.0226,0,0,0,0,0,0,-110.9626,-116.2994,-71.14291,-174.8042,-173.9839,-110.7538,-261.4188,-236.9705,-222.8057,0,0,0,-0.000671,-0.000021,0,-94.86134,-52.18372,-72.83269,-154.7433,-80.33555,-117.3842,-168.1363,-70.46431,-215.0327,0,0,0,0.001341,-0.000168,0.002682,1.616031,-68.51166,-68.87645,2.71976,-105.4885,-105.5127,23.52163,-185.5639,-213.3107,8.268472,10.35073,10.97141,11.88177,17.61067,38.7409,24.97671,-12.80198,3.986492,10.64786,0.377942,14.82143,-1.572839,12.1233,0,21.81303,-5.134998,15.00957,0.141274,26.55858,-11.38,23.95008,0.048457,12.14113,44.15863,-95.76987,-157.2938,138.5558,-22.83574,128.0546,16.50898,44.19422,-5.648531,193.4111,-1.678587,136.0795,-45.63638,208.2126,-1.311312,154.9784,41.70559,185.1805,1.228811,125.9225,627.3397,-1602.314,-3895.868,3028.406,387.7367,2675.921,976.5695,82.61031,-878.5186,1482.663,-201.4305,1445.54,-2092.636,831.9195,-100.6816,671.6619,-495.4799,1429.17,73.72867,2216.313
72,1200,00:00:01:200,0,0,0,2.512528,-0.978382,1.854603,5.317423,-2.388278,6.183581,5.963336,-4.252253,9.454726,7.077506,-5.504719,12.19733,2.145132,0.012838,2.288352,3.605461,0.004286,9.291883,3.669691,-1.173842,14.10883,3.701456,-1.853576,16.80231,3.594267,-3.056005,18.92114,0.59655,0.110736,2.296674,1.028007,0.217537,10.26065,0.882559,-1.098402,14.95317,0.797845,-1.943467,17.63513,0.726965,-3.427564,19.3736,-0.74827,0.001735,2.303988,-1.215744,0.014135,9.699835,-1.387484,-1.524385,13.92792,-1.494189,-2.488352,16.5688,-1.334305,-4.195112,18.04967,-1.943712,-0.121182,2.310502,-3.211245,-0.218814,8.967371,-3.566137,-1.781345,11.94326,-3.751381,-2.602277,13.50044,-3.847692,-3.879957,14.92446,0,0,0,-19.605,30.75541,-61.54462,4.809199,30.75542,-61.54462,-6.839643,30.75541,-61.54462,-6.839643,30.75541,-61.54462,0.068498,11.77817,0,13.32771,3.466401,-11.19714,13.75658,3.466398,-11.19714,29.48734,3.466402,-11.19714,29.48734,3.466402,-11.19714,-0.767195,3.101027,0,15.68606,-1.501346,-0.976995,17.50924,-1.501346,-0.976995,40.49606,-1.501346,-0.976995,40.49606,-1.501346,-0.976995,-0.095875,-3.616722,0,19.19158,-6.123708,10.66962,19.25032,-6.123707,10.66962,48.89253,-6.123706,10.66962,48.89253,-6.123706,10.66962,0.825436,-10.78063,0,26.32728,-10.77258,7.896925,26.42425,-10.77259,7.896918,40.82493,-10.77258,7.896928,40.82493,-10.77258,7.896928,0,0,0,0,0,0,-4.015669,-2.708729,1.770906,-5.646653,-2.664618,2.125159,-10.12158,-4.962533,2.972737,0,0,0,0,0,0,-6.594882,-15.74054,-3.23984,-10.33348,-24.68193,-5.150467,-14.4538,-33.68982,-9.992659,0,0,0,0,0,0,0.845997,-17.55047,-4.314243,1.286918,-32.80791,-8.333801,2.306141,-45.27431,-17.75873,0,0,0,0,0,0,2.689283,-22.42735,-6.950855,4.335875,-36.1984,-11.24579,9.617663,-48.89991,-24.41436,0,0,0,-0.000045,0,-0.000045,5.595825,-12.15776,-5.140676,8.545763,-18.59739,-7.876038,13.11126,-28.02649,-15.08152,0,0,0,0,0,0,228.9051,126.3481,-127.4746,7.987617,-74.41251,-199.7897,19.26362,-121.6891,-235.2941,0,0,0,0,0,0,-126.6419,-287.4039,-95.13258,-190.9679,-409.7134,-144.9144,-257.8058,-516.8543,-241.254,0,0,0,0,0,0,111.5527,-83.01767,-76.95792,172.9985,-443.1744,-213.815,268.2225,-520.3264,-371.2928,0,0,0,0.000335,0.000026,0,123.6542,-391.0104,-193.7413,198.5595,-624.6646,-311.1737,329.5046,-733.7116,-579.1694,0,0,0,-0.004023,0.000084,-0.005364,0.347346,-111.2734,-107.224,1.25125,-172.2112,-165.047,10.01403,-213.7346,-286.3097,7.958566,9.805244,10.33071,11.37704,18.03982,37.94061,24.41421,-11.64882,3.481159,13.74359,0.428872,15.73076,-1.501417,15.66526,1.823167,22.9868,-6.166628,19.99551,0.055953,29.64219,-10.85843,27.70236,0.092787,14.4007,25.74886,-48.01735,-33.74966,69.18938,-30.31993,185.7436,3.05581,54.55982,4.285297,212.5176,109.39,70.4266,-61.8978,299.1564,-5.119278,185.0164,31.29415,225.1367,2.659846,135.5744,-1104.586,2865.152,7412.646,-4161.988,-449.0516,3461.339,-807.1901,621.936,596.0297,1146.389,6664.117,-3939.175,-975.6854,5456.626,-228.4779,1802.28,-624.6859,2397.375,85.86209,579.1132
73,1216.667,00:00:01:217,0,0,0,2.512528,-0.978382,1.854603,5.149664,-2.46876,6.261369,5.84407,-4.259202,9.563505,6.892387,-5.514447,12.33069,2.145132,0.012838,2.288352,3.605461,0.004286,9.291883,3.60718,-1.525545,14.00937,3.597303,-2.42997,16.63612,3.432724,-3.868793,18.59812,0.59655,0.110736,2.296674,1.028007,0.217537,10.26065,0.954195,-1.470122,14.83437,0.912131,-2.639783,17.39257,0.883658,-4.349366,18.91124,-0.74827,0.001735,2.303988,-1.215744,0.014135,9.699835,-1.356294,-1.899276,13.7732,-1.444098,-3.094892,16.31833,-1.232566,-4.977341,17.5606,-1.943712,-0.121182,2.310502,-3.211245,-0.218814,8.967371,-3.467949,-2.018441,11.81672,-3.601678,-2.963342,13.30747,-3.606565,-4.399624,14.57501,0,0,0,-17.87036,30.01881,-62.27368,3.276502,30.01881,-62.27366,-6.142679,30.01881,-62.27368,-6.142679,30.01881,-62.27368,0.068498,11.77817,0,17.58157,3.763119,-11.63774,18.63748,3.763117,-11.63774,36.26388,3.763121,-11.63774,36.26388,3.763121,-11.63774,-0.767195,3.101027,0,20.25421,-0.851656,-0.197653,24.57104,-0.851657,-0.197653,48.38288,-0.851657,-0.197653,48.38288,-0.851657,-0.197653,-0.095875,-3.616722,0,24.26992,-7.076819,11.08132,24.27139,-7.076818,11.08132,56.45446,-7.076821,11.08132,56.45446,-7.076821,11.08132,0.825436,-10.78063,0,30.78963,-11.07934,9.756308,30.88425,-11.07934,9.756305,47.60383,-11.07934,9.756306,47.60383,-11.07934,9.756306,0,0,0,0,0,0,-10.06557,-4.828881,4.667267,-7.155999,-0.416994,6.526753,-11.10712,-0.583671,8.001744,0,0,0,0,0,0,-3.750667,-21.10217,-5.967557,-6.249144,-34.58366,-9.971379,-9.692586,-48.76732,-19.38084,0,0,0,0,0,0,4.298122,-22.30317,-7.127702,6.857157,-41.77897,-14.55366,9.401558,-55.30809,-27.74173,0,0,0,0.000006,0,0,1.871405,-22.49348,-9.282856,3.005437,-36.39239,-15.02815,6.104361,-46.93372,-29.34471,0,0,0,0,0.000003,0,5.891248,-14.22574,-7.592081,8.982203,-21.66391,-11.57802,14.46761,-31.17999,-20.967,0,0,0,0,0,0,-362.994,-127.2091,173.7816,-90.56074,134.8574,264.0956,-59.13197,262.7317,301.7404,0,0,0,0,0,0,170.6529,-321.6977,-163.663,245.06,-594.1039,-289.2547,285.6726,-904.65,-563.2906,0,0,0,0,0,0,207.1275,-285.1617,-168.8075,334.2143,-538.2634,-373.1918,425.725,-602.0264,-598.9802,0,0,0,0.000335,0,0,-49.07269,-3.968328,-139.9201,-79.82621,-11.63936,-226.9417,-210.7981,117.9716,-295.8207,0,0,0,0.002682,0.000168,0.002682,17.72538,-124.079,-147.0843,26.18641,-183.9915,-222.1191,81.38081,-189.2096,-353.1289,7.345622,8.986982,9.677567,10.79388,18.68564,35.89751,21.14686,-9.419181,3.76364,17.96732,1.055918,17.62638,-0.851568,20.25357,4.316837,23.81184,-7.116235,25.16117,0,32.18306,-11.17029,32.27618,0.092787,16.71957,38.74946,-122.5859,-196.0411,133.7785,16.94883,253.4241,37.62275,113.7376,38.99094,275.2984,149.6202,49.50187,-56.97644,309.9396,-3.357174,152.4519,-18.71183,274.4294,0,139.1323,780.036,-4474.113,-9737.483,3875.345,2836.125,4060.828,2074.016,3550.668,2082.338,3766.847,2413.807,-1255.483,295.2816,646.9958,105.7262,-1953.87,-3000.359,2957.56,-159.5908,213.4781
74,1233.333,00:00:01:233,0,0,0,2.512528,-0.978382,1.854603,4.981433,-2.538476,6.334102,5.737845,-4.253917,9.66233,6.742877,-5.499071,12.45006,2.145132,0.012838,2.288352,3.605461,0.004286,9.291883,3.549908,-1.965879,13.84276,3.492241,-3.168856,16.34623,3.251256,-4.880616,18.06628,0.59655,0.110736,2.296674,1.028007,0.217537,10.26065,1.043537,-1.906655,14.64929,1.057415,-3.474093,16.98535,1.079028,-5.410037,18.20252,-0.74827,0.001735,2.303988,-1.215744,0.014135,9.699835,-1.251786,-2.299026,13.56264,-1.271954,-3.752326,15.97145,-0.974248,-5.775877,16.94521,-1.943712,-0.121182,2.310502,-3.211245,-0.218814,8.967371,-3.349524,-2.281195,11.64147,-3.421037,-3.363734,13.04006,-3.316888,-4.951486,14.10673,0,0,0,-16.05074,29.34699,-62.70307,1.718025,29.34699,-62.70306,-5.750817,29.34698,-62.70305,-5.750817,29.34698,-62.70305,0.068498,11.77817,0,22.94535,4.80837,-12.81489,25.26711,4.80837,-12.81488,44.94099,4.808372,-12.81489,44.94099,4.808372,-12.81489,-0.767195,3.101027,0,25.82813,-0.153559,0.736145,33.8613,-0.153558,0.736146,57.84326,-0.15356,0.736145,57.84326,-0.15356,0.736145,-0.095875,-3.616721,0,30.05314,-7.624859,12.02353,30.24837,-7.624858,12.02353,64.29782,-7.624858,12.02353,64.29782,-7.624858,12.02353,0.825436,-10.78063,0,36.08945,-11.74125,11.76204,36.19325,-11.74124,11.76204,55.33854,-11.74124,11.76204,55.33854,-11.74124,11.76204,0,0,0,0,0,0,-10.09387,-4.182994,4.363998,-6.373487,0.317127,5.929425,-8.970603,0.922546,7.1619,0,0,0,0,0,0,-3.436267,-26.42007,-9.996771,-6.303728,-44.33317,-17.39314,-10.88809,-60.70936,-31.91042,0,0,0,0,0,0,5.360545,-26.19203,-11.10506,8.717072,-50.05862,-24.43313,11.7222,-63.64028,-42.5232,0,0,0,0,0,0,6.270507,-23.98495,-12.6341,10.32863,-39.44606,-20.81296,15.49909,-47.91214,-36.92347,0,0,0,0.000022,-0.000003,0,7.105529,-15.76528,-10.51506,10.83843,-24.02354,-16.04461,17.38062,-33.11171,-28.09677,0,0,0,0,0,0,-1.697838,38.75322,-18.1961,46.95068,44.04723,-35.8397,128.1908,90.37299,-50.39066,0,0,0,0,0,0,18.86395,-319.0745,-241.7528,-3.275,-584.9703,-445.3056,-71.73031,-716.5226,-751.7748,0,0,0,0,0,0,63.74537,-233.3314,-238.6414,111.5949,-496.7791,-592.7681,139.2386,-499.9315,-886.8883,0,0,0,-0.000335,-0.000031,0,263.9461,-89.48788,-201.0745,439.3914,-183.2204,-347.0886,563.684,-58.7055,-454.7256,0,0,0,0.001341,-0.000335,0,72.85686,-92.37187,-175.3789,111.3734,-141.5777,-267.9955,174.7808,-115.9036,-427.7856,6.641982,8.073285,8.935157,10.20996,19.2019,33.86164,17.76874,-7.468868,4.791583,23.40876,2.321699,19.67387,-0.153233,25.82795,8.033139,23.98195,-7.637382,30.91443,0.194834,34.04945,-11.81128,37.64096,0.100871,19.14531,30.97584,-122.1526,-202.687,117.0188,61.67659,326.4862,75.94687,122.8493,41.90008,334.4627,222.9781,10.2071,-31.2688,345.1958,11.69001,111.9839,-38.45924,321.8866,0.484989,145.5441,-466.4175,25.9964,-398.7552,-1005.582,2683.665,4383.726,2299.447,546.7035,174.5487,3549.856,4401.478,-2357.686,1542.458,2115.37,902.8312,-2428.081,-1184.844,2847.429,29.09931,384.7073
75,1250,00:00:01:250,0,0,0,2.512528,-0.978382,1.854603,4.981433,-2.538476,6.334102,5.737845,-4.253917,9.66233,6.742877,-5.499071,12.45006,2.145132,0.012838,2.288352,3.605461,0.004286,9.291883,3.549908,-1.965879,13.84276,3.492241,-3.168856,16.34623,3.251256,-4.880616,18.06628,0.59655,0.110736,2.296674,1.028007,0.217537,10.26065,1.043537,-1.906655,14.64929,1.057415,-3.474093,16.98535,1.079028,-5.410037,18.20252,-0.74827,0.001735,2.303988,-1.215744,0.014135,9.699835,-1.251786,-2.299026,13.56264,-1.271954,-3.752326,15.97145,-0.974248,-5.775877,16.94521,-1.943712,-0.121182,2.310502,-3.211245,-0.218814,8.967371,-3.349524,-2.281195,11.64147,-3.421037,-3.363734,13.04006,-3.316888,-4.951486,14.10673,0,0,0,-16.05074,29.34699,-62.70307,1.718025,29.34699,-62.70306,-5.750817,29.34698,-62.70305,-5.750817,29.34698,-62.70305,0.068498,11.77817,0,22.94535,4.80837,-12.81489,25.26711,4.80837,-12.81488,44.94099,4.808372,-12.81489,44.94099,4.808372,-12.81489,-0.767195,3.101027,0,25.82813,-0.153559,0.736145,33.8613,-0.153558,0.736146,57.84326,-0.15356,0.736145,57.84326,-0.15356,0.736145,-0.095875,-3.616721,0,30.05314,-7.624859,12.02353,30.24837,-7.624858,12.02353,64.29782,-7.624858,12.02353,64.29782,-7.624858,12.02353,0.825436,-10.78063,0,36.08945,-11.74125,11.76204,36.19325,-11.74124,11.76204,55.33854,-11.74124,11.76204,55.33854,-11.74124,11.76204,0,0,0,0,0,0,-10.09387,-4.182994,4.363998,-6.373487,0.317127,5.929425,-8.970603,0.922546,7.1619,0,0,0,0,0,0,-3.436267,-26.42007,-9.996771,-6.303728,-44.33317,-17.39314,-10.88809,-60.70936,-31.91042,0,0,0,0,0,0,5.360545,-26.19203,-11.10506,8.717072,-50.05862,-24.43313,11.7222,-63.64028,-42.5232,0,0,0,0,0,0,6.270507,-23.98495,-12.6341,10.32863,-39.44606,-20.81296,15.49909,-47.91214,-36.92347,0,0,0,0.000022,-0.000003,0,7.105529,-15.76528,-10.51506,10.83843,-24.02354,-16.04461,17.38062,-33.11171,-28.09677,0,0,0,0,0,0,-1.697838,38.75322,-18.1961,46.95068,44.04723,-35.8397,128.1908,90.37299,-50.39066,0,0,0,0,0,0,18.86395,-319.0745,-241.7528,-3.275,-584.9703,-445.3056,-71.73031,-716.5226,-751.7748,0,0,0,0,0,0,63.74537,-233.3314,-238.6414,111.5949,-496.7791,-592.7681,139.2386,-499.9315,-886.8883,0,0,0,-0.000335,-0.000031,0,263.9461,-89.48788,-201.0745,439.3914,-183.2204,-347.0886,563.684,-58.7055,-454.7256,0,0,0,0.001341,-0.000335,0,72.85686,-92.37187,-175.3789,111.3734,-141.5777,-267.9955,174.7808,-115.9036,-427.7856,6.641982,8.073285,8.935157,10.20996,19.2019,33.86164,17.76874,-7.468868,4.791583,23.40876,2.321699,19.67387,-0.153233,25.82795,8.033139,23.98195,-7.637382,30.91443,0.194834,34.04945,-11.81128,37.64096,0.100871,19.14531,30.97584,-122.1526,-202.687,117.0188,61.67659,326.4862,75.94687,122.8493,41.90008,334.4627,222.9781,10.2071,-31.2688,345.1958,11.69001,111.9839,-38.45924,321.8866,0.484989,145.5441,-466.4175,25.9964,-398.7552,-1005.582,2683.665,4383.726,2299.447,546.7035,174.5487,3549.856,4401.478,-2357.686,1542.458,2115.37,902.8312,-2428.081,-1184.844,2847.429,29.09931,384.7073
76,1266.667,00:00:01:267,0,0,0,2.512528,-0.978382,1.854603,4.501209,-2.687029,6.51518,5.412714,-4.188754,9.907226,6.236199,-5.423427,12.75843,2.145132,0.012838,2.288352,3.605461,0.004286,9.291883,3.60918,-2.77306,13.40058,3.469911,-4.695631,15.40113,3.108252,-6.868524,16.44732,0.59655,0.110736,2.296674,1.028007,0.217537,10.26065,1.22485,-2.796534,14.08808,1.350338,-4.985646,15.85055,1.456023,-7.209915,16.3714,-0.74827,0.001735,2.303988,-1.214441,0.000006,9.699927,-1.137468,-3.015493,13.04269,-0.963628,-5.20462,14.8012,-0.501277,-7.416935,14.95446,-1.943712,-0.121182,2.310502,-3.207113,-0.255916,8.967509,-2.985693,-2.790985,11.19186,-2.869864,-4.118408,12.35702,-2.460045,-5.899176,12.9319,0,0,0,-11.32531,27.26994,-64.27962,-2.542832,27.26992,-64.2796,-3.675817,27.26994,-64.27962,-3.675817,27.26994,-64.27962,0.068498,11.77817,0,32.91907,9.269778,-13.89562,43.14368,9.269786,-13.89562,64.23451,9.269783,-13.89562,64.23451,9.269783,-13.89562,-0.767195,3.101027,0,38.26876,0.983348,2.490304,51.20136,0.983347,2.490303,76.83312,0.983348,2.490305,76.83312,0.983348,2.490305,-0.010337,-3.606636,0.376859,41.11781,-9.779757,12.47399,50.63344,-9.779759,12.47399,86.06348,-9.779756,12.47399,86.06348,-9.779756,12.47399,1.004233,-10.75937,0.723135,47.33611,-13.80396,17.39343,47.32478,-13.80396,17.39343,71.99928,-13.80397,17.39342,71.99928,-13.80397,17.39342,0,0,0,0,0,0,-28.81345,-8.91317,10.86464,-19.50791,3.909789,14.69377,-30.40069,4.538632,18.50246,0,0,0,0,0,0,3.556319,-48.43081,-26.53045,-1.339808,-91.60646,-56.70601,-8.58023,-119.2744,-97.13763,0,0,0,0,0,0,10.87879,-53.39271,-33.67263,17.57534,-90.69317,-68.08841,22.61971,-107.9927,-109.8672,0,0,0,0.078158,-0.847776,0.005543,6.859107,-42.98802,-31.1965,18.4996,-87.13766,-70.21459,28.37823,-98.46353,-119.4448,0,0,0,0.247926,-2.226117,0.008315,21.82985,-30.58736,-26.9765,33.07039,-45.28045,-40.98259,51.41058,-56.8614,-70.48952,0,0,0,0,0,0,-1123.175,-283.8105,390.0388,-788.0651,215.5597,525.8604,-1285.805,216.9652,680.4334,0,0,0,0,0,0,419.5551,-1320.644,-992.0203,297.8351,-2836.397,-2358.772,138.4717,-3513.903,-3913.633,0,0,0,0,0,0,331.0948,-1632.041,-1354.054,531.4961,-2438.073,-2619.316,653.8501,-2661.143,-4040.64,0,0,0,4.689507,-50.86656,0.332594,35.31597,-1140.184,-1113.744,490.2585,-2861.496,-2964.098,772.7479,-3033.083,-4951.282,0,0,0,14.87419,-133.5669,0.498891,883.4592,-889.3253,-987.6859,1333.918,-1275.414,-1496.278,2041.797,-1424.981,-2543.565,5.0478,6.252612,7.3614,8.710976,20.13379,28.10808,8.782482,-1.132806,9.273028,34.05739,10.2246,21.09081,0.98437,38.22016,12.93261,25.63172,-9.752539,42.0535,9.515601,35.43002,-13.60297,48.7352,0,24.67447,55.9132,-345.2137,-539.1757,380.1637,268.8867,638.918,474.1743,85.01643,68.2562,743.5328,293.968,98.98566,-126.9094,668.3442,559.246,82.83416,-107.5016,665.6541,-6.052233,331.7499,1496.242,-13383.66,-20189.32,15788.7,12432.61,18745.91,23893.64,-2269.974,1581.367,24544.2,4259.391,5326.714,-5738.435,19388.9,32853.36,-1748.982,-4142.542,20626.05,-392.2333,11172.35
77,1283.333,00:00:01:283,0,0,0,2.512528,-0.978382,1.854603,4.275252,-2.765571,6.576261,5.282868,-4.177927,9.979488,6.03322,-5.415892,12.84939,2.145132,0.012838,2.288352,3.605461,0.004286,9.291883,3.648921,-3.097666,13.16113,3.454041,-5.299824,14.84351,3.025965,-7.597573,15.53912,0.59655,0.110736,2.296674,1.028007,0.217537,10.26065,1.306096,-3.159472,13.76651,1.488707,-5.574564,15.19768,1.642814,-7.850765,15.35576,-0.74827,0.001735,2.303988,-1.21266,-0.017841,9.700013,-1.045633,-3.312496,12.76442,-0.732336,-5.761382,14.11337,-0.157971,-7.93787,13.85919,-1.943712,-0.121182,2.310502,-3.201323,-0.302744,8.967493,-2.856628,-2.95581,11.03287,-2.624758,-4.411642,12.01259,-2.091149,-6.220722,12.34735,0,0,0,-8.933304,26.6434,-64.71205,-4.620923,26.64341,-64.71207,-2.668144,26.6434,-64.71211,-2.668144,26.6434,-64.71211,0.068498,11.77817,0,37.20011,11.62361,-14.06315,51.81057,11.62361,-14.06315,73.06889,11.62362,-14.06314,73.06889,11.62362,-14.06314,-0.767195,3.101027,0,44.01752,0.864169,3.813348,59.41708,0.864169,3.813349,86.03569,0.864168,3.813349,86.03569,0.864168,3.813349,0.097872,-3.594691,0.853218,46.06799,-11.2008,13.50183,60.73872,-11.20081,13.50183,96.56815,-11.20081,13.50183,96.56815,-11.20081,13.50183,1.230671,-10.73684,1.637178,50.81454,-14.72342,19.10726,55.0898,-14.72342,19.10725,79.59032,-14.72343,19.10725,79.59032,-14.72343,19.10725,0,0,0,0,0,0,-13.55738,-4.712484,3.664881,-7.790721,0.649564,4.335746,-12.17873,0.452109,5.457669,0,0,0,0,0,0,2.384461,-19.47636,-14.36698,-0.952206,-36.25159,-33.45734,-4.937209,-43.74298,-54.49221,0,0,0,0,0,0,4.874763,-21.77631,-19.29402,8.302146,-35.33511,-39.17223,11.20749,-38.45098,-60.938,0,0,0,0.10688,-1.070812,0.005141,5.51005,-17.82021,-16.69639,13.87751,-33.4057,-41.27016,20.5984,-31.25605,-65.71635,0,0,0,0.347368,-2.809649,-0.000983,7.743906,-9.889505,-9.539722,14.70634,-17.59402,-20.66593,22.13375,-19.29279,-35.07337,0,0,0,0,0,0,915.364,252.0411,-431.9858,703.0311,-195.6135,-621.4811,1093.318,-245.1914,-782.6873,0,0,0,0,0,0,-70.31143,1737.267,729.8077,23.25609,3321.292,1394.92,218.5812,4531.887,2558.725,0,0,0,0,0,0,-360.2418,1896.984,862.7163,-556.3917,3321.484,1734.97,-684.733,4172.5,2935.753,0,0,0,1.72332,-13.38214,-0.02414,-80.94337,1510.069,870.0066,-277.3253,3223.917,1736.666,-466.7894,4032.448,3223.709,0,0,0,5.966574,-35.01188,-0.557899,-845.1566,1241.871,1046.206,-1101.843,1661.186,1219,-1756.609,2254.116,2124.969,4.586715,5.611254,6.760984,8.179559,20.73209,25.47198,4.312343,1.952743,11.64629,38.71893,14.61044,21.2583,0.86818,43.92752,15.39955,26.6186,-11.12939,47.07364,14.6707,35.82945,-14.35383,52.09972,4.275214,24.50048,35.89771,-158.1657,-268.2083,185.1329,142.3954,279.692,263.1501,10.04928,-6.971375,342.4413,148.0165,59.21321,-82.61106,301.2083,309.3059,23.96553,-45.05132,201.8715,256.5128,-10.4393,-1200.929,11222.88,16258.04,-11701.85,-7589.479,-21553.56,-12661.45,-4498.029,-4513.654,-24065.49,-8757.089,-2386.347,2657.9,-22028.15,-14996.41,-3532.118,3747.018,-27826.95,15753.9,-20531.35
78,1300,00:00:01:300,0,0,0,2.512528,-0.978382,1.854603,4.003081,-2.822206,6.647709,5.071207,-4.1376,10.07128,5.703234,-5.376158,12.96929,2.145132,0.012838,2.288352,3.605461,0.004286,9.291883,3.662275,-3.348084,12.94612,3.420226,-5.71719,14.37672,2.924824,-8.073886,14.76057,0.59655,0.110736,2.296674,1.028007,0.217537,10.26065,1.398949,-3.431397,13.47317,1.648659,-5.983944,14.6292,1.860231,-8.255437,14.46987,-0.74827,0.001735,2.303988,-1.210901,-0.034131,9.700062,-0.96888,-3.540627,12.51416,-0.554168,-6.120949,13.5557,0.106057,-8.212974,12.99078,-1.943712,-0.121182,2.310502,-3.195481,-0.345446,8.967293,-2.768117,-3.096508,10.88363,-2.466955,-4.620305,11.7324,-1.847857,-6.427528,11.87467,0,0,0,-6.271838,25.6135,-65.31197,-6.328755,25.6135,-65.31199,-1.01501,25.61351,-65.312,-1.01501,25.61351,-65.312,0.068498,11.77817,0,40.76746,13.36992,-14.04242,58.04174,13.36993,-14.04241,80.68938,13.36993,-14.04241,80.68938,13.36993,-14.04241,-0.767195,3.101027,0,48.78339,0.511052,5.356983,65.73599,0.511052,5.356984,93.99515,0.511053,5.356985,93.99515,0.511053,5.356985,0.196805,-3.584563,1.28839,50.18383,-12.5624,14.22559,67.7099,-12.5624,14.22559,104.803,-12.56241,14.22559,104.803,-12.56241,14.22559,1.437887,-10.72048,2.472171,53.8789,-15.88216,20.12403,60.09603,-15.88217,20.12405,85.57136,-15.88217,20.12404,85.57136,-15.88217,20.12404,0,0,0,0,0,0,-16.33027,-3.398135,4.286885,-12.69966,2.419643,5.507514,-19.79919,2.384037,7.193684,0,0,0,0,0,0,0.801221,-15.02509,-12.90062,-2.02889,-25.04197,-28.00709,-6.068509,-28.57875,-46.71317,0,0,0,0,0,0,5.571166,-16.31547,-17.60065,9.597133,-24.56277,-34.10875,13.04498,-24.28034,-53.15351,0,0,0,0.105528,-0.977383,0.00295,4.605229,-13.68785,-15.01554,10.69006,-21.57401,-33.45975,15.84165,-16.50622,-52.10406,0,0,0,0.350498,-2.562117,-0.012025,5.31065,-8.441883,-8.954018,9.468185,-12.51979,-16.81124,14.5975,-12.40835,-28.36043,0,0,0,0,0,0,-166.3733,78.86095,37.32025,-294.5361,106.2047,70.30605,-457.228,115.9157,104.1609,0,0,0,0,0,0,-94.99444,267.0763,87.98173,-64.60099,672.5773,327.0147,-67.87799,909.8536,466.7421,0,0,0,0,0,0,41.78412,327.65,101.6021,77.69921,646.3398,303.8084,110.2495,850.2387,467.0688,0,0,0,-0.081137,5.605755,-0.131428,-54.28925,247.9413,100.8511,-191.2473,709.9015,468.6248,-285.4055,884.9894,816.7377,0,0,0,0.187755,14.85189,-0.662506,-145.9953,86.8573,35.1423,-314.2892,304.4534,231.2815,-452.1755,413.0668,402.7764,4.266848,5.030972,6.27506,7.702112,21.04086,22.27457,-0.055953,5.313748,13.40164,42.53302,17.27426,22.64762,0.522271,48.63935,16.95259,28.25916,-12.44549,51.25159,17.52606,37.09307,-15.37748,55.13961,6.217161,25.47528,18.52638,-191.8446,-262.0977,201.6603,105.3211,228.8457,159.8292,83.35921,-20.75459,282.71,93.18237,98.4336,-78.96629,250.6773,171.3216,75.81756,-61.41889,182.3936,116.5168,58.48777,-1042.28,-2020.735,366.6375,991.6433,-2224.46,-3050.78,-6199.254,4398.596,-826.9928,-3583.877,-3290.048,2353.223,218.6865,-3031.856,-8279.059,3111.122,-982.0541,-1168.671,-8399.759,4135.624
79,1316.667,00:00:01:317,0,0,0,2.512528,-0.978382,1.854603,3.891722,-2.838963,6.674495,4.875499,-4.168772,10.11772,5.37729,-5.437565,13.02809,2.145132,0.012838,2.288352,3.605461,0.004286,9.291883,3.758438,-3.50678,12.79104,3.485729,-6.042533,13.89261,2.982159,-8.425779,14.00804,0.59655,0.110736,2.296674,1.028007,0.217537,10.26065,1.412242,-3.663806,13.18642,1.667377,-6.312708,14.09882,1.875101,-8.550482,13.67568,-0.74827,0.001735,2.303988,-1.20967,-0.04489,9.700079,-0.86358,-3.691057,12.31904,-0.350856,-6.338455,13.12107,0.367838,-8.336052,12.3307,-1.943712,-0.121182,2.310502,-3.191332,-0.373626,8.967062,-2.736096,-3.178261,10.7974,-2.36655,-4.766518,11.48583,-1.691339,-6.558981,11.45865,0,0,0,-5.525168,25.10253,-66.29616,-5.50091,25.10253,-66.29617,0.902142,25.10254,-66.29619,0.902142,25.10254,-66.29619,0.068498,11.77817,0,43.16111,14.69647,-12.64303,65.79951,14.69647,-12.64303,87.19512,14.69647,-12.64303,87.19512,14.69647,-12.64303,-0.767195,3.101027,0,53.12421,0.373233,5.373628,71.07487,0.373231,5.37363,100.6631,0.373231,5.37363,100.6631,0.373231,5.37363,0.262234,-3.578281,1.576019,53.35775,-12.94169,14.87988,72.99156,-12.94169,14.87988,110.9772,-12.94169,14.87988,110.9772,-12.94169,14.87988,1.575001,-10.71189,3.02405,55.56089,-16.74696,20.39648,66.03615,-16.74695,20.39649,90.84888,-16.74697,20.39648,90.84888,-16.74697,20.39648,0,0,0,0,0,0,-6.681539,-1.005381,1.60718,-11.74249,-1.870327,2.786278,-19.55666,-3.684438,3.528446,0,0,0,0,0,0,5.769766,-9.521751,-9.305029,3.930218,-19.52056,-29.04671,3.440101,-21.11363,-45.15141,0,0,0,0,0,0,0.797611,-13.94454,-17.20494,1.123074,-19.72581,-31.82253,0.892248,-17.70271,-47.65123,0,0,0,0.073878,-0.645537,0.001028,6.317988,-9.025811,-11.70757,12.19871,-13.05035,-26.07813,15.70684,-7.384747,-39.605,0,0,0,0.248976,-1.690798,-0.013813,1.921266,-4.90519,-5.17416,6.024319,-8.77279,-14.79435,9.391084,-7.887214,-24.96131,0,0,0,0,0,0,578.9238,143.5652,-160.7823,57.43016,-257.3982,-163.2741,14.55232,-364.1085,-219.9143,0,0,0,0,0,0,298.1128,330.2,215.7355,357.5464,331.285,-62.37727,570.5165,447.9073,93.70565,0,0,0,0,0,0,-286.4133,142.2562,23.74291,-508.4435,290.2177,137.1735,-729.1638,394.6575,330.1372,0,0,0,-1.899004,19.91076,-0.115335,102.7655,279.7222,198.478,90.51918,511.4193,442.8969,-8.088201,547.2886,749.9431,0,0,0,-6.091296,52.27918,-0.107288,-203.3631,212.2016,226.7915,-206.632,224.8201,121.0132,-312.3847,271.2679,203.9472,3.953022,4.730217,5.829424,7.32709,21.10765,20.96828,0.019782,6.403064,14.7656,45.09733,22.63839,21.39557,0.384104,52.99091,17.95063,29.58818,-12.76084,54.31118,19.63381,37.98555,-16.19151,56.8711,10.47527,24.81272,4.007149,-78.3776,4.544115,65.35898,81.83784,153.8587,321.8478,-75.12336,-8.289974,261.0935,59.88258,79.74094,-18.92074,183.5753,126.4648,53.54827,-48.84201,103.8892,255.4866,-39.75357,-871.1539,6808.021,15998.51,-8178.079,-1408.993,-4499.217,9721.113,-9508.954,747.8768,-1296.991,-1997.987,-1121.56,3602.732,-4026.118,-2691.41,-1336.157,754.6131,-4710.264,8338.188,-5894.48
80,1333.333,00:00:01:333,0,0,0,2.512528,-0.978382,1.854603,3.836379,-2.85629,6.683286,4.779879,-4.198827,10.13284,5.212103,-5.491584,13.04383,2.145132,0.012838,2.288352,3.605461,0.004286,9.291883,3.817339,-3.629224,12.66053,3.510586,-6.260461,13.49741,2.987471,-8.640249,13.39878,0.59655,0.110736,2.296674,1.028007,0.217537,10.26065,1.422627,-3.818291,12.96785,1.67971,-6.528196,13.67819,1.87877,-8.717035,13.04638,-0.74827,0.001735,2.303988,-1.208639,-0.053548,9.700084,-0.821627,-3.811551,12.14975,-0.24147,-6.507422,12.70702,0.513002,-8.404912,11.72626,-1.943712,-0.121182,2.310502,-3.187824,-0.396289,8.966821,-2.707385,-3.230874,10.7438,-2.290645,-4.848782,11.3284,-1.567962,-6.614757,11.15917,0,0,0,-4.90399,25.00046,-66.29375,-4.867399,25.00045,-66.29373,2.210824,25.00046,-66.29376,2.210824,25.00046,-66.29376,0.068498,11.77817,0,45.12296,15.70315,-11.74529,71.76463,15.70315,-11.74528,92.408,15.70315,-11.74528,92.408,15.70315,-11.74528,-0.767195,3.101027,0,56.27163,0.406469,5.313226,75.37422,0.40647,5.313227,106.0385,0.406468,5.313226,106.0385,0.406468,5.313226,0.314939,-3.573462,1.807619,55.94685,-13.68763,14.96601,78.23656,-13.68763,14.96601,116.4621,-13.68764,14.96601,116.4621,-13.68764,14.96601,1.685478,-10.70625,3.468415,56.59914,-17.24125,20.67843,69.76836,-17.24126,20.67843,95.30755,-17.24126,20.67842,95.30755,-17.24126,20.67842,0,0,0,0,0,0,-3.32062,-1.039635,0.527412,-5.7372,-1.803294,0.907034,-9.911208,-3.241114,0.944048,0,0,0,0,0,0,3.534079,-7.346659,-7.83044,1.491398,-13.07566,-23.71189,0.318725,-12.86817,-36.55573,0,0,0,0,0,0,0.623088,-9.269088,-13.11386,0.739966,-12.92928,-25.23789,0.22012,-9.993195,-37.75817,0,0,0,0.06187,-0.519499,0.000268,2.517186,-7.229603,-10.15694,6.563198,-10.13803,-24.84262,8.709865,-4.131585,-36.26641,0,0,0,0.210464,-1.359786,-0.014484,1.722671,-3.156781,-3.215924,4.554312,-4.935823,-9.445398,7.402628,-3.346503,-17.96883,0,0,0,0,0,0,201.6552,-2.055243,-64.78607,360.3172,4.021972,-112.7547,578.7267,26.59944,-155.0639,0,0,0,0,0,0,-134.1413,130.5056,88.47534,-146.3292,386.694,320.0894,-187.2825,494.728,515.7405,0,0,0,0,0,0,-10.47135,280.5269,245.465,-22.98653,407.7922,395.0785,-40.32768,462.571,593.5836,0,0,0,-0.720508,7.562301,-0.045598,-228.0481,107.7725,93.03778,-338.1308,174.7392,74.13097,-419.8186,195.1897,200.3154,0,0,0,-2.310722,19.86067,-0.040233,-11.9157,104.9045,117.4941,-88.20042,230.218,320.937,-119.3073,272.4427,419.5484,3.871572,4.638389,5.68375,7.1262,21.25139,20.33172,0.044235,7.07823,15.79109,47.16619,26.64166,20.64335,0.416371,56.14658,19.10257,30.66422,-13.48015,56.90149,22.28973,38.22549,-16.63886,57.91673,13.1692,25.53912,8.624611,-38.19351,1.467139,40.50994,61.52961,124.1315,240.1965,-45.13275,1.936002,189.34,69.11625,64.56264,-43.15864,155.4181,159.3555,14.39644,-26.8412,62.73742,161.6354,43.58413,277.0477,2411.045,-184.6185,-1490.942,-1218.493,-1783.63,-4899.077,1799.437,613.5585,-4305.212,554.0201,-910.6974,-1454.274,-1689.436,1973.446,-2349.11,1320.048,-2469.108,-5631.076,5000.262
81,1350,00:00:01:350,0,0,0,2.512528,-0.978382,1.854603,3.797001,-2.864006,6.690908,4.71173,-4.21232,10.14595,5.090785,-5.515887,13.05953,2.145132,0.012838,2.288352,3.605461,0.004286,9.291883,3.855401,-3.696473,12.58384,3.532414,-6.376806,13.23911,3.010205,-8.747528,13.00727,0.59655,0.110736,2.296674,1.028007,0.217537,10.26065,1.432199,-3.941181,12.77347,1.692908,-6.686292,13.33083,1.889009,-8.822525,12.53844,-0.74827,0.001735,2.303988,-1.208001,-0.05876,9.700083,-0.785223,-3.897194,12.01545,-0.164075,-6.61464,12.3956,0.601101,-8.43365,11.28326,-1.943712,-0.121182,2.310502,-3.18564,-0.409925,8.966651,-2.700244,-3.283419,10.6786,-2.238234,-4.932166,11.1272,-1.48831,-6.670676,10.83604,0,0,0,-4.778473,24.82878,-66.99666,-4.731461,24.82879,-66.99667,2.862152,24.82879,-66.99666,2.862152,24.82879,-66.99666,0.068498,11.77817,0,46.33378,15.97584,-10.85567,75.79791,15.97585,-10.85567,95.67524,15.97585,-10.85567,95.67524,15.97585,-10.85567,-0.767195,3.101027,0,58.97697,0.315539,5.361462,78.5727,0.315538,5.361462,110.2733,0.315537,5.361465,110.2733,0.315537,5.361465,0.346687,-3.570661,1.947093,58.01468,-13.88174,14.80678,81.99902,-13.88173,14.80678,120.385,-13.88174,14.80678,120.385,-13.88174,14.80678,1.752039,-10.70342,3.736018,57.8498,-17.85269,20.49443,74.55807,-17.85269,20.49442,99.18856,-17.85269,20.49442,99.18856,-17.85269,20.49442,0,0,0,0,0,0,-2.362624,-0.462972,0.457361,-4.088938,-0.809558,0.786915,-7.279068,-1.458205,0.942171,0,0,0,0,0,0,2.283722,-4.034958,-4.601418,1.309678,-6.980717,-15.49852,1.36406,-6.436765,-23.4907,0,0,0,0,0,0,0.574283,-7.373436,-11.66296,0.791911,-9.485765,-20.84139,0.614338,-6.329388,-30.47615,0,0,0,0.038294,-0.312727,-0.000045,2.184201,-5.13862,-8.058205,4.64368,-6.4331,-18.68547,5.285957,-1.724303,-26.58011,0,0,0,0.131048,-0.818172,-0.010192,0.428472,-3.152713,-3.911957,3.144655,-5.003035,-12.07218,4.779115,-3.355175,-19.38794,0,0,0,0,0,0,57.47974,34.59982,-4.203021,98.89572,59.62415,-7.207089,157.9285,106.9745,-0.112653,0,0,0,0,0,0,-75.02139,198.702,193.7413,-10.90318,365.6964,492.8022,62.7201,385.884,783.9023,0,0,0,0,0,0,-2.928302,113.7391,87.05382,3.116729,206.6106,263.79,23.65306,219.8284,436.9211,0,0,0,-1.41453,12.40626,-0.018775,-19.9791,125.459,125.9243,-115.1711,222.2961,369.4287,-205.4344,144.4369,581.1782,0,0,0,-4.764945,32.49688,0.257492,-77.65196,0.244081,-41.76197,-84.57941,-4.032701,-157.6066,-157.4108,-0.520349,-85.14672,3.843833,4.632144,5.641431,7.040025,21.30027,19.8738,0.048457,7.593574,16.06893,48.34575,29.46412,19.8773,0.325057,58.85838,19.59571,31.70058,-13.65837,58.90134,23.98438,38.38594,-17.24736,59.21468,16.70824,24.63049,2.93312,-27.47497,0.253319,30.92065,16.67015,70.77347,169.347,-45.96313,-5.478814,162.7084,29.58835,62.18135,-10.6933,119.9913,101.679,9.627456,-36.50997,77.87704,212.3429,-54.51805,-341.4894,643.1121,-72.8292,-575.3574,-2691.568,-3201.484,-4250.967,-49.82299,-444.8889,-1597.893,-2371.674,-142.8774,1947.92,-2125.607,-3460.59,-286.1389,-580.1263,908.3768,3042.454,-5886.13
82,1366.667,00:00:01:367,0,0,0,2.512528,-0.978382,1.854603,3.745278,-2.891022,6.693759,4.621804,-4.259146,10.15092,4.954175,-5.578241,13.0632,2.145132,0.012838,2.288352,3.605461,0.004286,9.291883,3.873593,-3.729782,12.54456,3.546427,-6.435037,13.08533,3.03469,-8.798549,12.77115,0.59655,0.110736,2.296674,1.028007,0.217537,10.26065,1.446157,-4.004829,12.6626,1.717282,-6.766962,13.12235,1.920613,-8.865772,12.23721,-0.74827,0.001735,2.303988,-1.207351,-0.063961,9.700079,-0.771917,-3.944336,11.94203,-0.102634,-6.665461,12.19181,0.700086,-8.418551,11.00273,-1.943712,-0.121182,2.310502,-3.183407,-0.423526,8.966463,-2.693621,-3.299463,10.67305,-2.197227,-4.956216,11.04965,-1.418558,-6.668387,10.68672,0,0,0,-4.444769,24.81397,-67.69049,-4.377429,24.81398,-67.69049,3.446777,24.81398,-67.69049,3.446777,24.81398,-67.69049,0.068498,11.77817,0,47.03315,15.7861,-10.11191,78.32947,15.7861,-10.11191,97.69435,15.78611,-10.11191,97.69435,15.78611,-10.11191,-0.767195,3.101027,0,60.486,0.123919,5.585538,80.59428,0.12392,5.58554,112.7712,0.123918,5.585537,112.7712,0.123918,5.585537,0.378384,-3.567944,2.086309,58.98984,-14.87504,15.17475,84.72913,-14.87504,15.17475,122.8957,-14.87503,15.17474,122.8957,-14.87503,15.17474,1.818494,-10.701,4.003122,57.87653,-18.27325,20.8023,77.05247,-18.27326,20.8023,101.509,-18.27326,20.80229,101.509,-18.27326,20.80229,0,0,0,0,0,0,-3.103427,-1.620937,0.17108,-5.395554,-2.809547,0.297949,-8.196607,-3.741256,0.220478,0,0,0,0,0,0,1.091525,-1.998514,-2.356767,0.840783,-3.493845,-9.226351,1.469102,-3.061205,-14.16725,0,0,0,0,0,0,0.837486,-3.818884,-6.652415,1.462396,-4.84018,-12.50902,1.896266,-2.594814,-18.07415,0,0,0,0.038987,-0.31205,-0.000224,0.798388,-2.828523,-4.405349,3.686445,-3.049224,-12.2273,5.939064,0.905961,-16.83171,0,0,0,0.133999,-0.816076,-0.011265,0.397369,-0.962622,-0.332907,2.460413,-1.443028,-4.653275,4.185117,0.137329,-8.959382,0,0,0,0,0,0,-44.44822,-69.47793,-17.17686,-78.39694,-119.9993,-29.338,-55.05234,-136.9831,-43.30157,0,0,0,0,0,0,-71.53182,122.1867,134.6791,-28.13368,209.2123,376.33,6.302521,202.5336,559.4067,0,0,0,0,0,0,15.79218,213.2731,300.6326,40.2291,278.7351,499.9422,76.91568,224.0744,744.1198,0,0,0,0.041574,0.040673,-0.010729,-83.1488,138.6058,219.1713,-57.43414,203.0325,387.4906,39.1864,157.8158,584.904,0,0,0,0.177026,0.125729,-0.064373,-1.866147,131.4054,214.743,-41.05457,213.6004,445.134,-35.63985,209.5503,625.7137,3.760332,4.548914,5.514543,6.88824,21.56603,19.29182,0.065611,7.824208,15.87561,48.94147,31.29629,19.36485,0.13417,60.36607,20.10825,32.17693,-14.63015,59.98214,25.73926,38.16659,-17.64415,59.31499,19.17594,24.45654,15.94528,-34.91913,1.029238,13.83805,-11.59939,35.74333,109.9305,-30.74707,-11.45322,90.46096,30.75245,28.58082,-58.30679,64.84795,105.2926,-13.16139,-23.80726,6.019134,148.0617,-10.43713,780.7296,-446.6493,46.55511,-1024.956,-1696.172,-2101.808,-3564.995,912.9637,-358.4645,-4334.847,69.84558,-2016.032,-2856.809,-3308.601,216.8152,-1367.331,762.1628,-4311.474,-3856.874,2644.855
83,1383.333,00:00:01:383,0,0,0,2.512528,-0.978382,1.854603,3.742677,-2.905332,6.688742,4.617472,-4.283634,10.14229,4.913773,-5.62566,13.04799,2.145132,0.012838,2.288352,3.605461,0.004286,9.291883,3.884673,-3.751693,12.51829,3.558039,-6.461559,13.0358,3.038014,-8.816753,12.67607,0.59655,0.110736,2.296674,1.028007,0.217537,10.26065,1.456748,-4.007254,12.65646,1.742494,-6.770355,13.10129,1.964963,-8.865078,12.21109,-0.74827,0.001735,2.303988,-1.206065,-0.073958,9.700063,-0.78961,-3.973965,11.91134,-0.079292,-6.696148,11.91643,0.713457,-8.377461,10.6217,-1.943712,-0.121182,2.310502,-3.17896,-0.449655,8.966052,-2.675782,-3.319561,10.67889,-2.105583,-4.981263,10.89494,-1.289366,-6.652762,10.43728,0,0,0,-4.269285,24.97089,-67.47426,-4.203959,24.97089,-67.47427,4.289752,24.97089,-67.47427,4.289752,24.97089,-67.47427,0.068498,11.77817,0,47.39917,16.02845,-9.995349,78.82449,16.02845,-9.995361,98.82883,16.02845,-9.99534,98.82883,16.02845,-9.99534,-0.767195,3.101027,0,60.56856,-0.271239,5.9477,80.90203,-0.271241,5.947701,112.9092,-0.271244,5.947703,112.9092,-0.271244,5.947703,0.439355,-3.562934,2.354028,59.4741,-14.78375,14.65184,89.89291,-14.78375,14.65183,126.2363,-14.78375,14.65183,126.2363,-14.78375,14.65183,1.946334,-10.69751,4.516766,57.69344,-18.51759,21.3,82.60403,-18.5176,21.29998,104.5933,-18.5176,21.3,104.5933,-18.5176,21.3,0,0,0,0,0,0,-0.156038,-0.858586,-0.301078,-0.259928,-1.469314,-0.517443,-2.424113,-2.845131,-0.912845,0,0,0,0,0,0,0.664785,-1.314685,-1.575977,0.696726,-1.591355,-2.971887,0.199467,-1.092285,-5.7047,0,0,0,0,0,0,0.63546,-0.145465,-0.368178,1.512766,-0.203624,-1.26332,2.660964,0.041664,-1.567304,0,0,0,0.077136,-0.599804,-0.000983,-1.061602,-1.777723,-1.841113,1.40054,-1.841247,-16.52308,0.802277,2.465397,-22.86194,0,0,0,0.26679,-1.567706,-0.024676,1.070302,-1.205854,0.350073,5.498651,-1.502797,-9.28241,7.751511,0.937521,-14.96619,0,0,0,0,0,0,176.8434,45.74105,-28.32949,308.1375,80.41396,-48.92348,346.3496,53.76755,-67.99935,0,0,0,0,0,0,-25.60436,41.02974,46.84745,-8.643421,114.1495,375.2678,-76.17808,118.1352,507.7528,0,0,0,0,0,0,-12.12158,220.4051,377.0542,3.022179,278.1933,674.7418,45.88186,158.1886,990.4109,0,0,0,2.28893,-17.26527,-0.045598,-111.5993,63.04799,153.8542,-137.1542,72.47865,-257.7468,-308.2072,93.56617,-361.8139,0,0,0,7.967501,-45.09782,-0.804663,40.37595,-14.5939,40.97878,182.2943,-3.586113,-277.748,213.9836,48.01153,-360.4084,3.720197,4.459789,5.576913,6.808061,21.73286,19.2771,0.065611,8.493709,16.12104,49.3372,31.42531,20.00433,-0.256409,60.44314,20.33344,32.00716,-14.5618,60.44704,30.4188,36.3434,-17.84508,59.17015,24.91055,21.9893,10.00969,-0.882797,0,40.17002,14.72591,23.74351,7.741355,38.36895,-23.43474,4.624328,13.51124,-10.18593,4.101391,27.89383,280.7726,-109.3911,-12.05601,-8.690414,344.0769,-148.0341,-356.1355,2042.18,-61.75425,1579.918,1579.518,-719.9891,-6131.345,4146.96,-718.8912,-5150.198,-1034.473,-2326.004,3744.49,-2217.247,10528.8,-5773.782,705.075,-882.5729,11760.91,-8255.819
84,1400,00:00:01:400,0,0,0,2.512528,-0.978382,1.854603,3.73938,-2.910431,6.687544,4.611324,-4.292561,10.14029,4.879676,-5.643388,13.04462,2.145132,0.012838,2.288352,3.605461,0.004286,9.291883,3.9458,-3.727905,12.53996,3.636671,-6.445707,13.02562,3.127476,-8.797553,12.63026,0.59655,0.110736,2.296674,1.028007,0.217537,10.26065,1.521541,-4.008317,12.64207,1.866806,-6.774314,13.02195,2.14808,-8.844134,12.09106,-0.74827,0.001735,2.303988,-1.202147,-0.102377,9.69996,-0.797028,-3.988986,11.93679,-0.006595,-6.657232,11.52382,0.772739,-8.194677,10.05396,-1.943712,-0.121182,2.310502,-3.165223,-0.523814,8.964514,-2.630103,-3.362312,10.71949,-1.887269,-4.962015,10.57046,-0.972113,-6.517476,9.928109,0,0,0,-4.4237,24.97617,-67.96687,-4.350442,24.97617,-67.9669,4.60381,24.97617,-67.96688,4.60381,24.97617,-67.96688,0.068498,11.77817,0,46.97291,16.29305,-9.463892,79.50594,16.29305,-9.463881,99.72451,16.29306,-9.463896,99.72451,16.29306,-9.463896,-0.767195,3.101027,0,60.75728,-1.071422,7.261151,82.23819,-1.071424,7.261152,114.0246,-1.071425,7.261152,114.0246,-1.071425,7.261152,0.613016,-3.550229,3.116065,59.15939,-14.29084,14.33493,98.71244,-14.29085,14.33493,132.0345,-14.29083,14.33494,132.0345,-14.29083,14.33494,2.310406,-10.69598,5.978729,56.54787,-19.61666,23.18245,95.12807,-19.61666,23.18244,110.8537,-19.61666,23.18245,110.8537,-19.61666,23.18245,0,0,0,0,0,0,-0.197835,-0.305995,-0.071838,-0.368871,-0.535615,-0.120342,-2.045788,-1.063675,-0.20206,0,0,0,0,0,0,3.66763,1.427293,1.299798,4.717894,0.951111,-0.61065,5.367659,1.152009,-2.748459,0,0,0,0,0,0,3.887616,-0.063792,-0.863493,7.458686,-0.237554,-4.760831,10.98701,1.256615,-7.201865,0,0,0,0.235107,-1.70515,-0.006214,-0.445068,-0.901267,1.526669,4.361822,2.334952,-23.55628,3.556894,10.96702,-34.06423,0,0,0,0.824243,-4.449536,-0.092268,2.740748,-2.565063,2.435982,13.09882,1.154892,-19.46899,19.03519,8.117168,-30.55013,0,0,0,0,0,0,-2.507866,33.15545,13.75437,-6.536543,56.02196,23.82606,22.69953,106.8874,42.64711,0,0,0,0,0,0,180.1707,164.5186,172.5465,241.27,152.5479,141.6743,310.0915,134.6576,177.3745,0,0,0,0,0,0,195.1293,4.900395,-29.71887,356.7552,-2.035795,-209.8506,499.5627,72.89706,-338.0736,0,0,0,9.478254,-66.32073,-0.313818,36.99201,52.58739,202.0669,177.6769,250.5719,-421.9919,165.277,510.0971,-672.1373,0,0,0,33.44714,-172.9098,-4.055499,100.2268,-81.55255,125.1545,456.0104,159.4613,-611.1949,677.021,430.7788,-935.0367,3.631895,4.31459,5.685075,6.687311,21.78988,19.24377,0.074019,8.954228,16.39789,48.96738,32.53299,20.21857,-1.042677,60.59718,21.48087,31.78641,-14.08451,60.07864,39.55301,33.32215,-18.7892,58.27256,38.58021,15.72559,3.421669,-1.99974,0.504489,27.63119,16.61121,-22.18895,66.46088,12.854,-47.1761,9.242476,68.84594,-13.24505,28.63741,-22.10357,548.0522,-181.2753,-56.64699,-53.85566,820.1791,-375.8226,-395.2812,-67.01659,30.26932,-752.3298,113.118,-2755.948,3523.171,-1530.896,-1424.482,277.0889,3320.082,-183.5472,1472.161,-2999.844,16036.78,-4313.053,-2675.459,-2709.915,28566.13,-13667.31
85,1416.667,00:00:01:417,0,0,0,2.512528,-0.978382,1.854603,3.742517,-2.923841,6.681363,4.615931,-4.315889,10.12975,4.878601,-5.677416,13.0296,2.145132,0.012838,2.288352,3.605461,0.004286,9.291883,4.026383,-3.688632,12.57521,3.748564,-6.419086,13.00569,3.275429,-8.774112,12.58525,0.59655,0.110736,2.296674,1.028007,0.217537,10.26065,1.585698,-4.013481,12.61863,1.97719,-6.777157,12.96945,2.295652,-8.828169,12.00937,-0.74827,0.001735,2.303988,-1.200452,-0.11386,9.699892,-0.789344,-4.006564,11.925,0.015978,-6.610024,11.22621,0.752247,-8.046098,9.636491,-1.943712,-0.121182,2.310502,-3.159211,-0.553724,8.963737,-2.662473,-3.34769,10.79959,-1.820387,-4.845431,10.37447,-0.850484,-6.297233,9.586352,0,0,0,-4.402379,25.13651,-67.97037,-4.316443,25.1365,-67.97037,4.768301,25.13652,-67.9704,4.768301,25.13652,-67.9704,0.068498,11.77817,0,46.39752,16.26479,-8.432606,80.71095,16.2648,-8.432609,100.3465,16.2648,-8.432604,100.3465,16.2648,-8.432604,-0.767195,3.101027,0,61.07001,-1.297164,8.225739,82.8344,-1.297165,8.225736,114.8302,-1.297169,8.225738,114.8302,-1.297169,8.225738,0.683325,-3.545744,3.424397,59.48837,-13.25663,13.72489,104.7846,-13.25662,13.7249,136.1354,-13.25663,13.7249,136.1354,-13.25663,13.7249,2.457741,-10.69889,6.57023,54.56671,-20.46159,24.04947,104.8534,-20.46159,24.04947,116.048,-20.46159,24.04949,116.048,-20.46159,24.04949,0,0,0,0,0,0,0.188202,-0.80454,-0.37086,0.276379,-1.399666,-0.632375,-0.064552,-2.041653,-0.901222,0,0,0,0,0,0,4.834972,2.356365,2.115279,6.713614,1.597255,-1.195729,8.877194,1.406461,-2.700537,0,0,0,0,0,0,3.849372,-0.30984,-1.40655,6.623056,-0.170544,-3.149629,8.854318,0.957906,-4.9012,0,0,0,0.101656,-0.688976,-0.004023,0.461038,-1.054689,-0.707388,1.354353,2.832502,-17.85703,-1.229513,8.914768,-25.04821,0,0,0,0.360712,-1.79459,-0.046581,-1.942187,0.877306,4.806205,4.012897,6.995,-11.75916,7.29776,13.21457,-20.50544,0,0,0,0,0,0,23.16221,-29.91266,-17.94129,38.715,-51.84308,-30.72202,118.8741,-58.67868,-41.94974,0,0,0,0,0,0,70.04052,55.74434,48.92885,119.7432,38.76865,-35.10474,210.5721,15.26713,2.875328,0,0,0,0,0,0,-2.29463,-14.76288,-32.58347,-50.13782,4.02063,96.67215,-127.9615,-17.92252,138.0399,0,0,0,-8.007063,60.9704,0.131428,54.36636,-9.20534,-134.0434,-180.4481,29.85298,341.9548,-287.1844,-123.1348,540.9611,0,0,0,-27.81182,159.2967,2.741217,-280.9761,206.5422,142.2134,-545.1556,350.4065,462.5898,-704.2461,305.8443,602.6815,3.515272,4.19997,5.843856,6.712865,21.95222,19.29624,0.086229,9.084737,16.37458,48.36007,34.31341,19.63548,-1.254918,60.86874,21.7644,31.99576,-13.0666,60.24733,45.29619,31.35081,-19.64014,56.692,50.28671,11.19464,9.739837,3.148041,0.732629,7.830505,-1.398811,-36.43845,106.8251,-34.98505,-12.73446,16.29364,17.01176,12.56092,61.07431,10.12115,344.5907,-118.2802,-51.05621,-94.83352,702.3903,-271.8568,379.0901,308.8669,13.68843,-1188.041,-1080.601,-854.9698,2421.853,-2870.343,2066.499,423.0698,-3110.051,1548.358,1946.214,1933.484,-12207.69,3779.708,335.4469,-2458.671,-7067.333,6237.947
86,1433.333,00:00:01:433,0,0,0,2.512528,-0.978382,1.854603,3.755122,-2.942257,6.670665,4.637594,-4.34741,10.11142,4.899725,-5.72034,13.00594,2.145132,0.012838,2.288352,3.605461,0.004286,9.291883,4.099247,-3.652335,12.60555,3.856893,-6.390758,13.00577,3.417539,-8.74882,12.56614,0.59655,0.110736,2.296674,1.028007,0.217537,10.26065,1.62934,-4.00733,12.61893,2.058479,-6.764376,12.97781,2.414659,-8.806441,12.01192,-0.74827,0.001735,2.303988,-1.199809,-0.11811,9.699864,-0.778781,-4.031019,11.88735,0.028663,-6.59176,11.04741,0.743556,-7.967795,9.396037,-1.943712,-0.121182,2.310502,-3.156919,-0.564784,8.963428,-2.72709,-3.356219,10.8199,-1.817081,-4.744126,10.20455,-0.796279,-6.0921,9.304266,0,0,0,-4.606735,25.3719,-68.32731,-4.521841,25.37189,-68.32732,4.700895,25.3719,-68.32733,4.700895,25.3719,-68.32733,0.068498,11.77817,0,45.89353,16.25667,-7.490629,81.36937,16.25668,-7.490622,100.8239,16.25667,-7.490628,100.8239,16.25667,-7.490628,-0.767195,3.101027,0,61.05914,-1.76011,9.07364,82.66748,-1.76011,9.073647,114.9962,-1.760114,9.073643,114.9962,-1.760114,9.073643,0.709366,-3.54418,3.538569,60.11412,-12.83171,13.41492,107.8306,-12.83171,13.41491,138.388,-12.83171,13.41492,138.388,-12.83171,13.41492,2.512291,-10.70048,6.789252,53.5541,-22.39042,24.46535,112.0858,-22.39042,24.46534,120.55,-22.39041,24.46535,120.55,-22.39041,24.46535,0,0,0,0,0,0,0.756316,-1.105003,-0.641897,1.299821,-1.891292,-1.09975,1.267455,-2.575434,-1.419604,0,0,0,0,0,0,4.371821,2.177864,1.820147,6.499708,1.699716,0.004739,8.526608,1.517504,-1.147002,0,0,0,0,0,0,2.618573,0.369027,0.01806,4.877351,0.766844,0.501126,7.140431,1.303688,0.153154,0,0,0,0.03859,-0.254979,-0.001699,0.633767,-1.467302,-2.258509,0.761105,1.095861,-10.72749,-0.521477,4.698157,-14.4272,0,0,0,0.13753,-0.663612,-0.018597,-3.877032,-0.511743,1.218572,0.198349,6.07831,-10.19552,3.25229,12.30799,-16.92518,0,0,0,0,0,0,34.08685,-18.02779,-16.26223,61.40649,-29.49759,-28.04249,79.92043,-32.02691,-31.10289,0,0,0,0,0,0,-27.78903,-10.71006,-17.70794,-12.83437,6.147623,72.02803,-21.03522,6.662607,93.21211,0,0,0,0,0,0,-73.8479,40.73202,85.47662,-104.7423,56.24324,219.0453,-102.8332,20.74689,303.2612,0,0,0,-3.783926,26.03984,0.139475,10.36372,-24.75679,-93.06727,-35.59492,-104.1985,427.772,42.48216,-252.9967,637.2607,0,0,0,-13.39093,67.8587,1.679063,-116.0907,-83.34293,-215.258,-228.8729,-55.0014,93.8183,-242.7281,-54.39524,214.8154,3.400294,4.085052,5.946109,6.803314,22.18445,19.46738,0.083929,9.222729,16.36599,47.81681,35.47581,19.45455,-1.701919,60.83022,21.60832,32.32871,-12.6466,60.79284,47.71647,30.55737,-21.65528,56.37373,58.53167,8.4642,13.93398,10.26832,-0.137992,8.279514,-0.515442,-32.59552,69.74396,-10.85575,-26.82006,-2.311249,-9.364585,19.97726,25.19977,32.73033,145.2171,-47.60639,-120.9085,-19.09607,494.6974,-163.8267,251.6487,427.217,-52.23725,26.94056,53.00216,230.5755,-2224.868,1447.758,-845.136,-1116.293,-1582.58,444.9805,-2152.472,1356.551,-11962.42,4240.427,-4191.14,4544.247,-12461.57,6481.805
87,1450,00:00:01:450,0,0,0,2.512528,-0.978382,1.854603,3.760274,-2.968121,6.658701,4.646555,-4.391674,10.0909,4.916107,-5.776502,12.97907,2.145132,0.012838,2.288352,3.605461,0.004286,9.291883,4.167399,-3.578661,12.67445,3.999854,-6.311128,13.14715,3.639297,-8.698249,12.80303,0.59655,0.110736,2.296674,1.028007,0.217537,10.26065,1.689247,-3.996995,12.62139,2.164883,-6.744335,12.99575,2.564688,-8.779082,12.0315,-0.74827,0.001735,2.303988,-1.199081,-0.122851,9.69983,-0.776295,-4.055493,11.8513,0.028518,-6.574196,10.89043,0.724304,-7.890609,9.183231,-1.943712,-0.121182,2.310502,-3.154319,-0.577117,8.963068,-2.766353,-3.358646,10.84347,-1.811966,-4.657598,10.11208,-0.755793,-5.924333,9.137682,0,0,0,-4.660965,25.66123,-68.57071,-4.578301,25.66123,-68.57073,4.550776,25.66124,-68.57073,4.550776,25.66124,-68.57073,0.068498,11.77817,0,44.88567,15.7067,-6.291947,79.81956,15.7067,-6.291951,98.42907,15.7067,-6.291955,98.42907,15.7067,-6.291955,-0.767195,3.101027,0,61.01859,-2.158772,10.11201,82.34734,-2.158775,10.11201,114.9575,-2.158776,10.11201,114.9575,-2.158776,10.11201,0.738431,-3.542494,3.665988,60.69192,-12.53899,13.08469,110.4804,-12.53899,13.08469,140.5378,-12.53899,13.08469,140.5378,-12.53899,13.08469,2.573168,-10.70259,7.033679,52.63572,-23.54425,24.90278,116.7903,-23.54425,24.90278,123.7006,-23.54425,24.90277,123.7006,-23.54425,24.90277,0,0,0,0,0,0,0.309125,-1.551837,-0.717804,0.537671,-2.655811,-1.23091,0.982918,-3.369704,-1.612365,0,0,0,0,0,0,4.089139,4.420392,4.134356,8.577659,4.777819,8.482306,13.30546,3.034293,14.21383,0,0,0,0,0,0,3.594417,0.620127,0.147432,6.384205,1.202479,1.076728,9.00175,1.641512,1.174629,0,0,0,0.043681,-0.284461,-0.002056,0.149181,-1.46842,-2.163336,-0.008667,1.05384,-9.418979,-1.155093,4.631191,-12.76839,0,0,0,0.155993,-0.740024,-0.021592,-2.355739,-0.145644,1.414508,0.306945,5.191706,-5.547747,2.429126,10.06599,-9.995028,0,0,0,0,0,0,-26.83148,-26.81002,-4.55439,-45.72898,-45.87114,-7.8696,-17.07226,-47.65616,-11.56569,0,0,0,0,0,0,-16.96095,134.5517,138.8526,124.6771,184.6861,508.6541,286.7309,91.00734,921.6498,0,0,0,0,0,0,58.5506,15.06597,7.762312,90.41125,26.13812,34.53612,111.6791,20.26946,61.28847,0,0,0,0.305437,-1.768917,-0.021458,-29.07514,-0.067055,5.710423,-46.18629,-2.521276,78.51093,-38.01695,-4.017949,99.52863,0,0,0,1.107752,-4.584733,-0.179708,91.27757,21.96595,11.75612,6.515755,-53.19625,278.8665,-49.38987,-134.5195,415.8094,3.193406,3.929702,6.037305,6.851903,22.49812,19.55947,0.081565,9.129076,15.80266,46.64774,34.93389,18.6095,-2.07726,60.74501,21.32876,32.61012,-12.36193,61.31781,49.78844,30.05748,-22.86695,55.94001,64.15456,6.910321,18.82038,5.525665,-0.141881,-5.619163,-33.79961,-70.14427,-32.51518,-50.70339,-22.52045,-5.112762,-16.77361,16.88416,17.08054,31.49826,124.3178,-29.99359,-72.70008,-26.02363,337.3732,-93.23272,293.1838,-284.5596,-0.233379,-833.9206,-1997.05,-2252.925,-6135.548,-2390.858,257.9765,-168.0908,-444.5412,-185.5864,-487.1542,-73.92436,-1253.952,1056.768,2892.507,-415.654,-9439.452,4235.638
88,1466.667,00:00:01:467,0,0,0,2.512528,-0.978382,1.854603,3.773575,-2.981988,6.649457,4.669756,-4.415299,10.07502,4.940646,-5.813162,12.95677,2.145132,0.012838,2.288352,3.605461,0.004286,9.291883,4.144482,-3.539929,12.7187,4.051052,-6.2077,13.48821,3.740054,-8.623198,13.36405,0.59655,0.110736,2.296674,1.028007,0.217537,10.26065,1.723507,-3.960691,12.67545,2.226062,-6.701278,13.06388,2.64811,-8.742838,12.12381,-0.74827,0.001735,2.303988,-1.198067,-0.129342,9.69978,-0.77304,-4.063406,11.8482,0.038808,-6.56032,10.83767,0.734781,-7.873438,9.128007,-1.943712,-0.121182,2.310502,-3.150685,-0.593994,8.96255,-2.787674,-3.371669,10.85361,-1.79673,-4.578543,10.02021,-0.711004,-5.764263,8.978652,0,0,0,-4.627165,25.89544,-68.31315,-4.55087,25.89544,-68.31316,4.726187,25.89544,-68.31315,4.726187,25.89544,-68.31315,0.068498,11.77817,0,44.23775,15.32306,-6.53611,73.30956,15.32306,-6.536108,93.0262,15.32306,-6.536114,93.0262,15.32306,-6.536114,-0.767195,3.101027,0,60.28864,-2.182313,10.69555,82.05786,-2.182312,10.69554,114.2909,-2.182313,10.69555,114.2909,-2.182313,10.69555,0.778249,-3.540291,3.840516,60.73755,-12.53786,13.10131,111.5906,-12.53786,13.10131,140.6379,-12.53786,13.10131,140.6379,-12.53786,13.10131,2.656541,-10.70604,7.368471,52.06921,-24.46669,25.33453,121.1502,-24.46669,25.33455,126.6812,-24.46668,25.33452,126.6812,-24.46668,25.33452,0,0,0,0,0,0,0.798047,-0.831999,-0.554681,1.392022,-1.417503,-0.953033,1.472354,-2.199657,-1.337707,0,0,0,0,0,0,-1.375012,2.323933,2.654671,3.071867,6.20567,20.46382,6.045475,4.503071,33.66083,0,0,0,0,0,0,2.055567,2.178222,3.243953,3.670737,2.583414,4.087955,5.005348,2.17469,5.538895,0,0,0,0.060869,-0.389477,-0.002995,0.195315,-0.474818,-0.185698,0.617361,0.832558,-3.165946,0.628609,1.030236,-3.313467,0,0,0,0.218041,-1.012607,-0.031069,-1.279291,-0.781372,0.607967,0.91413,4.743285,-5.512386,2.687372,9.60423,-9.541779,0,0,0,0,0,0,29.33532,43.19026,9.78738,51.26104,74.29852,16.67261,29.36616,70.2028,16.4795,0,0,0,0,0,0,-327.8491,-125.7875,-88.7811,-330.3475,85.67109,718.8909,-435.5988,88.12664,1166.82,0,0,0,0,0,0,-92.331,93.48569,185.7912,-162.8081,82.85611,180.6736,-239.7841,31.9907,261.856,0,0,0,1.031309,-6.30097,-0.056326,2.76804,59.61611,118.6582,37.56165,-13.27693,375.1819,107.0221,-216.0573,567.2952,0,0,0,3.722907,-16.35493,-0.568628,64.58691,-38.14369,-48.39241,36.4311,-26.90524,2.121627,15.49478,-27.70588,27.19492,3.082789,3.812157,6.049256,6.911512,22.67838,19.73511,0.076617,9.277054,15.41776,45.96483,29.07178,19.7166,-2.086097,59.97427,21.76921,32.23303,-12.35958,61.36068,50.853,29.04735,-23.8228,55.75277,69.081,5.530949,10.81547,10.53818,-0.29688,8.87867,-23.094,-40.97465,-351.7266,66.42643,-0.530233,-46.24443,26.42704,-22.62497,0.140705,2.572403,63.87359,-60.60768,-57.35092,-11.23444,295.5867,-82.76232,-480.2947,300.7507,-9.29994,869.8699,642.3364,1750.177,-19152.68,7027.789,1319.413,-2467.9,2592.039,-2370.547,-1016.39,-1735.551,-3626.655,-1836.845,920.9497,887.3519,-2507.19,628.2238
89,1483.333,00:00:01:483,0,0,0,2.512528,-0.978382,1.854603,3.761169,-2.985912,6.651062,4.648396,-4.422044,10.07777,4.948215,-5.807197,12.9628,2.145132,0.012838,2.288352,3.605461,0.004286,9.291883,4.04968,-3.385466,12.88456,4.083209,-5.832696,14.19902,3.895486,-8.243992,14.51077,0.59655,0.110736,2.296674,1.028007,0.217537,10.26065,1.758123,-3.887386,12.78832,2.291327,-6.613403,13.23416,2.742441,-8.675876,12.35522,-0.74827,0.001735,2.303988,-1.19782,-0.130903,9.699767,-0.74418,-4.059774,11.85184,0.098624,-6.512617,10.76184,0.804099,-7.771911,9.015963,-1.943712,-0.121182,2.310502,-3.149798,-0.59805,8.962421,-2.846937,-3.36796,10.87533,-1.831438,-4.459711,9.92144,-0.727248,-5.531902,8.780937,0,0,0,-4.574033,25.86473,-68.51105,-4.496352,25.86472,-68.51105,4.07528,25.86473,-68.51107,4.07528,25.86473,-68.51107,0.068498,11.77817,0,42.07629,12.58284,-6.100282,61.00095,12.58283,-6.10029,82.47351,12.58285,-6.100275,82.47351,12.58285,-6.100275,-0.767195,3.101027,0,58.74798,-2.201397,11.42074,80.87463,-2.201401,11.42075,112.6204,-2.201406,11.42074,112.6204,-2.201406,11.42074,0.787825,-3.539778,3.88249,60.67526,-12.59993,13.57255,113.391,-12.59993,13.57255,142.1595,-12.59993,13.57255,142.1595,-12.59993,13.57255,2.676589,-10.70697,7.448987,51.20958,-25.38725,25.2535,126.6205,-25.38725,25.25351,131.2246,-25.38725,25.25351,131.2246,-25.38725,25.25351,0,0,0,0,0,0,-0.744313,-0.235431,0.096291,-1.281604,-0.404701,0.165269,0.454165,0.357918,0.361562,0,0,0,0,0,0,-5.68816,9.267769,9.951531,1.929425,22.50022,42.64891,9.325906,22.75237,68.80357,0,0,0,0,0,0,2.076968,4.398331,6.77222,3.915946,5.272462,10.21653,5.659841,4.017725,13.88437,0,0,0,0.014819,-0.093635,-0.00076,1.731556,0.217952,0.218108,3.588952,2.862185,-4.549786,4.159072,6.091654,-6.722644,0,0,0,0.053197,-0.243343,-0.007734,-3.555782,0.222534,1.303419,-2.082489,7.12996,-5.926206,-0.974636,13.94165,-11.86287,0,0,0,0,0,0,-92.54157,35.79408,39.05832,-160.4175,60.76812,67.09813,-61.09133,153.4545,101.9561,0,0,0,0,0,0,-258.7889,416.6301,437.8116,-68.54652,977.673,1331.105,196.8258,1094.958,2108.565,0,0,0,0,0,0,1.284107,133.2065,211.696,14.71259,161.3429,367.7147,39.26955,110.5821,500.7282,0,0,0,-2.76301,17.75052,0.13411,92.17444,41.56619,24.22839,178.2955,121.7776,-83.03044,211.8278,303.685,-204.5506,0,0,0,-9.890645,46.15578,1.400113,-136.5895,60.23436,41.72712,-179.7972,143.2005,-24.82921,-219.7205,260.2454,-139.2656,3.072853,3.66932,6.05073,7.055115,22.71145,19.59169,0.076617,8.571643,12.64444,43.33534,18.92464,21.47253,-2.084408,58.37666,22.12662,31.74577,-12.39946,61.28788,52.71571,28.76847,-24.87082,55.37092,75.41087,4.604109,1.984062,-8.60527,0,-42.32465,-166.3995,-157.7696,-608.8285,105.3553,0.101352,-95.85639,21.4444,-29.23553,-2.39233,-4.367752,111.763,-16.73275,-62.88139,-22.91084,379.7923,-55.61039,-529.8843,-1148.607,17.81281,-3072.199,-8598.329,-7007.697,-15426.11,2335.734,37.8951,-2976.718,-298.9586,-396.6339,-151.9821,-416.4093,2873.364,2632.496,-331.8283,-700.5843,5052.337,1629.116
90,1500,00:00:01:500,0,0,0,2.512528,-0.978382,1.854603,3.77404,-2.978694,6.65071,4.670379,-4.409753,10.07717,5.010258,-5.782893,12.9635,2.145132,0.012838,2.288352,3.605461,0.004286,9.291883,3.954629,-3.104912,13.13975,4.090159,-5.099911,15.06834,4.025171,-7.380195,15.93023,0.59655,0.110736,2.296674,1.028007,0.217537,10.26065,1.775294,-3.814869,12.89766,2.32333,-6.529841,13.39045,2.785641,-8.611238,12.56348,-0.74827,0.001735,2.303988,-1.196868,-0.13685,9.699716,-0.773595,-4.066678,11.85623,0.082553,-6.469049,10.66859,0.795582,-7.68837,8.897591,-1.943712,-0.121182,2.310502,-3.146376,-0.6135,8.961915,-2.859451,-3.380786,10.88107,-1.821979,-4.387468,9.859645,-0.699515,-5.342435,8.635844,0,0,0,-4.511893,25.88358,-68.00836,-4.43259,25.88359,-68.00836,3.550406,25.88357,-68.00835,3.550406,25.88357,-68.00835,0.068498,11.77817,0,38.17395,9.265275,-5.166201,45.30042,9.265284,-5.166198,69.01601,9.265277,-5.166205,69.01601,9.265277,-5.166205,-0.767195,3.101027,0,57.23709,-1.962545,11.7615,79.90562,-1.962546,11.7615,111.2124,-1.962543,11.7615,111.2124,-1.962543,11.7615,0.824335,-3.537892,4.042493,60.55038,-13.0553,13.41583,115.6801,-13.0553,13.41584,143.3731,-13.05529,13.41583,143.3731,-13.05529,13.41583,2.753006,-10.71085,7.755909,50.79292,-26.06757,25.64136,129.9717,-26.06757,25.64134,135.3327,-26.06757,25.64135,135.3327,-26.06757,25.64135,0,0,0,0,0,0,0.77223,0.433065,-0.0211,1.318976,0.737429,-0.03612,3.72257,1.458228,0.041842,0,0,0,0,0,0,-5.703024,16.83329,15.3113,0.417039,43.9671,52.15904,7.781065,51.82779,85.16747,0,0,0,0,0,0,1.030281,4.35099,6.560504,1.920137,5.013719,9.377539,2.59202,3.87825,12.4957,0,0,0,0.05712,-0.356847,-0.003085,-1.764866,-0.4142,0.263214,-0.964215,2.614081,-5.594685,-0.511006,5.012423,-7.102311,0,0,0,0.205346,-0.927011,-0.030354,-0.750795,-0.769548,0.344351,0.567555,4.334539,-3.707706,1.663947,11.36801,-8.705601,0,0,0,0,0,0,90.99258,40.10975,-7.04348,156.0348,68.52776,-12.08335,196.1043,66.01854,-19.18316,0,0,0,0,0,0,-0.891835,453.931,321.5861,-90.74313,1288.013,570.608,-92.69043,1744.525,981.8333,0,0,0,0,0,0,-62.80124,-2.840459,-12.70294,-119.7485,-15.52462,-50.3397,-184.0692,-8.368491,-83.32018,0,0,0,2.53804,-15.79272,-0.139475,-209.7853,-37.92912,2.706347,-273.19,-14.88626,-62.69395,-280.2046,-64.75388,-22.78,0,0,0,9.128898,-41.02002,-1.357198,168.2992,-59.52492,-57.54411,159.0027,-167.7253,133.11,158.315,-154.4188,189.4364,3.510453,3.620562,6.158404,7.17803,22.63953,19.73661,0.079129,7.982985,9.29629,38.93933,7.126428,23.7156,-1.83579,56.81711,22.66848,31.30682,-12.8679,61.24401,55.12973,27.69301,-25.57751,55.25812,79.17876,5.361035,-4.314766,8.69545,0.150761,-35.3195,-200.8887,-263.7604,-707.8926,134.5841,14.91705,-93.57284,32.51198,-26.33732,-28.10663,-2.63237,144.8408,-64.5274,-42.40116,-6.768035,226.073,45.41556,-377.9297,1038.043,9.045668,420.3092,-2069.354,-6359.449,-5943.849,1753.727,888.942,137.0132,664.0549,173.893,-1542.858,104.1229,1984.667,-2867.679,1228.814,968.5683,-9223.158,6061.557
91,1516.667,00:00:01:517,0,0,0,2.512528,-0.978382,1.854603,3.814463,-2.924174,6.662321,4.740376,-4.316088,10.09704,5.133499,-5.655756,12.99232,2.145132,0.012838,2.288352,3.605461,0.004286,9.291883,3.926791,-2.670503,13.45569,4.10666,-4.170007,15.78743,4.159063,-6.18803,17.1555,0.59655,0.110736,2.296674,1.028007,0.217537,10.26065,1.770652,-3.780719,12.95045,2.308256,-6.49996,13.43103,2.748653,-8.579921,12.58863,-0.74827,0.001735,2.303988,-1.197174,-0.134951,9.699732,-0.773106,-4.069082,11.84823,0.107755,-6.332919,10.42908,0.813378,-7.425052,8.5741,-1.943712,-0.121182,2.310502,-3.147476,-0.608568,8.962079,-2.877887,-3.389724,10.86362,-1.836976,-4.329205,9.783364,-0.714749,-5.208442,8.503862,0,0,0,-4.595818,25.58225,-66.75882,-4.527295,25.58225,-66.75882,2.985526,25.58224,-66.75883,2.985526,25.58224,-66.75883,0.068498,11.77817,0,32.39384,6.109699,-2.672462,32.42205,6.109698,-2.672462,55.65258,6.109703,-2.672459,55.65258,6.109703,-2.672459,-0.767195,3.101027,0,56.50759,-1.354137,11.4182,80.1612,-1.354138,11.41821,111.621,-1.354138,11.41821,111.621,-1.354138,11.41821,0.812675,-3.538483,3.991395,60.66079,-13.13029,13.42866,121.1967,-13.13029,13.42866,147.2297,-13.13029,13.42866,147.2297,-13.13029,13.42866,2.728603,-10.70955,7.657889,51.05427,-26.4859,25.35815,132.9892,-26.48591,25.35813,138.2671,-26.48592,25.35815,138.2671,-26.48592,25.35815,0,0,0,0,0,0,2.425387,3.271188,0.696659,4.199825,5.61992,1.191839,7.394425,7.628224,1.729131,0,0,0,0,0,0,-1.670301,26.0645,18.95687,0.990048,55.79426,43.14547,8.03355,71.52991,73.51612,0,0,0,0,0,0,-0.27857,2.049029,3.167063,-0.904396,1.792878,2.43473,-2.219316,1.879021,1.509011,0,0,0,-0.018351,0.113942,0.000983,0.029314,-0.144258,-0.480071,1.51209,8.167772,-14.37078,1.067793,15.7991,-19.4094,0,0,0,-0.066027,0.29594,0.009835,-1.106199,-0.536263,-1.047224,-0.899814,3.495812,-4.576832,-0.914035,8.039585,-7.918909,0,0,0,0,0,0,99.18941,170.2874,43.06554,172.8509,292.9495,73.67759,220.3113,370.1998,101.2373,0,0,0,0,0,0,241.9634,553.8728,218.7341,34.38055,709.6292,-540.814,15.14911,1182.127,-699.0802,0,0,0,0,0,0,-78.53104,-138.1176,-203.6065,-169.472,-193.2505,-416.5685,-288.6801,-119.9537,-659.201,0,0,0,-4.528239,28.2473,0.244081,107.6508,16.19652,-44.59708,148.5783,333.2215,-526.5658,94.7279,647.2008,-738.4254,0,0,0,-16.28235,73.37701,2.411305,-21.32423,13.99711,-83.49448,-88.04215,-50.32358,-52.14751,-154.679,-199.7052,47.20151,4.308705,3.79489,6.427634,7.385683,22.03428,20.15235,0.068528,7.512799,6.11805,32.71627,0.027976,23.23053,-1.240647,56.0696,23.65358,31.45977,-12.9418,61.36031,60.53593,26.03301,-26.04168,55.63875,81.93497,5.277894,-36.31542,24.944,-0.63608,-28.21111,-190.6944,-373.3839,-425.907,-29.10381,35.7086,-44.85077,59.10564,9.177131,-4.434185,6.97792,324.3725,-99.60021,-27.85034,22.83783,165.3726,-4.988451,-1920.039,974.9128,-47.21044,426.5031,611.6564,-6577.404,16919.13,-9821.275,1247.493,2923.324,1595.62,2130.867,1420.347,576.6174,10771.9,-2104.369,873.049,1776.352,-3642.022,-3024.24
92,1533.333,00:00:01:533,0,0,0,2.512528,-0.978382,1.854603,3.837613,-2.8796,6.673817,4.778292,-4.240625,10.11689,5.217087,-5.547736,13.02048,2.145132,0.012838,2.288352,3.605461,0.004286,9.291883,3.894988,-2.024453,13.80802,4.056998,-3.167694,16.3348,4.173308,-4.827993,18.11712,0.59655,0.110736,2.296674,1.028007,0.217537,10.26065,1.736377,-3.766218,12.98104,2.264083,-6.496523,13.40672,2.698276,-8.559679,12.52089,-0.74827,0.001735,2.303988,-1.197106,-0.135371,9.699728,-0.838173,-4.104767,11.79456,0.032131,-6.236731,10.17834,0.725435,-7.239051,8.268817,-1.943712,-0.121182,2.310502,-3.147233,-0.609659,8.962044,-2.88124,-3.399925,10.8507,-1.837051,-4.304404,9.74406,-0.71382,-5.13672,8.43441,0,0,0,-4.60316,25.29334,-65.79674,-4.504431,25.29334,-65.79675,2.418864,25.29334,-65.79676,2.418864,25.29334,-65.79676,0.068498,11.77817,0,24.15535,3.607111,0.136459,24.30891,3.60711,0.136459,42.91814,3.607113,0.136462,42.91814,3.607113,0.136462,-0.767195,3.101027,0,56.07019,-1.648808,11.19156,81.29316,-1.648805,11.19156,112.7999,-1.648809,11.19156,112.7999,-1.648809,11.19156,0.815254,-3.538352,4.002697,61.40553,-13.56791,12.45422,126.2263,-13.56791,12.45422,150.1284,-13.56791,12.45422,150.1284,-13.56791,12.45422,2.734001,-10.70983,7.679572,51.26402,-26.74336,25.29396,134.4343,-26.74336,25.29396,139.957,-26.74336,25.29397,139.957,-26.74336,25.29397,0,0,0,0,0,0,1.389004,2.674453,0.68973,2.274982,4.527792,1.191035,5.015306,6.4812,1.689523,0,0,0,0,0,0,-1.90819,38.76304,21.13938,-2.979755,60.13872,32.84204,0.854686,81.60218,57.6969,0,0,0,0,0,0,-2.056483,0.870064,1.835257,-2.650402,0.206217,-1.458496,-3.022648,1.214504,-4.064261,0,0,0,0.004051,-0.025202,-0.000224,-3.903988,-2.141118,-3.220081,-4.537442,5.771264,-15.0442,-5.276581,11.16004,-18.31703,0,0,0,0.014573,-0.065471,-0.002146,-0.201199,-0.612058,-0.775114,-0.004493,1.488022,-2.358287,0.055779,4.303313,-4.167124,0,0,0,0,0,0,-62.18299,-35.80415,-0.415742,-115.4905,-65.5277,-0.04828,-142.7471,-68.82141,-2.376437,0,0,0,0,0,0,-14.27336,761.9122,130.9508,-238.1882,260.6678,-618.2062,-430.7319,604.3364,-949.1533,0,0,0,0,0,0,-106.6748,-70.73788,-79.90838,-104.7604,-95.19962,-233.5936,-48.19996,-39.87103,-334.3963,0,0,0,1.344122,-8.348626,-0.07242,-235.9982,-119.8116,-164.4006,-362.9719,-143.7905,-40.40479,-380.6624,-278.3435,65.54245,0,0,0,4.836022,-21.68465,-0.718832,54.29997,-4.547685,16.3266,53.71928,-120.4674,133.1126,58.18884,-224.1763,225.1071,5.251975,3.958004,6.753795,7.508434,21.52962,20.37405,0.096913,6.923309,3.607009,24.19058,0.153233,18.60923,-1.54015,55.67202,25.22298,31.50669,-13.42216,62.17738,64.82082,23.90209,-26.30974,55.90702,83.17027,5.522687,-30.27912,13.30215,1.703115,-35.3694,-150.6624,-511.5413,7.515417,-277.278,-17.97016,-23.85452,94.16393,2.815017,-28.82143,49.0242,257.0929,-127.8551,-16.08353,16.09634,74.11788,14.68755,362.1781,-698.5106,140.3517,-429.4969,2401.922,-8289.444,26005.35,-14890.45,-3220.726,1259.775,2103.497,-381.7268,-1463.234,2522.776,-4036.774,-1695.293,706.0088,-404.489,-5475.283,1180.56
93,1550,00:00:01:550,0,0,0,2.512528,-0.978382,1.854603,3.940995,-2.810442,6.671068,4.959487,-4.120234,10.11187,5.47249,-5.400114,13.01543,2.145132,0.012838,2.288352,3.605461,0.004286,9.291883,3.879985,-1.528786,14.00032,4.033938,-2.394842,16.63549,4.178511,-3.716968,18.67947,0.59655,0.110736,2.296674,1.028007,0.217537,10.26065,1.698665,-3.754451,13.00767,2.202074,-6.507406,13.29415,2.602566,-8.54492,12.33604,-0.74827,0.001735,2.303988,-1.196662,-0.138122,9.699704,-0.864426,-4.143011,11.7304,-0.014863,-6.200043,10.00944,0.659931,-7.1558,8.069648,-1.943712,-0.121182,2.310502,-3.145634,-0.616803,8.961804,-2.839061,-3.422958,10.82053,-1.802597,-4.283563,9.672414,-0.692953,-5.05748,8.316199,0,0,0,-4.839833,25.32113,-63.25462,-4.80667,25.32114,-63.25462,2.10135,25.32114,-63.25462,2.10135,25.32114,-63.25462,0.068498,11.77817,0,18.12172,2.615181,2.215257,18.27947,2.615182,2.215257,32.95995,2.615177,2.215255,32.95995,2.615177,2.215255,-0.767195,3.101027,0,55.69742,-1.343511,10.50024,84.15359,-1.343513,10.50024,114.7762,-1.343513,10.50024,114.7762,-1.343513,10.50024,0.832146,-3.537501,4.076721,62.36304,-13.52315,11.72279,128.9882,-13.52315,11.72278,151.7296,-13.52315,11.72279,151.7296,-13.52315,11.72279,2.769349,-10.71175,7.821563,52.13103,-26.37821,25.29427,136.3873,-26.37821,25.29425,142.2098,-26.37821,25.29426,142.2098,-26.37821,25.29426,0,0,0,0,0,0,6.202943,4.149444,-0.164911,10.87173,7.223456,-0.300989,15.32417,8.857347,-0.302911,0,0,0,0,0,0,-0.900172,29.74,11.53833,-1.38355,46.37117,18.04152,0.312164,66.66149,33.74138,0,0,0,0,0,0,-2.262711,0.706002,1.59806,-3.72057,-0.652984,-6.75407,-5.742564,0.885576,-11.09102,0,0,0,0.02666,-0.165049,-0.001475,-1.575217,-2.29463,-3.849461,-2.819624,2.201311,-10.13432,-3.930291,4.995078,-11.95013,0,0,0,0.095934,-0.428623,-0.01435,2.530798,-1.381986,-1.810178,2.067223,1.250468,-4.298731,1.252016,4.754372,-7.092655,0,0,0,0,0,0,288.8363,88.49947,-51.27847,515.8048,161.7399,-89.52139,618.532,142.5687,-119.546,0,0,0,0,0,0,60.48112,-541.3824,-576.0633,95.77229,-826.0532,-888.031,-32.55128,-896.4411,-1437.331,0,0,0,0,0,0,-12.3737,-9.843709,-14.23179,-64.21006,-51.55206,-317.7345,-163.195,-19.73569,-421.6057,0,0,0,1.356527,-8.390786,-0.075102,139.7263,-9.210705,-37.7628,103.0691,-214.1972,294.5923,80.7774,-369.898,382.0135,0,0,0,4.881619,-21.78909,-0.732243,163.9198,-46.19568,-62.10386,124.3029,-14.25326,-116.4266,71.77422,27.06349,-175.5318,6.048865,4.31136,7.120667,7.759692,20.82553,21.51931,0.034264,6.908022,2.616512,18.03529,0.158259,14.68046,-1.25445,55.33233,28.45617,30.62258,-13.39943,63.11249,66.62511,22.74141,-25.8575,56.48054,84.25629,5.822515,-42.24563,68.71559,-3.758956,-0.917215,-59.42982,-369.3171,0.301522,-235.7263,17.14196,-20.3817,193.9917,-53.04645,1.364021,56.10672,108.2579,-69.64119,27.13417,34.41101,65.16174,17.98971,-717.9907,3324.806,-327.7242,2067.131,5473.955,8533.45,-432.8336,2493.101,2106.727,208.3694,5989.664,-3351.688,1811.127,424.9511,-8930.1,3492.835,2593.062,1098.88,-537.3683,198.1299
94,1566.667,00:00:01:567,0,0,0,2.512528,-0.978382,1.854603,4.067013,-2.780458,6.643277,5.174832,-4.069355,10.06431,5.799283,-5.329926,12.95446,2.145132,0.012838,2.288352,3.605461,0.004286,9.291883,3.805367,-1.15464,14.10977,3.917534,-1.807573,16.80772,4.036929,-2.830096,19.01837,0.59655,0.110736,2.296674,1.028007,0.217537,10.26065,1.629203,-3.763232,13.01104,2.082694,-6.537457,13.12184,2.432061,-8.543674,12.08123,-0.74827,0.001735,2.303988,-1.197609,-0.132228,9.699756,-0.884056,-4.175144,11.65673,-0.049722,-6.155951,9.841478,0.613288,-7.090673,7.887429,-1.943712,-0.121182,2.310502,-3.149042,-0.601495,8.96231,-2.821864,-3.441249,10.76567,-1.808669,-4.269779,9.574016,-0.728098,-4.994856,8.16824,0,0,0,-5.272147,25.93256,-61.13381,-5.225996,25.93256,-61.13381,1.099857,25.93256,-61.13381,1.099857,25.93256,-61.13381,0.068498,11.77817,0,13.62605,1.597312,3.22703,13.70532,1.597311,3.22703,24.92293,1.597313,3.227031,24.92293,1.597313,3.227031,-0.767195,3.101027,0,55.6533,-1.080379,9.326398,87.74236,-1.080378,9.326395,117.0723,-1.080382,9.326396,117.0723,-1.080382,9.326396,0.795961,-3.539349,3.918149,63.44501,-13.53836,11.10784,131.5806,-13.53836,11.10784,152.5301,-13.53836,11.10784,152.5301,-13.53836,11.10784,2.693621,-10.70778,7.517391,53.60666,-25.93713,24.44102,138.4727,-25.93714,24.44104,144.6911,-25.93712,24.44102,144.6911,-25.93712,24.44102,0,0,0,0,0,0,7.561035,1.799069,-1.66744,12.92069,3.052756,-2.853468,19.60757,4.211224,-3.658264,0,0,0,0,0,0,-4.477076,22.44876,6.566673,-6.984271,35.2361,10.33392,-8.494913,53.21232,20.334,0,0,0,0,0,0,-4.167717,-0.526875,0.20206,-7.162749,-1.803025,-10.33884,-10.23029,0.0747,-15.28859,0,0,0,-0.05684,0.353612,0.003129,-1.177814,-1.928016,-4.420056,-2.091558,2.645463,-10.07746,-2.798555,3.90762,-10.93313,0,0,0,-0.204429,0.918472,0.030354,1.031779,-1.097448,-3.291517,-0.364333,0.827037,-5.903899,-2.108725,3.757484,-8.877575,0,0,0,0,0,0,81.48549,-141.0225,-90.15172,122.9378,-250.242,-153.1487,257.0039,-278.7673,-201.3212,0,0,0,0,0,0,-214.6142,-437.4742,-298.2991,-336.0432,-668.1041,-462.4557,-528.4246,-806.9504,-804.4426,0,0,0,0,0,0,-114.3003,-73.97263,-83.76002,-206.5307,-69.00249,-215.0863,-269.2636,-48.65259,-251.854,0,0,0,-5.01003,31.11966,0.276268,23.84417,21.99679,-34.23571,43.68396,26.64909,3.41177,67.90413,-65.24741,61.02025,0,0,0,-18.02176,80.82568,2.682209,-89.94116,17.07226,-88.88036,-145.8934,-25.40588,-96.31007,-201.6444,-59.81326,-107.0952,6.791622,4.735914,7.461202,8.10104,20.62233,22.98432,0.044235,6.32583,1.600467,13.52533,0.079129,11.2176,-1.018372,55.35869,32.08904,29.3299,-13.42994,64.17065,68.1356,20.9495,-25.39699,57.58281,84.86602,6.218391,-12.19196,87.90046,0.598238,-34.93157,-60.96272,-270.5977,-4.747765,-207.7719,14.16471,1.581573,217.9721,-77.56049,-1.830883,63.48976,90.62896,-107.5145,27.63038,66.13655,36.58355,23.75255,1803.22,1151.092,261.4316,-2040.861,-91.97341,5923.165,-302.9572,1677.265,-178.6352,1317.796,1438.824,-1470.842,-191.6942,442.9825,-1057.736,-2272.398,29.77295,1903.532,-1714.691,345.7705
95,1583.333,00:00:01:583,0,0,0,2.512528,-0.978382,1.854603,4.167555,-2.720564,6.631735,5.351457,-3.96401,10.0441,6.077192,-5.180321,12.92954,2.145132,0.012838,2.288352,3.605461,0.004286,9.291883,3.713358,-0.867499,14.17281,3.77439,-1.362335,16.90581,3.862049,-2.172498,19.20422,0.59655,0.110736,2.296674,1.028007,0.217537,10.26065,1.565711,-3.770434,13.01375,1.973112,-6.545349,12.79435,2.272994,-8.478479,11.60991,-0.74827,0.001735,2.303988,-1.199124,-0.122575,9.699832,-0.939225,-4.181178,11.63204,-0.114358,-6.040989,9.688966,0.539217,-6.894332,7.694915,-1.943712,-0.121182,2.310502,-3.154471,-0.5764,8.963089,-2.818912,-3.440831,10.72541,-1.846269,-4.247362,9.485841,-0.81398,-4.930531,8.023913,0,0,0,-5.634013,26.14486,-59.08879,-5.663511,26.14487,-59.08878,0.038772,26.14486,-59.08878,0.038772,26.14486,-59.08878,0.068498,11.77817,0,10.19748,0.321575,5.268249,10.33393,0.321571,5.268249,19.51913,0.321574,5.268253,19.51913,0.321574,5.268253,-0.767195,3.101027,0,55.61702,-0.883035,8.28317,94.47339,-0.883035,8.283171,121.1975,-0.883033,8.283168,121.1975,-0.883033,8.283168,0.736741,-3.542591,3.658576,63.7766,-13.7908,10.36087,135.33,-13.7908,10.36087,155.0108,-13.7908,10.36087,155.0108,-13.7908,10.36087,2.569628,-10.70246,7.01946,54.89719,-24.94019,23.19069,140.5631,-24.94019,23.19069,147.3147,-24.94019,23.1907,147.3147,-24.94019,23.1907,0,0,0,0,0,0,6.032534,3.593646,-0.692546,10.59745,6.320715,-1.21285,16.67451,8.976347,-1.494706,0,0,0,0,0,0,-5.520545,17.22846,3.782361,-8.588634,26.71427,5.884856,-10.4928,39.45592,11.1511,0,0,0,0,0,0,-3.809508,-0.432104,0.162631,-6.574944,-0.473499,-19.64915,-9.544037,3.911689,-28.27916,0,0,0,-0.090893,0.579196,0.00456,-3.310114,-0.361986,-1.481295,-3.87817,6.897748,-9.150713,-4.444286,11.78044,-11.55084,0,0,0,-0.325754,1.505666,0.046715,0.177115,0.025079,-2.415329,-2.255983,1.345038,-5.290478,-5.152936,3.859475,-8.6596,0,0,0,0,0,0,-91.71006,107.6746,58.49361,-139.3944,196.0775,98.43707,-175.9837,285.9073,129.8135,0,0,0,0,0,0,-62.60812,-313.218,-167.0587,-96.26175,-511.3098,-266.9441,-119.8733,-825.3842,-550.9739,0,0,0,0,0,0,21.49254,5.68628,-2.365709,35.26832,79.77156,-558.6182,41.17526,230.2193,-779.4339,0,0,0,-2.043173,13.53501,0.085831,-127.938,93.96178,176.3257,-107.1967,255.1371,55.60487,-98.74384,472.3691,-37.06276,0,0,0,-7.279514,35.23165,0.981688,-51.27981,67.3516,52.5713,-113.499,31.08009,36.80527,-182.6527,6.11946,13.07845,7.302428,5.20492,7.810784,8.462616,20.0365,24.10852,-0.027976,5.702277,0.326259,10.12685,0.135621,9.185193,-0.839767,55.38073,38.85637,26.72412,-13.70815,64.54189,71.55343,19.68076,-24.41961,58.39834,85.66594,6.751627,-35.15018,67.45239,-4.332667,-37.41314,-76.45245,-203.909,3.389494,-121.9441,10.71626,1.322708,406.0396,-156.3471,-16.69264,22.27386,205.0699,-76.12426,58.64284,48.9315,47.99514,31.99413,-1377.493,-1226.884,-295.8543,-148.8938,-929.3838,4001.317,488.2355,5149.666,-206.9069,-15.53192,11284.05,-4727.197,-891.7053,-2472.954,6866.454,1883.414,1860.747,-1032.303,684.6954,494.4946
96,1600,00:00:01:600,0,0,0,2.512528,-0.978382,1.854603,4.304682,-2.63932,6.611153,5.457028,-3.915298,10.02231,6.250475,-5.106121,12.90055,2.145132,0.012838,2.288352,3.605461,0.004286,9.291883,3.560366,-0.650363,14.20762,3.535432,-1.019631,16.96096,3.552745,-1.644325,19.31813,0.59655,0.110736,2.296674,1.028007,0.217537,10.26065,1.55969,-3.784234,12.99483,1.95097,-6.514664,12.44174,2.22918,-8.38089,11.1496,-0.74827,0.001735,2.303988,-1.201583,-0.106247,9.699939,-0.950609,-4.191668,11.576,-0.123081,-5.923783,9.519342,0.522864,-6.645973,7.471711,-1.943712,-0.121182,2.310502,-3.163226,-0.533898,8.964262,-2.862863,-3.411606,10.71124,-1.934004,-4.218096,9.4385,-0.950796,-4.881247,7.934138,0,0,0,-6.624367,26.43038,-57.44701,-4.274633,26.43039,-57.44702,-0.499741,26.43038,-57.44702,-0.499741,26.43038,-57.44702,0.068498,11.77817,0,7.46086,-1.469771,7.141123,7.51431,-1.469773,7.141122,14.7774,-1.469767,7.141126,14.7774,-1.469767,7.141126,-0.767195,3.101027,0,55.88798,-0.668705,8.021051,101.3392,-0.668709,8.021054,124.4066,-0.668704,8.021051,124.4066,-0.668704,8.021051,0.636703,-3.548677,3.219952,64.57175,-13.97959,10.06733,138.8815,-13.97959,10.06734,158.6698,-13.97959,10.06734,158.6698,-13.97959,10.06734,2.36005,-10.69673,6.178029,55.53512,-24.02386,21.57104,141.9279,-24.02387,21.57104,149.2936,-24.02387,21.57104,149.2936,-24.02387,21.57104,0,0,0,0,0,0,8.227654,4.874624,-1.234934,6.334282,2.922714,-1.307398,10.39702,4.45202,-1.739502,0,0,0,0,0,0,-9.179524,13.02813,2.088815,-14.3375,20.56226,3.309399,-18.55825,31.69039,6.834358,0,0,0,0,0,0,-0.361249,-0.827998,-1.1352,-1.328532,1.841068,-21.15682,-2.628822,5.855396,-27.61889,0,0,0,-0.147538,0.979671,0.006393,-0.683064,-0.629403,-3.36282,-0.523383,7.032372,-10.17742,-0.981141,14.90155,-13.39223,0,0,0,-0.525333,2.550155,0.070408,-2.637025,1.753494,-0.850484,-5.264103,1.755975,-2.840415,-8.208934,2.957091,-5.386501,0,0,0,0,0,0,131.7072,76.8587,-32.54324,-255.7901,-203.8801,-5.672872,-376.6491,-271.4596,-14.68778,0,0,0,0,0,0,-219.5388,-252.0198,-101.6128,-344.932,-369.1205,-154.5274,-483.9268,-465.9319,-259.0048,0,0,0,0,0,0,206.8955,-23.75364,-77.86988,314.7847,138.874,-90.46017,414.9128,116.6224,39.61622,0,0,0,-3.398694,24.02852,0.109971,157.623,-16.04497,-112.8915,201.2872,8.077472,-61.60229,207.7887,187.2664,-110.4829,0,0,0,-11.97472,62.6693,1.421571,-168.8484,103.7049,93.89071,-180.4872,24.65621,147.0038,-183.3598,-54.14306,196.3859,7.774772,5.473642,8.04046,8.750666,19.24866,25.6452,2.349771,3.774861,-1.473925,7.585661,0.052339,7.263067,-0.62994,55.65749,45.45116,23.06744,-13.90222,65.33501,74.30972,19.78836,-23.60743,58.73925,86.39275,7.36575,-47.27016,92.20069,142.6648,-115.645,-108.011,-152.4712,-4.996907,-115.3275,12.58967,16.60515,395.6875,-219.4006,-11.64402,47.58728,165.3776,6.456069,48.73077,20.45471,43.60839,36.8474,-727.1985,1484.898,8819.849,-4693.909,-1893.515,3086.269,-503.184,396.9941,112.4045,916.9464,-621.1248,-3783.21,302.9171,1518.805,-2381.534,4954.819,-594.7242,-1708.607,-263.205,291.1959
97,1616.667,00:00:01:617,0,0,0,2.512528,-0.978382,1.854603,4.438115,-2.558541,6.586464,5.559386,-3.875773,9.992289,6.400662,-5.055656,12.86144,2.145132,0.012838,2.288352,3.605461,0.004286,9.291883,3.393399,-0.403977,14.22984,3.27551,-0.637586,16.9956,3.212237,-1.05795,19.39686,0.59655,0.110736,2.296674,1.028007,0.217537,10.26065,1.556962,-3.814647,12.95031,1.922261,-6.444151,12.01945,2.172251,-8.198658,10.5741,-0.74827,0.001735,2.303988,-1.202669,-0.098747,9.699977,-0.956911,-4.196501,11.54964,-0.127211,-5.90516,9.474325,0.520789,-6.609511,7.421137,-1.943712,-0.121182,2.310502,-3.167068,-0.514352,8.964741,-2.849668,-3.392944,10.70724,-1.962079,-4.221721,9.419461,-1.025655,-4.896681,7.890698,0,0,0,-7.569604,26.79061,-55.79973,-2.805654,26.79063,-55.79974,-0.58117,26.79062,-55.79974,-0.58117,26.79062,-55.79974,0.068498,11.77817,0,4.212995,-3.255898,10.18421,4.316236,-3.255899,10.18421,9.501624,-3.255903,10.18421,9.501624,-3.255903,10.18421,-0.767195,3.101027,0,56.51901,-0.430334,7.758199,109.3233,-0.430332,7.758194,129.2004,-0.430334,7.758199,129.2004,-0.430334,7.758199,0.590806,-3.551724,3.018644,64.93745,-14.12445,9.942404,139.5231,-14.12445,9.942408,159.1667,-14.12444,9.9424,159.1667,-14.12444,9.9424,2.263855,-10.69548,5.791837,56.05593,-22.5863,20.78672,141.9968,-22.58629,20.78669,149.8082,-22.58629,20.78672,149.8082,-22.58629,20.78672,0,0,0,0,0,0,8.005924,4.846763,-1.481295,6.141498,2.371453,-1.801103,9.011193,3.027879,-2.346486,0,0,0,0,0,0,-10.01801,14.78318,1.333237,-15.59528,22.9227,2.077996,-20.43043,35.18248,4.723727,0,0,0,0,0,0,-0.163715,-1.824751,-2.670854,-1.722537,4.230782,-25.33771,-3.41576,10.93394,-34.53017,0,0,0,-0.065161,0.450012,0.002325,-0.378074,-0.289992,-1.581296,-0.247775,1.117386,-2.701029,-0.124494,2.187699,-3.034428,0,0,0,-0.230514,1.172773,0.0287,0.791688,1.11971,-0.239745,-1.684472,-0.217505,-1.142353,-4.491532,-0.926077,-2.606392,0,0,0,0,0,0,-13.30376,-1.671687,-14.78165,-11.56705,-33.07566,-29.62231,-83.14981,-85.44846,-36.41902,0,0,0,0,0,0,-50.30885,105.3028,-45.33469,-75.46663,141.6265,-73.88413,-112.3309,209.5256,-126.6378,0,0,0,0,0,0,11.85201,-59.8052,-92.13923,-23.64032,143.3828,-250.8537,-47.21627,304.7123,-414.6774,0,0,0,4.94264,-31.77956,-0.244081,18.29937,20.36467,106.8914,16.53649,-354.8991,448.5833,51.39883,-762.8308,621.4678,0,0,0,17.68917,-82.64287,-2.502501,205.7227,-38.02702,36.64434,214.7778,-118.4088,101.8837,223.0441,-232.9901,166.8065,8.298153,5.743681,8.159921,8.937773,18.46624,27.1434,4.763947,2.2244,-3.295328,4.72638,0.102792,5.185384,-0.396142,56.29479,52.80437,19.87703,-14.04953,65.7063,74.58566,19.64356,-22.16632,58.81217,85.94089,7.811454,-46.94526,89.89207,144.8506,-93.02767,-109.2842,-171.5568,3.027175,-124.661,14.02786,38.23837,441.1928,-191.4245,-8.838902,22.27752,16.55594,-8.688011,86.46709,4.375305,-27.11151,26.74224,19.49386,-138.517,131.1484,1357.037,-76.38931,-1145.136,481.4449,-560.0056,86.29125,1297.993,2730.322,1678.566,168.3071,-1518.585,-8929.302,-908.6448,2264.179,-964.7642,-4243.194,-606.3096
98,1633.333,00:00:01:633,0,0,0,2.512528,-0.978382,1.854603,4.549347,-2.4868,6.563249,5.674438,-3.821619,9.960957,6.574076,-4.979364,12.82141,2.145132,0.012838,2.288352,3.605461,0.004286,9.291883,3.266815,-0.198723,14.23548,3.077375,-0.313578,17.00474,2.944164,-0.556269,19.42758,0.59655,0.110736,2.296674,1.028007,0.217537,10.26065,1.567539,-3.815905,12.94632,1.939359,-6.310634,11.7004,2.192947,-7.94495,10.12099,-0.74827,0.001735,2.303988,-1.204222,-0.08768,9.700024,-0.963267,-4.193994,11.53125,-0.12344,-5.891103,9.450532,0.531897,-6.561837,7.388434,-1.943712,-0.121182,2.310502,-3.172529,-0.485485,8.965378,-2.862122,-3.361311,10.7137,-2.023525,-4.225627,9.416476,-1.137252,-4.949504,7.880215,0,0,0,-8.385654,27.11986,-54.44261,-2.086516,27.11987,-54.4426,-1.045227,27.11986,-54.44261,-1.045227,27.11986,-54.44261,0.068498,11.77817,0,1.414008,-4.342384,12.88512,1.438025,-4.342385,12.88512,4.866434,-4.342386,12.88512,4.866434,-4.342386,12.88512,-0.767195,3.101027,0,56.57309,-0.743641,8.109743,116.2903,-0.743642,8.10974,133.6853,-0.743639,8.109739,133.6853,-0.743639,8.109739,0.523145,-3.556515,2.721791,65.17058,-14.41139,9.927171,139.7842,-14.41138,9.927179,160.0299,-14.41139,9.927174,160.0299,-14.41139,9.927174,2.122013,-10.69522,5.222333,56.33608,-21.06478,19.62255,141.7535,-21.06478,19.62253,149.249,-21.06478,19.62254,149.249,-21.06478,19.62254,0,0,0,0,0,0,6.67394,4.304464,-1.39296,6.903134,3.249295,-1.879915,10.40482,4.577525,-2.401918,0,0,0,0,0,0,-7.595009,12.31525,0.338495,-11.88809,19.44048,0.54878,-16.08439,30.10084,1.843124,0,0,0,0,0,0,0.634611,-0.075504,-0.239432,1.025889,8.011043,-19.14288,1.241784,15.22247,-27.18651,0,0,0,-0.093173,0.664022,0.002772,-0.381382,0.150427,-1.103774,0.226242,0.843421,-1.427606,0.666484,2.860486,-1.962214,0,0,0,-0.327677,1.732003,0.038221,-0.747219,1.897976,0.387222,-3.686796,-0.23438,-0.179082,-6.695849,-3.169365,-0.628978,0,0,0,0,0,0,-79.91905,-32.53788,5.300045,45.69816,52.67054,-4.728734,83.61786,92.97876,-3.325939,0,0,0,0,0,0,145.3797,-148.0753,-59.68451,222.4315,-208.9333,-91.75299,260.7623,-304.8983,-172.8362,0,0,0,0,0,0,47.89955,104.9548,145.8853,164.9056,226.8156,371.6899,279.4526,257.3123,440.6197,0,0,0,-1.680739,12.84061,0.026822,-0.198484,26.42512,28.65136,28.44097,-16.43791,76.4054,47.45866,40.36724,64.33278,0,0,0,-5.829781,33.55377,0.571311,-92.33437,46.69591,37.61798,-120.1395,-1.012532,57.79623,-132.259,-134.5973,118.6448,8.739648,5.939804,8.278249,9.158651,17.7629,28.39187,6.299149,1.041175,-4.441884,2.351519,0.019782,3.428398,-0.7036,56.34229,59.71716,17.39503,-14.33729,65.96537,74.6136,20.24569,-20.68998,58.70306,85.41743,7.495488,-42.2002,74.90798,92.11209,-70.99352,-68.79338,-142.4917,-4.980584,-105.4192,-18.44747,2.849808,414.7675,-148.92,-17.26513,15.54428,1.676788,36.12751,88.5799,-6.546707,-31.40762,-18.95797,284.7038,-899.0455,-3164.311,1322.049,2429.448,1743.909,-480.4655,1154.508,-1948.52,-2123.313,-1585.519,2550.27,-505.5736,-403.9947,-892.749,2688.931,126.7685,-655.3207,-257.7667,-2742.012
99,1650,00:00:01:650,0,0,0,2.512528,-0.978382,1.854603,4.793626,-2.353451,6.491529,5.861749,-3.796015,9.863489,6.863741,-4.931201,12.69885,2.145132,0.012838,2.288352,3.605461,0.004286,9.291883,3.174466,-0.032659,14.23232,2.933082,-0.053542,16.99984,2.743025,-0.152425,19.42901,0.59655,0.110736,2.296674,1.028007,0.217537,10.26065,1.563905,-3.835238,12.9178,1.920736,-6.20504,11.44438,2.161433,-7.73361,9.760521,-0.74827,0.001735,2.303988,-1.205399,-0.078995,9.700051,-0.950423,-4.196156,11.50483,-0.116761,-5.910656,9.435926,0.530092,-6.548342,7.360708,-1.943712,-0.121182,2.310502,-3.176644,-0.462811,8.965818,-2.856522,-3.32773,10.73022,-2.062808,-4.288596,9.473311,-1.220116,-5.124031,7.969485,0,0,0,-10.78788,28.02683,-53.15482,0.153967,28.02683,-53.15482,-2.159731,28.02685,-53.15484,-2.159731,28.02685,-53.15484,0.068498,11.77817,0,-0.889637,-4.924438,15.15304,-0.885649,-4.924441,15.15305,1.07531,-4.924444,15.15305,1.07531,-4.924444,15.15305,-0.767195,3.101027,0,56.97327,-0.814639,8.062061,121.5875,-0.814638,8.062061,137.4243,-0.81464,8.062058,137.4243,-0.81464,8.062058,0.470097,-3.560515,2.488977,65.57095,-14.25548,9.925971,139.3545,-14.25548,9.925971,160.943,-14.25548,9.925973,160.943,-14.25548,9.925973,2.010792,-10.69633,4.775673,56.40356,-19.36469,18.79795,138.8231,-19.36469,18.79797,146.3162,-19.36469,18.79795,146.3162,-19.36469,18.79795,0,0,0,0,0,0,14.65675,8.000906,-4.303202,11.23863,1.536235,-5.848064,17.37995,2.889789,-7.353722,0,0,0,0,0,0,-5.540974,9.963818,-0.189543,-8.6576,15.60217,-0.29397,-12.06835,24.23066,0.086278,0,0,0,0,0,0,-0.21803,-1.159966,-1.711696,-1.117352,6.335646,-15.36128,-1.890823,12.68041,-21.62804,0,0,0,-0.070632,0.52112,0.001654,0.770649,-0.129707,-1.585096,0.400736,-1.173221,-0.876322,-0.108294,0.80967,-1.663551,0,0,0,-0.246853,1.360427,0.026464,0.335969,2.014875,0.991389,-2.356935,-3.778159,3.410071,-4.971832,-10.47161,5.356192,0,0,0,0,0,0,478.9687,221.7865,-174.6145,260.1299,-102.7836,-238.0889,418.5077,-101.2641,-297.1082,0,0,0,0,0,0,123.2421,-141.0861,-31.68225,193.8292,-230.2983,-50.565,240.9623,-352.2107,-105.4108,0,0,0,0,0,0,-51.15844,-65.0677,-88.33587,-128.5945,-100.5238,226.8961,-187.9564,-152.5237,333.5086,0,0,0,1.352504,-8.57412,-0.067055,69.12186,-16.80806,-28.87935,10.46967,-120.9985,33.077,-46.4867,-123.049,17.91983,0,0,0,4.849433,-22.29453,-0.705421,64.99126,7.013977,36.25005,79.79168,-212.6267,215.3492,103.4411,-438.1348,359.1102,9.225623,6.212807,8.43955,9.367648,16.51759,31.1945,10.94183,-2.313761,-5.097314,0.428415,0,1.960944,-0.77506,56.74973,64.61418,15.83688,-14.1775,66.32951,73.7836,21.58846,-19.00672,58.37258,82.41953,7.493157,-74.71858,168.158,278.5608,-201.2961,-39.32579,-115.3862,-1.18694,-88.04723,-4.287601,24.44618,293.8211,-93.4889,9.587173,21.8486,-49.80011,80.56617,100.996,-19.82872,-179.8741,-0.139847,-1951.103,5595,11186.92,-7818.156,1768.056,1626.327,227.6186,1042.316,849.5923,1295.782,-7256.786,3325.867,1611.138,378.2592,-3088.614,2666.319,744.9691,-796.9207,-8907.988,1129.087
100,1666.667,00:00:01:667,0,0,0,2.512528,-0.978382,1.854603,4.93684,-2.260004,6.445404,6.006501,-3.7472,9.797428,7.09339,-4.849158,12.61457,2.145132,0.012838,2.288352,3.605461,0.004286,9.291883,3.126213,0.049013,14.22781,2.857831,0.073791,16.99281,2.638941,0.039281,19.42132,0.59655,0.110736,2.296674,1.028007,0.217537,10.26065,1.590653,-3.823206,12.93056,1.94456,-6.11187,11.33337,2.178759,-7.573413,9.590134,-0.74827,0.001735,2.303988,-1.207026,-0.066522,9.700075,-0.917433,-4.148024,11.5791,-0.077545,-5.922321,9.563826,0.569818,-6.606677,7.503687,-1.943712,-0.121182,2.310502,-3.182287,-0.43022,8.966364,-2.876482,-3.25553,10.79597,-2.140447,-4.357385,9.622415,-1.351773,-5.3697,8.200167,0,0,0,-12.00431,28.63443,-51.79075,1.190852,28.63443,-51.79076,-3.075072,28.63444,-51.79074,-3.075072,28.63444,-51.79074,0.068498,11.77817,0,-2.08201,-5.166995,16.65054,-2.076061,-5.166995,16.65055,-0.696796,-5.166996,16.65054,-0.696796,-5.166996,16.65054,-0.767195,3.101027,0,56.7956,-0.642182,8.347374,124.5955,-0.642181,8.347369,139.6695,-0.642183,8.347371,139.6695,-0.642183,8.347371,0.393994,-3.566633,2.154861,64.536,-13.91815,10.59289,137.5609,-13.91816,10.5929,159.5439,-13.91816,10.5929,159.5439,-13.91816,10.5929,1.851225,-10.69996,4.134648,55.46214,-17.29127,17.73897,133.9787,-17.29127,17.73895,141.0407,-17.29127,17.73897,141.0407,-17.29127,17.73897,0,0,0,0,0,0,8.592813,5.606833,-2.767458,8.685081,2.928905,-3.963634,13.77891,4.922546,-5.056858,0,0,0,0,0,0,-2.895176,4.900327,-0.270724,-4.515051,7.639987,-0.421822,-6.245065,11.50233,-0.461429,0,0,0,0,0,0,1.6049,0.721917,0.765771,1.429416,5.59017,-6.660551,1.039512,9.611785,-10.22328,0,0,0,-0.09761,0.748385,0.001475,1.979392,2.88789,4.456177,2.353001,-0.699878,7.673978,2.38355,-3.500104,8.578732,0,0,0,-0.338584,1.955442,0.032723,-1.197562,4.331968,3.944993,-4.658371,-4.127338,8.946195,-7.899413,-14.74017,13.84087,0,0,0,0,0,0,-363.8362,-143.6443,92.14459,-153.2131,83.56019,113.0658,-216.0626,121.9654,137.8119,0,0,0,0,0,0,158.7479,-303.8094,-4.870891,248.5529,-477.7312,-7.671119,349.3972,-763.6998,-32.86242,0,0,0,0,0,0,109.3758,112.9129,148.648,152.8061,-44.72854,522.0436,175.8201,-184.1176,684.2851,0,0,0,-1.618713,13.63587,-0.010729,72.52457,181.0558,362.4764,117.1359,28.40057,513.018,149.5107,-258.5864,614.5369,0,0,0,-5.503892,35.70087,0.375509,-92.01183,139.0256,177.2162,-138.0861,-20.95073,332.1674,-175.6548,-256.1134,509.0806,9.490567,6.381409,8.471539,9.543516,15.59823,32.83765,13.19516,-4.26595,-5.3975,-0.519265,0,1.379275,-0.599052,56.5454,67.79989,15.07402,-13.82287,65.27985,73.0249,21.98302,-16.98665,57.07386,78.51649,7.062054,-55.16183,98.58901,135.2,-117.1313,-18.01117,-56.8608,0,-34.90011,10.56048,-12.2596,191.1424,-45.7719,21.27788,-62.98004,-45.52185,23.6737,121.2039,-77.92327,-234.1818,-25.86622,1173.405,-4174.138,-8601.646,5049.888,1278.877,3511.525,71.21642,3188.827,890.8849,-2202.346,-6160.72,2863.02,701.4426,-5089.718,256.6956,-3413.548,1212.472,-3485.673,-3258.462,-1543.582
101,1683.333,00:00:01:683,0,0,0,2.512528,-0.978382,1.854603,5.075572,-2.167766,6.394588,6.135912,-3.708968,9.725109,7.313951,-4.768539,12.5218,2.145132,0.012838,2.288352,3.605461,0.004286,9.291883,3.127343,-0.002747,14.22812,2.859929,-0.008107,16.99332,2.641123,-0.066969,19.42137,0.59655,0.110736,2.296674,1.028007,0.217537,10.26065,1.636212,-3.805894,12.94666,1.975518,-5.987368,11.20302,2.191267,-7.360696,9.387191,-0.74827,0.001735,2.303988,-1.208198,-0.057156,9.700084,-0.90239,-4.114586,11.62803,-0.086215,-6.028345,9.734291,0.551245,-6.844801,7.719684,-1.943712,-0.121182,2.310502,-3.186318,-0.405727,8.966705,-2.872738,-3.220664,10.81092,-2.179127,-4.475008,9.772373,-1.427599,-5.663431,8.471438,0,0,0,-13.34795,29.24126,-50.801,2.285682,29.24127,-50.80101,-4.340314,29.24127,-50.80101,-4.340314,29.24127,-50.80101,0.068498,11.77817,0,-1.487724,-5.329776,16.46367,-1.457163,-5.329774,16.46367,-0.130707,-5.329779,16.46367,-0.130707,-5.329779,16.46367,-0.767195,3.101027,0,56.5713,-0.168871,8.70756,128.3018,-0.16887,8.70755,142.5633,-0.168872,8.707559,142.5633,-0.168872,8.707559,0.336911,-3.571515,1.904148,63.90231,-13.25338,10.71774,133.7528,-13.25338,10.71775,156.0172,-13.25339,10.71775,156.0172,-13.25339,10.71775,1.731542,-10.70425,3.65362,55.4358,-15.88966,17.03808,127.5928,-15.88967,17.03809,134.9186,-15.88966,17.03808,134.9186,-15.88966,17.03808,0,0,0,0,0,0,8.323967,5.534268,-3.048956,7.764726,2.29387,-4.339143,13.23362,4.837118,-5.566388,0,0,0,0,0,0,0.067793,-3.105563,0.018418,0.125852,-4.91393,0.030488,0.13097,-6.374972,0.002682,0,0,0,0,0,0,2.73354,1.03873,0.9664,1.857485,7.47013,-7.82065,0.750482,12.76302,-12.17656,0,0,0,-0.070347,0.561954,0.000492,0.902586,2.006248,2.935856,-0.520198,-6.36144,10.22789,-1.114391,-14.28741,12.95981,0,0,0,-0.241891,1.469588,0.020474,0.22459,2.091966,0.897333,-2.320826,-7.057361,8.997514,-4.549568,-17.62383,16.27631,0,0,0,0,0,0,-16.1308,-4.353895,-16.88987,-55.22132,-38.10212,-22.53055,-32.71758,-5.125701,-30.57182,0,0,0,0,0,0,177.7781,-480.3534,17.34852,278.4542,-753.235,27.13859,382.5621,-1072.638,27.84669,0,0,0,0,0,0,67.71838,19.00881,12.03775,25.68416,112.7976,-69.60596,-17.34182,189.0743,-117.1964,0,0,0,1.635812,-11.18584,-0.059009,-64.60837,-52.89853,-91.21923,-172.3919,-339.6937,153.2346,-209.8764,-647.2383,262.8646,0,0,0,5.801618,-29.15125,-0.734925,85.3291,-134.4001,-182.8596,140.2527,-175.8014,3.079176,200.9906,-173.0199,146.1266,9.567873,6.541171,8.550165,9.675791,14.68041,34.44686,15.63364,-6.625961,-5.555344,0.081565,0.027976,1.326332,-0.121947,56.27321,71.73054,14.26143,-13.15382,64.58463,69.85044,22.26444,-15.60285,56.769,72.15702,7.325738,-55.06931,96.55219,146.3084,-141.6007,-9.470614,36.04976,1.678587,-3.176608,28.62631,-16.33141,235.8389,-48.7552,40.14284,-41.7128,-190.4677,16.88564,83.02802,-18.29132,-381.5684,15.82108,5.551528,-122.2092,666.5057,-1468.162,512.4333,5574.633,100.7152,1903.41,1083.95,-244.3085,2681.79,-178.9982,1131.897,1276.034,-8696.749,-407.2837,-2290.553,3577.917,-8843.196,2501.238
102,1700,00:00:01:700,0,0,0,2.512528,-0.978382,1.854603,5.165224,-2.090526,6.362556,6.241803,-3.65475,9.677095,7.484777,-4.67784,12.45922,2.145132,0.012838,2.288352,3.605461,0.004286,9.291883,3.171639,-0.305326,14.2225,2.928947,-0.480089,16.98446,2.751354,-0.776319,19.39848,0.59655,0.110736,2.296674,1.028007,0.217537,10.26065,1.683798,-3.796731,12.94918,1.998487,-5.92605,11.13776,2.183162,-7.228505,9.267111,-0.74827,0.001735,2.303988,-1.209284,-0.048167,9.700082,-0.892202,-4.091487,11.65566,-0.110918,-6.22336,9.994461,0.520178,-7.247059,8.074735,-1.943712,-0.121182,2.310502,-3.190022,-0.382204,8.966976,-2.850751,-3.197878,10.80551,-2.211033,-4.647849,10.01722,-1.503507,-6.064297,8.938954,0,0,0,-14.00999,29.67426,-49.49386,2.962855,29.67426,-49.49387,-5.007246,29.67426,-49.49387,-5.007246,29.67426,-49.49387,0.068498,11.77817,0,2.305792,-5.72387,13.52956,2.333982,-5.72387,13.52956,5.800604,-5.72387,13.52955,5.800604,-5.72387,13.52955,-0.767195,3.101027,0,56.53415,0.579907,8.894859,130.0851,0.579907,8.894861,144.8884,0.579908,8.894854,144.8884,0.579908,8.894854,0.282175,-3.576432,1.663656,63.57036,-12.6334,10.68834,127.2376,-12.63339,10.68834,150.2819,-12.63339,10.68833,150.2819,-12.63339,10.68833,1.616798,-10.70962,3.192198,55.82997,-14.41405,16.46191,117.376,-14.41404,16.46191,125.5333,-14.41404,16.46191,125.5333,-14.41404,16.46191,0,0,0,0,0,0,5.37908,4.634432,-1.921937,6.353438,3.253073,-2.880826,10.24961,5.441978,-3.754466,0,0,0,0,0,0,2.657778,-18.15475,-0.336885,4.141085,-28.31891,-0.531435,6.613836,-42.56099,-1.373291,0,0,0,0,0,0,2.855178,0.549763,0.15074,1.378152,3.679096,-3.915712,-0.486284,7.93147,-7.204815,0,0,0,-0.065133,0.539335,-0.000089,0.611303,1.385987,1.65765,-1.482183,-11.70087,15.61019,-1.864012,-24.1355,21.30304,0,0,0,-0.222221,1.411377,0.016272,1.319222,1.367167,-0.324592,-1.914337,-10.37043,14.69073,-4.554485,-24.05199,28.05094,0,0,0,0,0,0,-176.6932,-53.99018,67.62116,-84.67729,57.55217,87.49901,-179.0402,36.29163,108.7153,0,0,0,0,0,0,155.3991,-902.9509,-21.31819,240.914,-1404.299,-33.71536,388.9719,-2171.161,-82.55838,0,0,0,0,0,0,7.29829,-29.338,-48.93958,-28.75998,-227.462,234.2963,-74.20599,-289.8932,298.3045,0,0,0,0.312813,-1.357136,-0.034869,-17.47694,-37.21564,-76.69238,-57.71912,-320.3657,322.9379,-44.97728,-590.8853,500.5939,0,0,0,1.180171,-3.492655,-0.252128,65.6779,-43.48799,-73.31549,24.38932,-198.7838,341.5927,-0.295043,-385.6896,706.4778,9.261775,6.693474,8.6215,9.752118,13.85853,35.4746,16.97285,-7.970088,-5.865748,3.593086,0.019782,3.466618,0.626201,56.18811,73.551,14.80329,-12.53317,64.189,63.66726,23.04424,-14.1293,56.85683,61.54603,8.157309,-49.31259,61.66465,80.3528,-80.6476,-18.62428,210.6913,-0.491647,128.4172,44.88885,-5.106124,109.2279,32.51118,37.23907,-23.73779,-370.9909,46.78802,88.41293,5.269546,-636.6595,49.89421,345.4033,-2093.252,-3957.336,3657.186,-549.2202,10478.49,-130.214,7895.626,975.7523,673.5168,-7596.661,4875.982,-174.226,1078.5,-10831.39,1794.143,323.0941,1413.652,-15305.46,2044.387
103,1716.667,00:00:01:717,0,0,0,2.512528,-0.978382,1.854603,5.226703,-2.030349,6.340349,6.33583,-3.596977,9.643002,7.635233,-4.582102,12.41302,2.145132,0.012838,2.288352,3.605461,0.004286,9.291883,3.361062,-0.721587,14.19172,3.224806,-1.131758,16.936,3.155746,-1.761408,19.2909,0.59655,0.110736,2.296674,1.028007,0.217537,10.26065,1.715292,-3.790645,12.95039,1.995398,-5.918296,11.13135,2.141335,-7.187647,9.234703,-0.74827,0.001735,2.303988,-1.212186,-0.022349,9.70003,-0.827123,-4.050939,11.67372,-0.152177,-6.427325,10.32758,0.397464,-7.65291,8.503452,-1.943712,-0.121182,2.310502,-3.199759,-0.314565,8.967455,-2.908422,-3.102642,10.8556,-2.430177,-4.769091,10.49883,-1.873133,-6.455424,9.780799,0,0,0,-14.36754,30.00989,-48.30479,3.209869,30.0099,-48.30481,-5.623623,30.0099,-48.30481,-5.623623,30.0099,-48.30481,0.068498,11.77817,0,7.808729,-4.250318,9.780047,7.883961,-4.250321,9.780048,14.45612,-4.250324,9.78005,14.45612,-4.250324,9.78005,-0.767195,3.101027,0,56.50641,1.47736,8.752516,130.302,1.477361,8.752515,146.0614,1.47736,8.752518,146.0614,1.47736,8.752518,0.125236,-3.591814,0.973615,63.57395,-9.952265,10.36901,119.0646,-9.952262,10.369,144.8401,-9.952261,10.36901,144.8401,-9.952261,10.36901,1.287968,-10.73191,1.868193,55.27786,-11.25188,13.66628,101.8596,-11.25187,13.66629,112.4684,-11.25187,13.66628,112.4684,-11.25187,13.66628,0,0,0,0,0,0,3.688752,3.6106,-1.332432,5.641602,3.46642,-2.045676,9.027331,5.744263,-2.772197,0,0,0,0,0,0,11.36539,-24.97567,-1.84679,17.75153,-39.10015,-2.907514,24.26354,-59.10535,-6.454825,0,0,0,0,0,0,1.889616,0.365138,0.072777,-0.185363,0.465184,-0.384495,-2.509642,2.451494,-1.944422,0,0,0,-0.174131,1.549034,-0.003129,3.904732,2.432875,1.083702,-2.475567,-12.23794,19.98697,-7.362848,-24.35106,25.72305,0,0,0,-0.58423,4.058327,0.0287,-3.460262,5.714178,3.005236,-13.14861,-7.274575,28.89642,-22.17756,-23.46763,50.51068,0,0,0,0,0,0,-101.4197,-61.42996,35.37029,-42.71017,12.80084,50.10903,-73.33695,18.1371,58.93616,0,0,0,0,0,0,522.4567,-409.2556,-90.59428,816.6265,-646.8744,-142.5647,1058.982,-992.6612,-304.892,0,0,0,0,0,0,-57.9337,-11.07752,-4.677772,-93.81091,-192.8347,211.873,-121.4015,-328.7985,315.6235,0,0,0,-6.539896,60.58196,-0.18239,197.6057,62.8133,-34.43689,-59.60303,-32.22406,262.607,-329.9301,-12.93361,265.2008,0,0,0,-21.72052,158.817,0.745654,-286.769,260.8206,199.7897,-674.0565,185.751,852.3416,-1057.384,35.06183,1347.584,8.679134,6.861011,8.780653,10.04226,13.19812,36.17673,17.57739,-8.833488,-4.293408,8.426623,0.074019,6.572114,1.516461,56.13597,73.79556,15.75946,-9.850556,63.8988,55.4907,25.77543,-11.08395,55.89327,46.58172,10.60886,-39.62431,42.12799,36.27274,-51.80402,94.34042,290.0122,3.254184,186.3298,53.4156,-3.128128,14.67316,57.37066,160.9568,-17.41196,-490.5935,163.8713,182.7209,-57.81372,-897.8585,147.0933,581.2969,-1172.2,-2644.804,1730.614,6777.882,4759.258,224.7499,3474.755,511.6053,118.6798,-5673.284,1491.569,7423.063,379.55,-7176.159,7024.994,5658.478,-3784.996,-15671.94,5831.946
104,1733.333,00:00:01:733,0,0,0,2.512528,-0.978382,1.854603,5.243704,-2.015235,6.333543,6.368543,-3.572475,9.635321,7.68072,-4.548036,12.4027,2.145132,0.012838,2.288352,3.605461,0.004286,9.291883,3.546532,-1.36801,14.05722,3.514212,-2.145659,16.72407,3.521432,-3.267841,18.88911,0.59655,0.110736,2.296674,1.028007,0.217537,10.26065,1.722622,-3.785075,12.95679,1.983196,-5.914512,11.13694,2.106328,-7.155221,9.219834,-0.74827,0.001735,2.303988,-1.214502,0.000643,9.699924,-0.812401,-4.04795,11.62877,-0.198203,-6.679712,10.84682,0.352762,-8.17344,9.235357,-1.943712,-0.121182,2.310502,-3.207307,-0.254244,8.967505,-3.060465,-2.923579,11.03546,-2.75454,-4.646178,11.30402,-2.330088,-6.504835,11.11744,0,0,0,-14.59448,30.05898,-48.25527,2.964643,30.059,-48.25529,-5.883676,30.05899,-48.25528,-5.883676,30.05899,-48.25528,0.068498,11.77817,0,15.97754,-1.828331,3.899397,16.16959,-1.828331,3.899398,27.34265,-1.828332,3.899397,27.34265,-1.828332,3.899397,-0.767195,3.101027,0,56.40789,1.896393,8.585942,130.3342,1.896391,8.585938,147.0101,1.896392,8.585939,147.0101,1.896392,8.585939,-0.014196,-3.607079,0.359864,64.24208,-9.676367,10.30861,106.377,-9.676369,10.30861,136.1895,-9.676364,10.30861,136.1895,-9.676364,10.30861,0.996163,-10.76027,0.690525,51.44627,-10.97508,11.7763,81.10931,-10.97508,11.7763,95.69384,-10.97508,11.7763,95.69384,-10.97508,11.7763,0,0,0,0,0,0,1.020089,0.90681,-0.408322,1.962796,1.470096,-0.460848,2.729237,2.043955,-0.619054,0,0,0,0,0,0,11.12819,-38.78535,-8.070409,17.3644,-60.83401,-12.71626,21.94114,-90.38596,-24.10716,0,0,0,0,0,0,0.439815,0.334203,0.384271,-0.732131,0.227094,0.33541,-2.100371,1.94554,-0.892147,0,0,0,-0.138966,1.379523,-0.006393,0.883319,0.179328,-2.696738,-2.761544,-15.14321,31.15457,-2.682136,-31.23182,43.91433,0,0,0,-0.452891,3.619277,0.00304,-9.122561,10.74381,10.79151,-19.46177,7.374778,48.3115,-27.41727,-2.964645,80.19854,0,0,0,0,0,0,-160.1198,-162.2273,55.44662,-220.7283,-119.7794,95.08965,-377.8856,-222.0185,129.1886,0,0,0,0,0,0,-14.2318,-828.5809,-373.4171,-23.22793,-1304.031,-588.5249,-139.3441,-1876.836,-1059.14,0,0,0,0,0,0,-86.98804,-1.856088,18.68963,-32.80609,-14.28544,43.19429,24.55629,-30.35724,63.13651,0,0,0,2.109892,-10.17066,-0.195801,-181.2848,-135.2128,-226.8263,-17.15859,-174.3167,670.0559,280.8427,-412.8455,1091.476,0,0,0,7.880329,-26.34298,-1.539588,-339.7379,301.778,467.1764,-378.7895,878.9611,1164.905,-314.3828,1230.179,1781.271,7.811027,6.92834,8.767816,10.28092,13.0341,36.37409,17.55913,-8.848288,-1.830025,16.06504,0.191797,11.17308,1.930568,56.03596,73.92631,16.67586,-9.573126,64.5257,42.13493,29.81256,-10.90766,52.23475,29.66304,14.5845,-9.84146,11.8412,-1.095772,-0.887947,147.803,458.3052,7.066695,276.0577,24.84642,-6.000595,7.845153,54.98354,16.64583,37.61352,-801.3462,242.2275,10.57743,-219.5109,-1015.12,238.5383,1786.971,-1817.207,-2242.11,3054.964,3207.754,10097.58,228.7506,5383.677,-1714.151,-172.348,-409.6801,-143.2274,-8658.657,3301.529,-18645.16,4701.372,-10328.61,-9701.833,-7035.714,5486.702
105,1750,00:00:01:750,0,0,0,2.512528,-0.978382,1.854603,5.274284,-1.985504,6.32156,6.398112,-3.55615,9.617327,7.72268,-4.526751,12.38054,2.145132,0.012838,2.288352,3.605461,0.004286,9.291883,3.689771,-1.98995,13.83181,3.736889,-3.117059,16.37057,3.770578,-4.640466,18.27448,0.59655,0.110736,2.296674,1.028007,0.217537,10.26065,1.686425,-3.751039,13.01555,1.936697,-5.900395,11.21781,2.054293,-7.150578,9.306513,-0.74827,0.001735,2.303988,-1.215737,0.014055,9.699835,-0.810037,-4.049749,11.59566,-0.318906,-6.818769,11.51707,0.193646,-8.587066,10.19722,-1.943712,-0.121182,2.310502,-3.211223,-0.219024,8.967372,-3.298625,-2.552911,11.41046,-3.216268,-4.081969,12.2983,-2.98191,-5.941744,12.69313,0,0,0,-14.85578,30.20513,-47.83525,3.32143,30.20514,-47.83526,-5.897402,30.20513,-47.83526,-5.897402,30.20513,-47.83526,0.068498,11.77817,0,23.70794,1.124954,-0.139056,23.93307,1.124959,-0.139054,38.65796,1.124952,-0.139057,38.65796,1.124952,-0.139057,-0.767195,3.101027,0,55.57592,1.832356,8.164666,129.7441,1.832355,8.164668,146.7401,1.832356,8.164663,146.7401,1.832356,8.164663,-0.095391,-3.616664,0.002131,64.78348,-8.775839,9.810581,91.61967,-8.775843,9.810573,126.1244,-8.775836,9.810577,126.1244,-8.775836,9.810577,0.826446,-10.7805,0.004088,42.5908,-10.93428,9.514382,59.27843,-10.93427,9.514386,77.88215,-10.93428,9.514377,77.88215,-10.93428,9.514377,0,0,0,0,0,0,1.834787,1.783893,-0.719011,1.774147,0.979498,-1.079634,2.517611,1.277156,-1.329437,0,0,0,0,0,0,8.594311,-37.31641,-13.52406,13.36057,-58.28405,-21.20975,14.94875,-82.35751,-36.87805,0,0,0,0,0,0,-2.171851,2.042189,3.525317,-2.7899,0.846997,4.851758,-3.122125,0.278547,5.200714,0,0,0,-0.074085,0.804764,-0.00532,0.141822,-0.107959,-1.986757,-7.242182,-8.343368,40.21512,-9.546943,-24.8175,57.71165,0,0,0,-0.234917,2.113196,-0.008002,-14.2896,22.24003,22.50002,-27.70371,33.85256,59.65702,-39.10936,33.78548,94.54156,0,0,0,0,0,0,48.88191,52.62494,-18.64135,-11.31891,-29.4359,-37.12713,-12.69758,-46.00792,-42.62298,0,0,0,0,0,0,-152.033,88.13649,-327.2188,-240.2293,152.9975,-509.6089,-419.5431,481.7065,-766.2534,0,0,0,0,0,0,-156.7,102.4791,188.4627,-123.4661,37.19419,270.9809,-61.30524,-100.0196,365.5717,0,0,0,3.892891,-34.48559,0.064373,-44.4898,-17.23722,42.59884,-268.8383,407.9908,543.6328,-411.8884,384.8593,827.8395,0,0,0,13.07845,-90.36485,-0.662506,-310.0224,689.7729,702.5107,-494.5162,1588.667,680.7312,-701.5249,2205.008,860.5814,7.09722,6.961663,8.828331,10.80223,12.70549,36.72699,18.17721,-9.218806,1.125006,23.71422,0.224684,14.72489,1.862566,55.23246,74.16817,16.996,-8.684282,64.99026,26.83616,34.50478,-10.96598,43.69046,16.68762,18.60365,-19.71634,21.17409,37.08492,-22.23112,177.3018,458.9505,1.973241,213.1088,-4.080119,-48.20984,14.51202,19.20856,53.33061,27.87414,-917.9261,281.5334,-3.49926,-512.6573,-778.5253,241.1491,-592.4926,559.9731,2290.841,-1280.59,1769.928,38.71582,-305.6072,-3776.932,-1735.593,-2532.554,400.0121,-2146.498,2201.086,-584.3627,-6994.793,2358.354,-844.6013,-17588.78,14195.71,156.6449
106,1766.667,00:00:01:767,0,0,0,2.512528,-0.978382,1.854603,5.292878,-1.964751,6.314651,6.397344,-3.557466,9.606369,7.743537,-4.509014,12.36576,2.145132,0.012838,2.288352,3.605461,0.004286,9.291883,3.747841,-2.567303,13.53001,3.826725,-4.016215,15.89904,3.82402,-5.876827,17.47539,0.59655,0.110736,2.296674,1.028007,0.217537,10.26065,1.617694,-3.714436,13.08279,1.826894,-5.973873,11.41983,1.919097,-7.328911,9.579936,-0.74827,0.001735,2.303988,-1.215744,0.014135,9.699835,-0.792577,-3.976419,11.74181,-0.409216,-6.673713,12.44358,0.083502,-8.684892,11.5249,-1.943712,-0.121182,2.310502,-3.211244,-0.218814,8.967371,-3.523388,-2.071022,11.77722,-3.662243,-3.118173,13.19752,-3.60313,-4.75853,14.1851,0,0,0,-15.0532,30.26682,-47.61684,3.869837,30.26682,-47.61684,-6.30402,30.26681,-47.61686,-6.30402,30.26681,-47.61686,0.068498,11.77817,0,31.05029,4.050742,-3.522948,31.25288,4.050745,-3.522946,49.60636,4.05074,-3.522951,49.60636,4.05074,-3.522951,-0.767195,3.101027,0,54.60158,2.243925,6.935466,126.2688,2.243927,6.935466,143.6256,2.243926,6.935466,143.6256,2.243926,6.935466,-0.095875,-3.616721,0,62.74118,-8.037744,10.17373,75.40874,-8.037742,10.17374,114.1778,-8.037738,10.17373,114.1778,-8.037738,10.17373,0.825435,-10.78062,0,31.64621,-12.42851,9.68359,34.74819,-12.42851,9.683588,58.13545,-12.42851,9.683587,58.13545,-12.42851,9.683587,0,0,0,0,0,0,1.115642,1.245182,-0.414535,-0.046089,-0.078946,-0.657454,1.251429,1.064166,-0.887051,0,0,0,0,0,0,3.484212,-34.64121,-18.10831,5.390167,-53.94934,-28.29176,3.206536,-74.18167,-47.9452,0,0,0,0,0,0,-4.123818,2.196193,4.034221,-6.588198,-4.408702,12.12135,-8.111748,-10.69996,16.40537,0,0,0,-0.000419,0.004795,0,1.047593,4.399828,8.768856,-5.418621,8.703321,55.59075,-6.608622,-5.869567,79.66084,0,0,0,-0.001296,0.012595,-0.000089,-13.48581,28.91335,22.00542,-26.7585,57.82777,53.95299,-37.27316,70.99284,89.51782,0,0,0,0,0,0,-43.14869,-32.32263,18.26852,-109.2142,-63.50666,25.33078,-75.97088,-12.77938,26.54313,0,0,0,0,0,0,-306.6059,160.5123,-275.0551,-478.2244,260.0823,-424.921,-704.5331,490.5506,-664.0291,0,0,0,0,0,0,-117.118,9.24021,30.53424,-227.8979,-315.3419,436.1754,-299.3774,-658.7103,672.2795,0,0,0,4.419944,-47.99812,0.319183,54.34624,270.4672,645.3367,109.4137,1022.801,922.5379,176.2992,1136.876,1316.951,0,0,0,14.01722,-126.0361,0.474751,48.22737,400.3995,-29.67596,56.71263,1438.512,-342.2416,110.1717,2232.441,-301.4241,6.583456,7.045334,8.764767,11.49431,12.47062,36.93902,18.92304,-10.17386,4.055213,31.24832,0.201741,18.35346,2.2601,54.33146,71.66727,17.35678,-7.940972,62.90113,12.66752,38.76907,-12.54379,33.39225,3.101983,23.38725,-14.0926,12.72171,44.74949,-57.30325,175.8124,452.0458,-1.37659,217.7143,23.85205,-54.06005,-150.0545,21.64696,44.59863,-125.3483,-850.1183,255.8576,-94.66833,-617.8926,-815.1383,287.0156,337.4244,-507.1425,459.8739,-2104.328,-89.36187,-414.2798,-200.9899,276.3263,1675.93,-351.0132,-9873.988,146.3035,-523.9189,-9193.345,4068.464,-1540.545,-5470.144,-6314.117,-2196.782,2751.992
107,1783.333,00:00:01:783,0,0,0,2.512528,-0.978382,1.854603,5.31998,-1.925094,6.306259,6.400813,-3.549675,9.59024,7.757944,-4.492829,12.34715,2.145132,0.012838,2.288352,3.605461,0.004286,9.291883,3.767456,-2.961684,13.26326,3.857016,-4.62899,15.48361,3.783838,-6.706214,16.75898,0.59655,0.110736,2.296674,1.028007,0.217537,10.26065,1.586086,-3.566099,13.28476,1.789152,-6.020947,11.92581,1.880492,-7.58676,10.26157,-0.74827,0.001735,2.303988,-1.215744,0.014135,9.699835,-0.79554,-3.802066,12.05213,-0.532917,-6.186706,13.52161,-0.078242,-8.366916,13.10742,-1.943712,-0.121182,2.310502,-3.211245,-0.218814,8.967371,-3.758764,-1.268782,12.13299,-4.045783,-1.817227,13.79127,-4.233576,-2.934061,15.33626,0,0,0,-15.21784,30.37517,-46.91362,4.811245,30.37517,-46.91363,-6.195173,30.37517,-46.91361,-6.195173,30.37517,-46.91361,0.068498,11.77817,0,36.21183,7.021443,-6.351775,36.36364,7.021443,-6.351777,58.2009,7.021445,-6.351776,58.2009,7.021445,-6.351776,-0.767195,3.101027,0,51.61511,2.725207,6.233551,118.921,2.725203,6.233557,136.7658,2.725208,6.233548,136.7658,2.725208,6.233548,-0.095875,-3.616721,0,58.25217,-6.844358,10.50092,58.25926,-6.844358,10.50092,100.6117,-6.844364,10.50092,100.6117,-6.844364,10.50092,0.825436,-10.78063,0,16.6725,-12.11741,7.486541,16.62335,-12.11741,7.486542,34.42127,-12.11741,7.486541,34.42127,-12.11741,7.486541,0,0,0,0,0,0,1.626089,2.379387,-0.503495,0.208139,0.467487,-0.967696,0.864387,0.971094,-1.116335,0,0,0,0,0,0,1.176886,-23.66287,-16.00492,1.817465,-36.76647,-24.92586,-2.410948,-49.7632,-42.98508,0,0,0,0,0,0,-1.896534,8.900194,12.11831,-2.264533,-2.824455,30.35907,-2.3163,-15.47094,40.89783,0,0,0,-0.000006,0,0,-0.177752,10.46117,18.61918,-7.422024,29.22041,64.68147,-9.704639,19.07855,94.95135,0,0,0,-0.000045,-0.000001,0,-14.1225,48.13437,21.34627,-23.01239,78.05676,35.62501,-37.82677,109.4681,69.06956,0,0,0,0,0,0,30.62681,68.05233,-5.337593,15.25372,32.78598,-18.61453,-23.22256,-5.584359,-13.75704,0,0,0,0,0,0,-138.4395,658.7003,126.2033,-214.3622,1030.973,201.9543,-337.049,1465.108,297.6071,0,0,0,0,0,0,133.637,402.2401,485.0453,259.4199,95.05479,1094.263,347.7269,-286.2587,1469.547,0,0,0,0.02481,-0.287662,0,-73.52068,363.6807,591.0193,-120.2042,1231.025,545.4429,-185.7611,1496.887,917.4306,0,0,0,0.075102,-0.755796,0.005364,-38.20136,1153.261,-39.54917,224.7664,1213.74,-1099.679,-33.21647,2308.518,-1226.896,6.336936,6.96179,8.774529,12.45637,12.00595,37.23771,20.02908,-11.00643,7.038264,36.75372,0.150658,21.83723,2.736094,51.36605,67.30586,17.84485,-6.748576,58.35047,0.019782,42.35241,-12.23084,18.34959,-0.052339,17.79792,-27.87975,17.92168,66.36234,-49.95409,178.983,330.3239,-3.064999,209.0263,28.55963,-177.9245,-261.6843,29.28406,71.54374,-273.0393,-758.8643,215.0004,18.77706,-902.5599,-189.2593,-335.3599,-827.2292,311.998,1296.771,440.95,190.2365,-7303.319,-101.3046,-521.2775,282.4546,-7431.865,-6697.788,458.226,1616.707,-8861.462,5475.245,-2451.434,6806.723,-17080.04,37552.74,-37342.53
108,1800,00:00:01:800,0,0,0,2.512528,-0.978382,1.854603,5.368785,-1.867106,6.287126,6.423199,-3.523133,9.563981,7.785095,-4.465917,12.31867,2.145132,0.012838,2.288352,3.605461,0.004286,9.291883,3.880774,-3.279759,12.99787,4.035034,-5.119296,15.07397,3.909044,-7.330823,16.09379,0.59655,0.110736,2.296674,1.028007,0.217537,10.26065,1.551186,-3.411589,13.47442,1.808029,-6.104179,12.70096,1.948843,-7.941058,11.34601,-0.74827,0.001735,2.303988,-1.215744,0.014135,9.699835,-0.898313,-3.258261,12.77618,-0.696464,-5.314504,14.68563,-0.289442,-7.53465,14.87765,-1.943712,-0.121182,2.310502,-3.211245,-0.218814,8.967371,-3.839262,-0.637987,12.2618,-4.162787,-0.899565,13.98225,-4.456455,-1.555728,15.75786,0,0,0,-15.9062,30.46899,-46.6195,5.574505,30.46899,-46.6195,-6.113049,30.469,-46.6195,-6.113049,30.469,-46.6195,0.068498,11.77817,0,40.23981,11.77881,-8.769701,40.23679,11.77881,-8.769696,64.7102,11.77881,-8.769696,64.7102,11.77881,-8.769696,-0.767195,3.101027,0,48.72291,2.367759,6.12637,105.9723,2.367757,6.126368,126.3696,2.367759,6.12637,126.3696,2.367759,6.12637,-0.095874,-3.616722,0,46.63828,-5.671965,10.87286,46.99585,-5.671966,10.87286,85.11324,-5.671966,10.87286,85.11324,-5.671966,10.87286,0.825436,-10.78063,0,5.975456,-11.46339,5.946921,7.356794,-11.46339,5.946921,18.95392,-11.46339,5.946922,18.95392,-11.46339,5.946922,0,0,0,0,0,0,2.928346,3.479295,-1.14803,1.343161,1.592472,-1.575574,1.62904,1.614735,-1.709014,0,0,0,0,0,0,6.799109,-19.08446,-15.92356,10.68111,-29.41836,-24.5786,7.512375,-37.47654,-39.911,0,0,0,0,0,0,-2.093967,9.270608,11.37963,1.132619,-4.99387,46.50865,4.101019,-21.25789,65.06686,0,0,0,-0.000006,-0.000001,0,-6.166376,32.62829,43.4432,-9.812847,52.33215,69.84097,-12.67205,49.93593,106.2139,0,0,0,0,0.000001,0,-4.829898,37.84772,7.728427,-7.02028,55.05971,11.45902,-13.37273,82.69996,25.29609,0,0,0,0,0,0,78.13541,65.99442,-38.67208,68.10127,67.49912,-36.47268,45.87918,38.61845,-35.56073,0,0,0,0,0,0,337.3334,274.7044,4.88162,531.819,440.8866,20.8354,595.3994,737.1997,184.4448,0,0,0,0,0,0,-11.84597,22.22478,-44.32082,203.8291,-130.1649,968.9748,385.0391,-347.2173,1450.142,0,0,0,0,-0.000089,0,-359.3174,1330.027,1489.441,-143.4494,1386.704,309.5698,-178.0444,1851.443,675.7507,0,0,0,0.002682,0.000168,0,557.5561,-617.1992,-817.0706,959.5266,-1379.823,-1449.959,1467.242,-1606.091,-2626.408,6.122336,6.861815,9.009088,13.04426,11.33751,37.79718,21.48069,-11.68756,11.83986,41.54564,0,24.47341,2.380802,48.47354,57.24939,20.39727,-5.595311,46.76875,0.35718,38.11738,-11.53285,7.251172,1.38126,11.59709,-40.10645,33.56827,87.09674,-40.86776,288.0956,287.5152,-9.039472,158.1705,-21.31755,-173.5508,-603.3881,153.1453,69.19592,-694.9033,20.24386,-254.1019,41.87925,-665.905,86.01595,-372.0497,-733.6016,938.7954,1244.064,545.1793,6546.751,-2568.521,-358.4683,-3051.349,-2992.631,262.4222,-20502.23,7431.673,-140.869,-25311.84,46746.48,-28146.13,1386.131,14199.29,16516.51,-2201.385
109,1816.667,00:00:01:817,0,0,0,2.512528,-0.978382,1.854603,5.409966,-1.829429,6.26775,6.441986,-3.5209,9.533613,7.79893,-4.480497,12.28494,2.145132,0.012838,2.288352,3.605461,0.004286,9.291883,4.032827,-3.462378,12.81249,4.154983,-5.640334,14.5328,3.943462,-7.969546,15.2233,0.59655,0.110736,2.296674,1.028007,0.217537,10.26065,1.44274,-3.230425,13.68295,1.723619,-6.021345,13.89772,1.913741,-8.129554,13.0322,-0.74827,0.001735,2.303988,-1.215744,0.014135,9.699835,-1.039907,-2.56665,13.38519,-0.924376,-4.200269,15.67273,-0.576278,-6.294483,16.4631,-1.943712,-0.121182,2.310502,-3.211244,-0.218814,8.967371,-3.937449,-0.486376,12.25741,-4.307057,-0.702289,13.97492,-4.659001,-1.228044,15.78304,0,0,0,-16.38185,30.66085,-46.33076,6.334281,30.66084,-46.33078,-5.694401,30.66086,-46.3308,-5.694401,30.66086,-46.3308,0.068498,11.77817,0,42.28991,16.33356,-10.15247,49.81325,16.33357,-10.15247,72.83856,16.33357,-10.15247,72.83856,16.33357,-10.15247,-0.767195,3.101027,0,45.4069,1.223046,5.653264,85.62059,1.223045,5.653259,112.2446,1.223047,5.653263,112.2446,1.223047,5.653263,-0.095875,-3.616722,0,34.72254,-5.229381,11.39009,35.26393,-5.229381,11.39009,69.49055,-5.229384,11.39008,69.49055,-5.229384,11.39008,0.825436,-10.78062,0,2.981093,-12.90299,7.098172,5.465379,-12.90301,7.098171,14.45689,-12.90299,7.098172,14.45689,-12.90299,7.098172,0,0,0,0,0,0,2.470784,2.26061,-1.162514,1.127198,0.133999,-1.822069,0.830099,-0.874825,-2.023995,0,0,0,0,0,0,9.123154,-10.95716,-11.12276,7.196925,-31.26229,-32.4701,2.065099,-38.3234,-52.22923,0,0,0,0,0,0,-6.506782,10.86983,12.51188,-5.064591,4.970044,71.80595,-2.106115,-11.30971,101.171,0,0,0,0,0,0,-8.495667,41.49665,36.5408,-13.67474,66.85406,59.22603,-17.21012,74.41002,95.12669,0,0,0,0.000045,0,0.000045,-5.891203,9.0967,-0.262946,-8.656158,11.83653,-0.439793,-12.15275,19.66101,1.510978,0,0,0,0,0,0,-27.45375,-73.12105,-0.869036,-12.95775,-87.50841,-14.78969,-47.93644,-149.3736,-18.89883,0,0,0,0,0,0,139.4426,487.6383,288.0477,-209.0514,-110.6358,-473.4902,-326.8365,-50.81177,-739.0936,0,0,0,0,0,0,-264.7689,95.95334,67.93503,-371.8326,597.8348,1517.838,-372.428,596.8907,2166.246,0,0,0,0.000335,0.000089,0,-139.7575,532.102,-414.1438,-231.7135,871.3141,-636.8959,-272.2844,1468.445,-665.2311,0,0,0,0.002682,-0.000084,0.002682,-63.67832,-1725.061,-479.4824,-98.15271,-2593.391,-713.9288,73.19887,-3782.336,-1427.107,5.972612,6.964873,9.533712,13.34223,10.91513,38.28676,22.71614,-12.02867,16.47514,44.55767,7.523344,23.0253,1.236064,45.214,40.21368,26.62398,-5.182058,35.0028,0.541764,34.22659,-13.00835,4.649326,2.484277,8.991518,-25.34294,29.37446,74.12669,-20.46684,278.1168,180.7219,451.4006,-86.88674,-68.68424,-195.5726,-1022.143,373.6023,24.79514,-705.9567,11.07502,-233.4473,-88.52988,-156.1108,66.18101,-156.3342,885.8103,-251.6282,-778.2028,1224.055,-598.7255,-6407.597,27626.4,-14703.43,-2842.001,-1321.312,-25125.26,13227.42,-2664.047,-663.2006,-550.1306,1239.271,-7824.548,30587.65,-1190.097,12942.93
110,1833.333,00:00:01:833,0,0,0,2.512528,-0.978382,1.854603,5.440115,-1.801084,6.253204,6.44879,-3.522848,9.510519,7.800009,-4.496358,12.25977,2.145132,0.012838,2.288352,3.605461,0.004286,9.291883,4.142503,-3.640414,12.61195,4.149596,-6.099569,13.90438,3.820195,-8.489044,14.26311,0.59655,0.110736,2.296674,1.028007,0.217537,10.26065,1.350895,-2.983244,13.92444,1.590378,-5.334311,15.45067,1.824682,-7.602448,15.27605,-0.74827,0.001735,2.303988,-1.215744,0.014135,9.699835,-1.29628,-1.878276,13.78463,-1.341077,-3.086533,16.3249,-1.156427,-4.935298,17.62088,-1.943712,-0.121182,2.310502,-3.211244,-0.218814,8.967371,-4.106208,-0.559693,12.2087,-4.56524,-0.789692,13.90264,-5.004487,-1.308119,15.69369,0,0,0,-16.76725,30.78615,-46.17966,6.982479,30.78616,-46.17966,-5.370856,30.78617,-46.17968,-5.370856,30.78617,-46.17968,0.068498,11.77817,0,44.492,20.20372,-10.98638,60.28263,20.20374,-10.98637,80.98186,20.20374,-10.98637,80.98186,20.20374,-10.98637,-0.767195,3.101027,0,41.28497,-0.113101,5.88921,57.14461,-0.113103,5.889209,94.37917,-0.113103,5.889212,94.37917,-0.113103,5.889212,-0.095875,-3.616722,0,24.29849,-5.504483,9.557942,24.88947,-5.504481,9.557947,54.91781,-5.504485,9.557944,54.91781,-5.504485,9.557944,0.825435,-10.78062,0,3.194793,-16.15575,9.507984,4.894221,-16.15575,9.507982,13.24045,-16.15575,9.507983,13.24045,-16.15575,9.507983,0,0,0,0,0,0,1.808993,1.700699,-0.872791,0.408232,-0.1169,-1.385629,0.064775,-0.951625,-1.509771,0,0,0,0,0,0,6.580554,-10.68217,-12.03266,-0.323229,-27.55413,-37.70524,-7.396012,-31.16986,-57.61197,0,0,0,0,0,0,-5.510676,14.83086,14.4892,-7.994446,41.22197,93.17672,-5.34353,31.62637,134.6312,0,0,0,0,0,0,-15.38238,41.30244,23.96607,-25.00207,66.82417,39.1303,-34.80898,81.55109,69.46688,0,0,0,0,0,0,-10.12556,-4.399049,-2.923071,-15.49096,-5.244135,-4.336864,-20.72916,-4.804479,-5.360841,0,0,0,0,0,0,-39.70742,-33.59466,17.38339,-43.13796,-15.0539,26.1864,-45.91941,-4.608029,30.85345,0,0,0,0,0,0,-152.556,16.49961,-54.59368,-451.2092,222.4892,-314.1081,-567.6667,429.2124,-322.9644,0,0,0,0,0,0,59.76634,237.6618,118.6394,-175.7913,2175.115,1282.246,-194.2449,2576.165,2007.617,0,0,0,0,-0.000021,0,-413.2029,-11.65295,-754.4838,-679.6395,-1.793504,-1205.744,-1055.932,428.4643,-1539.588,0,0,0,-0.002682,0,-0.002682,-254.0615,-809.7449,-159.6075,-410.0883,-1024.84,-233.8242,-514.5844,-1467.93,-412.3091,5.982792,7.379042,10.44758,13.63495,10.59401,38.64663,23.74972,-12.3533,20.43177,47.66869,15.79061,20.6992,-0.096913,41.14133,15.85966,37.23454,-5.520912,24.85743,0.590829,30.02831,-16.39109,6.003549,1.699387,8.346214,-19.26704,21.59225,62.0153,-19.47744,237.3982,186.6614,496.0357,-139.5656,-79.97865,-244.3597,-1461.242,636.6335,-20.33123,-608.7227,2.943935,-251.897,-202.9647,81.25339,-47.09338,-38.71822,364.5538,-466.9326,-726.6835,59.36393,-2443.118,356.369,2678.104,-3160.732,-677.6641,-2927.225,-26345.94,15781.87,-2707.582,5834.04,-487.865,-1106.982,-6866.091,14241.85,-6796.463,7056.958
111,1850,00:00:01:850,0,0,0,2.512528,-0.978382,1.854603,5.469605,-1.786195,6.236205,6.481837,-3.532678,9.479225,7.833315,-4.525598,12.2214,2.145132,0.012838,2.288352,3.605461,0.004286,9.291883,4.250098,-3.765966,12.44858,4.074251,-6.42195,13.244,3.620713,-8.817511,13.29272,0.59655,0.110736,2.296674,1.028007,0.217537,10.26065,1.103415,-2.102885,14.54814,1.146896,-3.458321,17.01292,1.173142,-5.535841,17.96845,-0.74827,0.001735,2.303988,-1.215744,0.014135,9.699835,-1.655456,-1.019226,14.06012,-1.927039,-1.688723,16.7791,-2.002217,-3.100877,18.54878,-1.943712,-0.121182,2.310502,-3.211245,-0.218814,8.967371,-4.272036,-0.453142,12.16786,-4.806472,-0.684118,13.83942,-5.354638,-1.072708,15.63332,0,0,0,-16.86664,31.10608,-45.68631,7.457469,31.10609,-45.68631,-4.878882,31.10608,-45.68631,-4.878882,31.10608,-45.68631,0.068498,11.77817,0,46.08999,23.39451,-11.21591,71.82241,23.39452,-11.21593,88.75274,23.39452,-11.21591,88.75274,23.39452,-11.21591,-0.767195,3.101027,0,28.42443,0.820043,0.346642,28.80912,0.820044,0.346642,65.29942,0.820044,0.346642,65.29942,0.820044,0.346642,-0.095875,-3.616721,0,12.60136,-7.115297,5.939627,13.10319,-7.115298,5.939627,38.06853,-7.115298,5.939629,38.06853,-7.115298,5.939629,0.825436,-10.78063,0,0.716141,-18.73589,10.22804,4.289997,-18.7359,10.22804,8.55847,-18.73589,10.22804,8.55847,-18.73589,10.22804,0,0,0,0,0,0,1.769386,0.893354,-1.019955,1.982823,-0.589795,-1.87768,1.99838,-1.754366,-2.302363,0,0,0,0,0,0,6.455719,-7.533095,-9.802132,-4.520707,-19.34286,-39.62284,-11.96893,-19.70798,-58.22342,0,0,0,0,0,0,-14.8488,52.82156,37.422,-26.60894,112.5594,93.73515,-39.09237,123.9964,161.5443,0,0,0,0.000011,0,0,-21.55054,51.54301,16.52929,-35.15767,83.86863,27.25214,-50.74736,110.0653,55.67408,0,0,0,-0.000045,-0.000003,-0.000045,-9.949654,6.393031,-2.449929,-14.47391,6.334394,-3.793358,-21.00905,14.12464,-3.622412,0,0,0,0,0,0,-2.376426,-48.4407,-8.829826,94.47543,-28.37374,-29.52307,116.0163,-48.16443,-47.55556,0,0,0,0,0,0,-7.490068,188.9442,133.8315,-251.8487,492.6761,-115.056,-274.3752,687.7129,-36.68725,0,0,0,0,0,0,-560.2876,2279.442,1375.968,-1116.87,4280.248,33.50615,-2024.931,5542.2,1614.781,0,0,0,0.000671,0.000021,0,-370.0895,614.4341,-446.2069,-609.3362,1022.668,-712.6895,-956.3029,1710.852,-827.5684,0,0,0,-0.002682,-0.000168,-0.002682,10.55449,647.5247,28.3885,61.02293,694.7117,32.61029,-16.79331,1135.747,104.3057,6.108539,8.85478,11.78148,14.05296,10.44602,39.01482,24.32411,-12.33633,23.70518,50.0618,25.73243,16.9303,0.819961,28.4226,0.384104,36.49029,-7.152586,13.33277,0.501631,24.96532,-19.04281,4.187504,3.573798,4.268474,-8.879528,22.09167,34.4632,1.017895,196.4041,143.5865,596.5095,-226.1343,55.01243,-763.1238,-928.5331,-44.65484,-97.90045,-691.4793,-5.351883,-303.7791,-159.1028,-108.9627,112.4646,-244.6644,623.2508,29.96521,-1653.126,1229.72,-2459.646,-2584.491,6028.431,-5194.123,8099.464,-31125.85,31962.51,-40877.3,-4654.153,-4965.399,-497.7491,-3112.921,2631.713,-11412.97,9573.481,-12356.77
112,1866.667,00:00:01:867,0,0,0,2.512528,-0.978382,1.854603,5.469605,-1.786195,6.236205,6.481837,-3.532678,9.479225,7.833315,-4.525598,12.2214,2.145132,0.012838,2.288352,3.605461,0.004286,9.291883,4.250098,-3.765966,12.44858,4.074251,-6.42195,13.244,3.620713,-8.817511,13.29272,0.59655,0.110736,2.296674,1.028007,0.217537,10.26065,1.103415,-2.102885,14.54814,1.146896,-3.458321,17.01292,1.173142,-5.535841,17.96845,-0.74827,0.001735,2.303988,-1.215744,0.014135,9.699835,-1.655456,-1.019226,14.06012,-1.927039,-1.688723,16.7791,-2.002217,-3.100877,18.54878,-1.943712,-0.121182,2.310502,-3.211245,-0.218814,8.967371,-4.272036,-0.453142,12.16786,-4.806472,-0.684118,13.83942,-5.354638,-1.072708,15.63332,0,0,0,-16.86664,31.10608,-45.68631,7.457469,31.10609,-45.68631,-4.878882,31.10608,-45.68631,-4.878882,31.10608,-45.68631,0.068498,11.77817,0,46.08999,23.39451,-11.21591,71.82241,23.39452,-11.21593,88.75274,23.39452,-11.21591,88.75274,23.39452,-11.21591,-0.767195,3.101027,0,28.42443,0.820043,0.346642,28.80912,0.820044,0.346642,65.29942,0.820044,0.346642,65.29942,0.820044,0.346642,-0.095875,-3.616721,0,12.60136,-7.115297,5.939627,13.10319,-7.115298,5.939627,38.06853,-7.115298,5.939629,38.06853,-7.115298,5.939629,0.825436,-10.78063,0,0.716141,-18.73589,10.22804,4.289997,-18.7359,10.22804,8.55847,-18.73589,10.22804,8.55847,-18.73589,10.22804,0,0,0,0,0,0,1.769386,0.893354,-1.019955,1.982823,-0.589795,-1.87768,1.99838,-1.754366,-2.302363,0,0,0,0,0,0,6.455719,-7.533095,-9.802132,-4.520707,-19.34286,-39.62284,-11.96893,-19.70798,-58.22342,0,0,0,0,0,0,-14.8488,52.82156,37.422,-26.60894,112.5594,93.73515,-39.09237,123.9964,161.5443,0,0,0,0.000011,0,0,-21.55054,51.54301,16.52929,-35.15767,83.86863,27.25214,-50.74736,110.0653,55.67408,0,0,0,-0.000045,-0.000003,-0.000045,-9.949654,6.393031,-2.449929,-14.47391,6.334394,-3.793358,-21.00905,14.12464,-3.622412,0,0,0,0,0,0,-2.376426,-48.4407,-8.829826,94.47543,-28.37374,-29.52307,116.0163,-48.16443,-47.55556,0,0,0,0,0,0,-7.490068,188.9442,133.8315,-251.8487,492.6761,-115.056,-274.3752,687.7129,-36.68725,0,0,0,0,0,0,-560.2876,2279.442,1375.968,-1116.87,4280.248,33.50615,-2024.931,5542.2,1614.781,0,0,0,0.000671,0.000021,0,-370.0895,614.4341,-446.2069,-609.3362,1022.668,-712.6895,-956.3029,1710.852,-827.5684,0,0,0,-0.002682,-0.000168,-0.002682,10.55449,647.5247,28.3885,61.02293,694.7117,32.61029,-16.79331,1135.747,104.3057,6.108539,8.85478,11.78148,14.05296,10.44602,39.01482,24.32411,-12.33633,23.70518,50.0618,25.73243,16.9303,0.819961,28.4226,0.384104,36.49029,-7.152586,13.33277,0.501631,24.96532,-19.04281,4.187504,3.573798,4.268474,-8.879528,22.09167,34.4632,1.017895,196.4041,143.5865,596.5095,-226.1343,55.01243,-763.1238,-928.5331,-44.65484,-97.90045,-691.4793,-5.351883,-303.7791,-159.1028,-108.9627,112.4646,-244.6644,623.2508,29.96521,-1653.126,1229.72,-2459.646,-2584.491,6028.431,-5194.123,8099.464,-31125.85,31962.51,-40877.3,-4654.153,-4965.399,-497.7491,-3112.921,2631.713,-11412.97,9573.481,-12356.77
113,1883.333,00:00:01:883,0,0,0,2.512528,-0.978382,1.854603,5.506857,-1.804684,6.207363,6.528039,-3.588376,9.427242,7.892521,-4.607543,12.1533,2.145132,0.012838,2.288352,3.605461,0.004286,9.291883,4.171594,-3.844471,12.36786,3.852368,-6.553182,12.89593,3.319876,-8.930293,12.78382,0.59655,0.110736,2.296674,1.028007,0.217537,10.26065,0.85719,-1.217625,14.91723,0.756898,-2.06815,17.59693,0.612043,-3.61517,19.2749,-0.74827,0.001735,2.303988,-1.215744,0.014135,9.699835,-1.89621,-0.383982,14.13286,-2.320037,-0.647869,16.90154,-2.57416,-1.601958,18.94035,-1.943712,-0.121182,2.310502,-3.211244,-0.218814,8.967371,-4.25072,-0.357311,12.18042,-4.772552,-0.572439,13.85805,-5.3381,-0.800577,15.67401,0,0,0,-16.93189,31.69351,-45.51751,7.842614,31.69351,-45.51751,-4.628666,31.6935,-45.51752,-4.628666,31.6935,-45.51752,0.068498,11.77817,0,47.54052,23.25176,-11.49327,78.06021,23.25176,-11.49327,92.86809,23.25177,-11.49326,92.86809,23.25177,-11.49326,-0.767195,3.101027,0,17.23045,-0.671206,-4.624383,17.71128,-0.671206,-4.624384,42.79523,-0.671207,-4.624385,42.79523,-0.671207,-4.624385,-0.095875,-3.616721,0,4.396882,-9.083977,4.363591,4.707246,-9.083978,4.363591,24.29401,-9.083979,4.36359,24.29401,-9.083979,4.36359,0.825435,-10.78062,0,-0.230022,-18.07404,8.330614,4.447278,-18.07403,8.330609,4.304846,-18.07405,8.330615,4.304846,-18.07405,8.330615,0,0,0,0,0,0,2.235107,-1.109317,-1.730494,2.772108,-3.341854,-3.118917,3.552362,-4.916757,-4.085898,0,0,0,0,0,0,-4.710227,-4.710271,-4.842951,-13.31297,-7.873892,-20.8843,-18.05024,-6.766945,-30.53382,0,0,0,0,0,0,-14.7735,53.11554,22.14539,-23.39986,83.41025,35.04055,-33.66595,115.2402,78.38648,0,0,0,-0.000006,0,0,-14.44523,38.11465,4.364669,-23.57989,62.45124,7.34648,-34.3166,89.93511,23.494,0,0,0,0.000045,0.000003,0.000045,1.278944,5.749882,0.753164,2.035148,6.700762,1.118213,0.992238,16.32785,2.441168,0,0,0,0,0,0,27.94324,-120.1603,-42.63237,47.35708,-165.1235,-74.47421,93.23895,-189.7435,-107.0121,0,0,0,0,0,0,-669.9568,169.3694,297.5508,-527.5355,688.1381,1124.312,-364.8783,776.4619,1661.376,0,0,0,0,0,0,4.518181,17.6382,-916.5965,192.545,-1748.952,-3521.676,325.5851,-525.3668,-4989.466,0,0,0,-0.001006,-0.000042,0,426.3189,-805.7012,-729.8773,694.6666,-1285.043,-1194.339,985.8455,-1207.81,-1930.804,0,0,0,0.005364,0.000335,0.005364,673.7158,-38.58894,192.1856,990.5436,21.98204,294.6942,1320.077,132.1927,363.8148,6.323986,10.23266,12.83156,14.21048,10.74878,39.52466,24.7745,-12.47127,23.53612,51.36768,30.51969,14.80783,-0.676953,17.12936,0.480513,25.08393,-9.113286,5.131792,0.309643,19.58675,-18.26742,2.468152,4.67726,-0.141274,18.16566,30.59006,27.02362,-8.096123,-10.14347,78.35288,287.2353,-127.3481,-89.81483,-677.5947,5.784511,-684.3815,-117.642,-492.0587,-11.51929,-322.7142,46.52309,-103.1611,66.2077,-264.5849,1622.711,509.9029,-446.3746,-546.841,-12392.85,-3914.017,-18556.46,5927.174,-8689.635,5131.75,56059.05,-38383.59,-1184.491,11965.24,-370.0447,-1136.109,12337.56,348.0958,-2775.417,-1195.23
114,1900,00:00:01:900,0,0,0,2.512528,-0.978382,1.854603,5.519911,-1.79624,6.199952,6.534155,-3.599007,9.411388,7.89755,-4.62821,12.13422,2.145132,0.012838,2.288352,3.605461,0.004286,9.291883,4.161747,-3.850412,12.36221,3.84054,-6.561759,12.87534,3.316417,-8.940845,12.76571,0.59655,0.110736,2.296674,1.028007,0.217537,10.26065,0.804038,-1.116848,14.94486,0.673108,-1.9077,17.64147,0.505346,-3.359036,19.40081,-0.74827,0.001735,2.303988,-1.215744,0.014135,9.699835,-1.904696,-0.295007,14.13864,-2.333986,-0.502729,16.91126,-2.602532,-1.381572,18.9818,-1.943712,-0.121182,2.310502,-3.211245,-0.218814,8.967371,-4.245941,-0.373882,12.1812,-4.768486,-0.58494,13.85913,-5.337347,-0.792326,15.67654,0,0,0,-16.95578,31.83943,-45.23901,8.267011,31.83942,-45.23901,-4.342181,31.83944,-45.23902,-4.342181,31.83944,-45.23902,0.068498,11.77817,0,47.7379,22.99144,-11.32997,78.4254,22.99144,-11.32997,92.79921,22.99144,-11.32998,92.79921,22.99144,-11.32998,-0.767195,3.101027,0,16.0606,-1.297476,-5.030757,16.50607,-1.297476,-5.030756,39.68928,-1.297476,-5.030756,39.68928,-1.297476,-5.030756,-0.095875,-3.616722,0,3.296786,-9.079456,4.112761,3.594847,-9.079458,4.112762,22.23818,-9.079457,4.112763,22.23818,-9.079457,4.112763,0.825436,-10.78062,0,0.244448,-18.03089,7.733654,4.498194,-18.03088,7.733651,3.859762,-18.0309,7.733649,3.859762,-18.0309,7.733649,0,0,0,0,0,0,0.78325,0.506647,-0.444688,0.366971,-0.637852,-0.951245,0.301704,-1.239963,-1.14499,0,0,0,0,0,0,-0.590801,-0.35651,-0.338897,-0.70969,-0.514626,-1.234978,-0.207558,-0.633091,-1.086384,0,0,0,0,0,0,-3.189141,6.046627,1.657963,-5.027431,9.627028,2.672195,-6.401846,15.36803,7.555067,0,0,0,0,0,0,-0.509195,5.338491,0.346899,-0.836961,8.708408,0.583291,-1.702297,13.22314,2.486944,0,0,0,-0.000022,0,-0.000045,0.286706,-0.994245,0.047073,0.243969,-0.75006,0.06482,0.045195,0.495102,0.151992,0,0,0,0,0,0,-87.11143,96.95782,77.14837,-144.3082,162.2401,130.0603,-195.0395,220.6076,176.4545,0,0,0,0,0,0,247.1655,261.2256,270.2432,756.1965,441.5559,1178.959,1070.561,368.0313,1766.846,0,0,0,0,0,0,695.0615,-2824.135,-1229.245,1102.346,-4426.993,-1942.101,1635.847,-5992.333,-4249.884,0,0,0,0.000335,0.000031,0,836.1618,-1966.57,-241.0662,1364.576,-3224.569,-405.7913,1956.858,-4602.718,-1260.423,0,0,0,-0.004023,-0.000168,-0.005364,-59.53431,-404.6476,-42.36549,-107.4707,-447.0493,-63.20357,-56.82259,-949.965,-137.3505,6.32332,10.44313,12.9492,14.2276,10.6592,39.68682,25.22279,-12.60918,23.26388,51.4621,30.68748,14.3738,-1.306412,15.90061,0.445433,23.1832,-9.105131,3.983937,0.297394,18.64332,-18.19974,2.762438,4.25372,-0.638271,-5.374889,9.729537,26.89739,-8.274536,-16.33427,5.665512,10.06748,-26.04166,-37.76751,-73.72507,-2.104767,-114.0435,0.489292,-68.87128,-0.734932,-56.60602,4.060936,17.65716,-25.41238,-29.81982,-1412.433,-1251.631,-7.573699,-10.7048,-371.4478,-4361.242,-16630.07,6078.385,3122.839,36232.18,-473.3566,34220.28,7087.875,25391.24,647.0617,15966.49,-2547.729,7249.096,-5497.205,14085.9
115,1916.667,00:00:01:917,0,0,0,2.512528,-0.978382,1.854603,5.515643,-1.803847,6.201465,6.529645,-3.612236,9.409817,7.902324,-4.634496,12.1306,2.145132,0.012838,2.288352,3.605461,0.004286,9.291883,4.112861,-3.868767,12.34755,3.774692,-6.581089,12.84436,3.242124,-8.957566,12.71988,0.59655,0.110736,2.296674,1.028007,0.217537,10.26065,0.734673,-0.872197,15.00396,0.563573,-1.519628,17.73633,0.358357,-2.766466,19.6424,-0.74827,0.001735,2.303988,-1.215744,0.014135,9.699835,-1.869206,-0.152704,14.15162,-2.276663,-0.269668,16.93283,-2.543282,-1.047399,19.04367,-1.943712,-0.121182,2.310502,-3.211245,-0.218814,8.967371,-4.243279,-0.448944,12.17756,-4.775963,-0.626791,13.85615,-5.358773,-0.773274,15.67507,0,0,0,-16.77876,31.89368,-45.08165,8.412743,31.89368,-45.08166,-4.464286,31.89369,-45.08166,-4.464286,31.89369,-45.08166,0.068498,11.77817,0,48.18006,22.47584,-11.41956,78.84097,22.47585,-11.41954,93.16689,22.47585,-11.41955,93.16689,22.47585,-11.41955,-0.767195,3.101027,0,13.21874,-2.108786,-6.162451,13.61151,-2.108784,-6.162452,33.48342,-2.108787,-6.162453,33.48342,-2.108787,-6.162453,-0.095875,-3.616722,0,1.605722,-8.464667,3.540311,1.865435,-8.464666,3.540312,19.59689,-8.464666,3.540313,19.59689,-8.464666,3.540313,0.825436,-10.78063,0,1.770474,-18.14775,6.902981,3.645207,-18.14775,6.902981,2.255014,-18.14776,6.902983,2.255014,-18.14776,6.902983,0,0,0,0,0,0,-0.256106,-0.456456,0.090793,-0.270546,-0.793777,-0.094324,0.28646,-0.377208,-0.217259,0,0,0,0,0,0,-2.933174,-1.10127,-0.879899,-3.950893,-1.159787,-1.858771,-4.457563,-1.003325,-2.749979,0,0,0,0,0,0,-4.161866,14.67907,3.546238,-6.572049,23.28428,5.691647,-8.819309,35.55419,14.49501,0,0,0,0,0,0,2.129417,8.538173,0.778735,3.439408,13.98362,1.294345,3.554977,20.05038,3.712624,0,0,0,-0.000022,0,0,0.159726,-4.503714,-0.218645,-0.448599,-2.511073,-0.179082,-1.285583,1.143082,-0.088513,0,0,0,0,0,0,-62.36135,-57.78617,32.12884,-38.25098,-9.355547,51.41526,-0.914633,51.76529,55.66388,0,0,0,0,0,0,-140.5424,-44.68559,-32.46009,-194.4722,-38.70963,-37.42754,-255.0003,-22.21405,-99.81572,0,0,0,0,0,0,-58.3635,517.9467,113.2965,-92.67705,819.4348,181.1671,-145.0478,1211.17,416.3968,0,0,0,0,0,0,158.3167,191.9809,25.91014,256.5821,316.5126,42.66321,315.4365,409.634,73.54079,0,0,0,0,0,0.002682,-7.618814,-210.5681,-15.94305,-41.55412,-105.6608,-14.63413,-79.84666,38.87878,-14.43028,6.383859,10.80871,13.02953,14.25935,10.75237,39.63942,25.1915,-12.87702,22.72466,51.72813,30.66088,14.3259,-2.126609,12.93868,0.392669,19.87189,-8.481745,2.146304,0.259443,17.73143,-18.29094,4.100357,1.874715,-1.390157,5.590209,-2.844085,-1.877403,-16.07071,-32.35336,15.96153,-1.595878,-2.87384,-49.2118,-177.7158,-3.165861,-198.679,37.40318,-110.2579,-2.277056,-54.7134,-5.471992,80.27512,-142.7403,-45.11315,657.9059,-754.4173,-1726.488,-467.7704,-961.1458,617.7612,-699.8015,1390.069,-686.6573,-6239.444,-63.66565,-5078.134,2214.833,-2483.199,-92.52741,113.5574,-571.9756,3757.078,-7039.676,-917.5995
116,1933.333,00:00:01:933,0,0,0,2.512528,-0.978382,1.854603,5.440169,-1.903892,6.23269,6.485148,-3.668739,9.455317,7.835811,-4.706071,12.18141,2.145132,0.012838,2.288352,3.605461,0.004286,9.291883,3.947274,-3.821845,12.42859,3.688177,-6.430395,13.34849,3.150043,-8.807167,13.4387,0.59655,0.110736,2.296674,1.028007,0.217537,10.26065,0.726351,-0.373225,15.09103,0.550704,-0.728417,17.87622,0.344302,-1.628302,19.96845,-0.74827,0.001735,2.303988,-1.215744,0.014135,9.699835,-1.841278,-0.028095,14.15855,-2.231399,-0.065683,16.94445,-2.488381,-0.757577,19.08615,-1.943712,-0.121182,2.310502,-3.211244,-0.218814,8.967371,-4.402408,-0.718331,12.09066,-5.026195,-0.980154,13.72633,-5.718927,-1.136227,15.50547,0,0,0,-15.71546,31.7321,-45.68967,7.295337,31.7321,-45.68967,-4.315384,31.7321,-45.68968,-4.315384,31.7321,-45.68968,0.068498,11.77817,0,47.19784,21.43193,-13.59003,69.16235,21.43193,-13.59004,87.72247,21.43193,-13.59003,87.72247,21.43193,-13.59003,-0.767195,3.101027,0,7.328713,-2.733019,-6.707941,7.624855,-2.73302,-6.707941,23.66245,-2.733018,-6.707942,23.66245,-2.733018,-6.707942,-0.095875,-3.616722,0,0.021936,-8.00407,3.704644,0.250552,-8.00407,3.704645,17.3053,-8.00408,3.704644,17.3053,-8.00408,3.704644,0.825435,-10.78062,0,6.209973,-21.6355,6.308474,6.217279,-21.63552,6.308473,2.363835,-21.63551,6.308474,2.363835,-21.63551,6.308474,0,0,0,0,0,0,-4.528418,-6.002672,1.873523,-2.669871,-3.390156,2.730042,-3.990814,-4.294485,3.048554,0,0,0,0,0,0,-9.935237,2.815291,4.8628,-5.190901,9.041636,30.2478,-5.524858,9.023933,43.12938,0,0,0,0,0,0,-0.49936,29.93832,5.224227,-0.772141,47.47269,8.393347,-0.843315,68.28989,19.56296,0,0,0,-0.000006,0,0,1.675699,7.476558,0.415921,2.715826,12.23913,0.697196,3.294099,17.38935,2.548277,0,0,0,0.000045,0.000003,0.000045,-9.547725,-16.16326,-5.213543,-15.01389,-21.20175,-7.789224,-21.60919,-21.77714,-10.17576,0,0,0,0,0,0,-256.3387,-332.7729,106.9638,-143.9595,-155.7827,169.4619,-256.6364,-235.0366,195.9488,0,0,0,0,0,0,-420.1237,234.9937,344.5619,-74.40045,612.0854,1926.394,-64.03773,601.6355,2752.761,0,0,0,0,0,0,219.7503,915.5551,100.6794,347.9945,1451.305,162.1019,478.5597,1964.142,304.0767,0,0,0,-0.000335,-0.000016,0,-27.22307,-63.69691,-21.7688,-43.41491,-104.6693,-35.82894,-15.6527,-159.6613,-69.8608,0,0,0,0.004023,0.000168,0.002682,-582.447,-699.5728,-299.6939,-873.9172,-1121.441,-456.6085,-1219.417,-1375.213,-605.235,6.352653,11.23536,13.03284,14.4057,11.93636,38.77078,23.01078,-11.6107,21.64299,50.65465,21.96451,18.56009,-2.75584,6.972714,0.296075,16.03759,-8.020862,0.542486,0.227282,17.05474,-21.81044,9.086532,0,-3.85341,71.03914,-52.11822,-130.8434,75.97898,-64.89979,-64.40895,-521.7822,254.051,-37.75388,-357.9578,-5.795622,-230.058,27.65299,-96.22912,-1.929675,-40.60157,-211.1698,299.1705,-112.4829,-147.7952,3926.936,-2956.448,-7737.958,5522.981,-1952.785,-4822.229,-31211.18,15415.49,687.4752,-10814.52,-157.7857,-1882.741,-585.0115,841.7294,20.84286,846.7094,-12341.87,13133.72,1815.445,-6160.921
117,1950,00:00:01:950,0,0,0,2.512528,-0.978382,1.854603,5.432086,-1.921145,6.234406,6.45653,-3.700817,9.455474,7.7945,-4.752102,12.18248,2.145132,0.012838,2.288352,3.605461,0.004286,9.291883,3.91583,-3.647079,12.63348,3.800351,-6.088895,13.95336,3.39667,-8.451338,14.40355,0.59655,0.110736,2.296674,1.028007,0.217537,10.26065,0.655322,-0.058157,15.11428,0.43921,-0.22624,17.91415,0.202696,-0.912539,20.08277,-0.74827,0.001735,2.303988,-1.215744,0.014135,9.699835,-1.877217,0.068712,14.15323,-2.289801,0.093349,16.93604,-2.559204,-0.530031,19.09715,-1.943712,-0.121182,2.310502,-3.211245,-0.218814,8.967371,-4.504725,-0.959341,12.00083,-5.182539,-1.344892,13.58985,-5.946095,-1.573167,15.33181,0,0,0,-15.6506,31.72525,-45.94345,7.540906,31.72525,-45.94345,-4.112362,31.72526,-45.94347,-4.112362,31.72526,-45.94347,0.068498,11.77817,0,44.56573,18.95853,-13.39644,59.84443,18.95853,-13.39645,78.74345,18.95853,-13.39644,78.74345,18.95853,-13.39644,-0.767195,3.101027,0,3.757938,-3.958076,-7.08577,3.943179,-3.958076,-7.085772,18.0935,-3.958076,-7.085772,18.0935,-3.958076,-7.085772,-0.095875,-3.616722,0,-1.358595,-8.367999,4.539202,-1.165256,-8.367993,4.539201,15.36169,-8.367999,4.539203,15.36169,-8.367999,4.539203,0.825436,-10.78062,0,10.23882,-24.21143,6.020675,10.16323,-24.21143,6.020678,4.39892,-24.21143,6.020681,4.39892,-24.21143,6.020681,0,0,0,0,0,0,-0.484943,-1.035187,0.102952,-1.717061,-1.924686,0.009388,-2.478629,-2.76187,0.064149,0,0,0,0,0,0,-1.886621,10.48598,12.29319,6.730467,20.48997,36.29189,14.79763,21.34976,57.89119,0,0,0,0,0,0,-4.261709,18.90409,1.39457,-6.689653,30.13062,2.276122,-8.496371,42.94573,6.859124,0,0,0,0.000006,0,0,-2.156339,5.808381,-0.319451,-3.504138,9.5419,-0.505149,-4.249379,13.65272,0.66036,0,0,0,-0.000022,-0.000003,-0.000045,-6.13904,-14.4606,-5.390078,-9.380668,-21.88431,-8.188784,-13.63014,-26.21641,-10.41931,0,0,0,0,0,0,242.6085,298.049,-106.2342,57.16859,87.92818,-163.2392,90.73106,91.95683,-179.0643,0,0,0,0,0,0,482.9169,460.2415,445.8233,715.282,686.9002,362.6454,1219.349,739.5493,885.7081,0,0,0,0,0,0,-225.7409,-662.0538,-229.7795,-355.0507,-1040.524,-367.0334,-459.1834,-1520.65,-762.23,0,0,0,0.000671,-0.000005,0,-229.9223,-100.0906,-44.12233,-373.1978,-161.8339,-72.14068,-452.6086,-224.198,-113.275,0,0,0,-0.004023,-0.000335,-0.005364,204.5211,102.1596,-10.59204,337.9931,-40.95348,-23.97358,478.7433,-266.3558,-14.61267,6.161042,11.61001,13.14678,14.45088,12.1477,38.68726,23.1915,-11.65325,19.13084,47.53637,15.2787,18.89902,-3.990322,3.251006,0.185575,14.15033,-8.393513,-0.702208,0.191797,16.52694,-24.42616,13.71871,-0.076617,-5.764256,12.68057,-5.011138,10.84293,-2.552891,-150.7293,-187.0967,-401.1486,20.33615,-74.06889,-223.3024,-6.630025,-113.2356,-22.35906,-74.6816,-2.129096,-31.66809,-156.943,277.9308,-4.597001,-114.6508,-3501.514,2826.425,8501.179,-4711.912,-5149.772,-7361.264,7238.018,-14022.89,-2178.9,8079.319,-50.06418,7009.349,-3000.723,1292.851,-11.96528,536.0091,3253.607,-1274.385,6473.153,1988.663
118,1966.667,00:00:01:967,0,0,0,2.512528,-0.978382,1.854603,5.365042,-1.997527,6.261394,6.412893,-3.731479,9.499821,7.729371,-4.790116,12.23443,2.145132,0.012838,2.288352,3.605461,0.004286,9.291883,3.781543,-3.372561,12.91969,3.782779,-5.442649,14.77242,3.477867,-7.675099,15.70514,0.59655,0.110736,2.296674,1.028007,0.217537,10.26065,0.594388,0.349863,15.11524,0.343326,0.419409,17.91638,0.080187,-0.028491,20.14348,-0.74827,0.001735,2.303988,-1.215744,0.014135,9.699835,-1.955517,0.122216,14.13991,-2.416955,0.182017,16.91451,-2.712816,-0.376184,19.08993,-1.943712,-0.121182,2.310502,-3.211245,-0.218814,8.967371,-4.48982,-1.292023,11.90622,-5.159646,-1.853078,13.44557,-5.920845,-2.284043,15.14981,0,0,0,-14.96692,31.45725,-46.78513,6.367254,31.45727,-46.78513,-4.184601,31.45725,-46.78512,-4.184601,31.45725,-46.78512,0.068498,11.77817,0,40.59429,15.55922,-14.3961,46.18969,15.55922,-14.39611,66.60737,15.55922,-14.3961,66.60737,15.55922,-14.3961,-0.767195,3.101027,0,-0.904538,-5.258245,-7.195515,-0.764816,-5.258242,-7.195514,12.04772,-5.258244,-7.195516,12.04772,-5.258244,-7.195516,-0.095875,-3.616722,0,-2.387615,-9.257545,6.218424,-2.229236,-9.257544,6.218423,13.34516,-9.257545,6.218425,13.34516,-9.257545,6.218425,0.825436,-10.78062,0,16.08217,-25.18543,5.892773,16.04819,-25.18543,5.892772,10.54395,-25.18543,5.892776,10.54395,-25.18543,5.892776,0,0,0,0,0,0,-4.022643,-4.582922,1.61925,-2.618193,-1.839727,2.660841,-3.907755,-2.280816,3.117174,0,0,0,0,0,0,-8.057221,16.47109,17.17248,-1.054332,38.7748,49.14361,4.87183,46.57432,78.09483,0,0,0,0,0,0,-3.656074,24.48118,0.057757,-5.753031,38.73891,0.133753,-7.350492,53.04287,3.642797,0,0,0,-0.000006,0,0,-4.698,3.210242,-0.798851,-7.629252,5.320101,-1.291841,-9.216774,9.23085,-0.433356,0,0,0,0,-0.000001,0,0.894293,-19.96087,-5.676805,1.373604,-30.49113,-8.656739,1.515046,-42.65257,-10.92035,0,0,0,0,0,0,-212.2619,-212.8641,90.97784,-54.06796,5.097538,159.0872,-85.74752,28.86325,183.1814,0,0,0,0,0,0,-370.236,359.1062,292.7577,-467.0879,1097.089,771.1028,-595.5482,1513.474,1212.219,0,0,0,0,0,0,36.33807,334.6256,-80.20876,56.19733,516.4973,-128.5422,68.75275,605.8286,-192.9796,0,0,0,-0.000671,0.000021,0,-152.4996,-155.8883,-28.76401,-247.5068,-253.3079,-47.20151,-298.0437,-265.3123,-65.62292,0,0,0,0.001341,0.000084,0.002682,421.9999,-330.0161,-17.20369,645.2563,-516.4092,-28.07736,908.7109,-986.1696,-30.06219,6.20034,11.989,13.24839,14.18126,13.02168,37.91496,21.33416,-10.55186,15.65835,42.9481,5.595345,20.41766,-5.298977,-1.561475,0.139882,12.81252,-9.31017,-1.394514,0.158259,15.57438,-25.43857,20.06119,-0.034264,-5.50424,52.4386,-46.33804,-111.4403,66.08368,-208.3491,-275.2959,-581.0011,91.11808,-78.51934,-288.7489,-2.741554,-80.26862,-54.99944,-41.53837,-2.012293,-57.15311,-60.74466,380.5487,2.54116,15.60101,2385.482,-2479.614,-7336.992,4118.194,-3457.184,-5291.95,-10791.15,4246.916,-267.0268,-3926.787,233.3082,1978.016,-1958.423,1988.594,7.008175,-1529.101,5771.9,6157.077,428.2896,7815.107
119,1983.333,00:00:01:983,0,0,0,2.512528,-0.978382,1.854603,5.303611,-2.068186,6.283765,6.369999,-3.758311,9.539267,7.665898,-4.822963,12.28136,2.145132,0.012838,2.288352,3.605461,0.004286,9.291883,3.750759,-2.879036,13.3243,3.83142,-4.495974,15.58193,3.634322,-6.46933,17.00101,0.59655,0.110736,2.296674,1.028007,0.217537,10.26065,0.461818,0.721248,15.07711,0.134495,1.006469,17.85664,-0.181162,0.762966,20.1085,-0.74827,0.001735,2.303988,-1.215744,0.014135,9.699835,-2.075411,0.107758,14.1186,-2.611672,0.15936,16.87987,-2.952716,-0.390233,19.05086,-1.943712,-0.121182,2.310502,-3.211244,-0.218814,8.967371,-4.44114,-1.570296,11.81064,-5.08545,-2.27731,13.29996,-5.811753,-2.926947,14.94921,0,0,0,-14.53203,31.16852,-47.93223,5.117944,31.16853,-47.93223,-4.437326,31.16852,-47.93223,-4.437326,31.16852,-47.93223,0.068498,11.77817,0,33.7442,12.08558,-14.51703,33.79123,12.08559,-14.51703,53.47927,12.08559,-14.51703,53.47927,12.08559,-14.51703,-0.767195,3.101027,0,-5.189484,-7.2916,-6.070828,-5.078004,-7.291604,-6.070829,6.919733,-7.291599,-6.070828,6.919733,-7.291599,-6.070828,-0.095875,-3.616722,0,-2.661292,-10.75213,7.77509,-2.519557,-10.75214,7.775092,12.70997,-10.75213,7.775089,12.70997,-10.75213,7.775089,0.825435,-10.78062,0,21.2995,-25.45566,5.486208,21.27236,-25.45568,5.4862,17.53722,-25.45567,5.48621,17.53722,-25.45567,5.48621,0,0,0,0,0,0,-3.685869,-4.239555,1.342311,-2.573669,-1.609929,2.366736,-3.808379,-1.970842,2.815738,0,0,0,0,0,0,-1.847036,29.6115,24.27685,2.918467,56.80051,48.57087,9.387261,72.34615,77.75259,0,0,0,0,0,0,-7.954194,22.28311,-2.287745,-12.52988,35.22359,-3.584682,-15.68099,47.48742,-2.098739,0,0,0,0.000006,0,0,-7.193673,-0.867461,-1.279145,-11.68301,-1.359455,-2.078354,-14.39398,-0.842965,-2.343893,0,0,0,0.000022,0.000003,0.000045,2.920836,-16.69639,-5.734339,4.451751,-25.45393,-8.73667,6.545506,-38.57426,-12.03596,0,0,0,0,0,0,20.20642,20.60205,-16.61629,2.67148,13.78788,-17.64625,5.96255,18.59844,-18.08613,0,0,0,0,0,0,372.6111,788.4245,426.262,238.3679,1081.543,-34.36446,270.9259,1546.309,-20.53499,0,0,0,0,0,0,-257.8872,-131.8847,-140.7301,-406.6111,-210.9193,-223.1061,-499.8296,-333.3274,-344.4921,0,0,0,0.000671,0.000005,0,-149.7403,-244.6622,-28.81765,-243.2254,-400.7733,-47.19078,-310.6326,-604.4288,-114.6322,0,0,0,0.001341,0.000251,0.002682,121.5926,195.8689,-3.452003,184.6888,302.2322,-4.795789,301.8276,244.6979,-66.9372,6.42178,12.41141,13.35029,13.86937,13.82314,37.21751,19.64997,-9.555285,12.15776,35.5661,0.052339,19.68804,-7.333046,-5.970381,0.110143,11.99773,-10.848,-1.213698,0.139882,15.22952,-25.70983,25.42295,-0.019782,-3.735073,48.08778,-41.84669,-101.0513,59.79435,-210.0357,-442.9204,-332.5804,-43.77719,-122.0441,-264.5343,-1.784333,-48.88738,-92.2697,10.84897,-1.102588,-20.69212,-16.27602,321.7059,0.868901,106.15,-261.0489,269.4809,623.3367,-377.36,-101.1978,-10057.47,14905.24,-8093.716,-2611.488,1452.874,57.4333,1882.874,-2236.215,3143.24,54.58231,2187.659,2668.119,-3530.57,-100.3355,5432.938
120,2000,00:00:02:000,0,0,0,2.512528,-0.978382,1.854603,5.291093,-2.084645,6.287554,6.350018,-3.767337,9.549336,7.637616,-4.834128,12.29451,2.145132,0.012838,2.288352,3.605461,0.004286,9.291883,3.851217,-2.184811,13.73514,3.987242,-3.416185,16.22172,3.908565,-5.051723,18.02882,0.59655,0.110736,2.296674,1.028007,0.217537,10.26065,0.344786,0.989598,15.02612,-0.050048,1.428614,17.77669,-0.408871,1.313357,20.0323,-0.74827,0.001735,2.303988,-1.215744,0.014135,9.699835,-2.19794,-0.055154,14.09344,-2.810526,-0.105455,16.83881,-3.189182,-0.747823,18.97787,-1.943712,-0.121182,2.310502,-3.211244,-0.218814,8.967371,-4.346138,-1.818077,11.72014,-4.940671,-2.655042,13.16204,-5.599139,-3.511563,14.74393,0,0,0,-14.65531,31.0341,-48.60596,4.779278,31.03409,-48.60597,-4.649115,31.03411,-48.60598,-4.649115,31.03411,-48.60598,0.068498,11.77817,0,24.68941,9.571524,-13.47925,24.81061,9.571532,-13.47925,41.27951,9.571527,-13.47926,41.27951,9.571527,-13.47926,-0.767195,3.101027,0,-8.48885,-8.80474,-4.216478,-8.355383,-8.804741,-4.216478,3.543104,-8.804742,-4.216478,3.543104,-8.804742,-4.216478,-0.095875,-3.616722,0,-1.147078,-12.58033,9.287689,-1.002569,-12.58032,9.28769,14.64762,-12.58033,9.287689,14.64762,-12.58033,9.287689,0.825435,-10.78062,0,25.92074,-25.10042,5.754032,25.89933,-25.10043,5.754025,24.23063,-25.10042,5.754033,24.23063,-25.10042,5.754033,0,0,0,0,0,0,-0.751086,-0.987545,0.227317,-1.198858,-0.541538,0.604168,-1.6969,-0.669926,0.788838,0,0,0,0,0,0,6.027437,41.65351,24.65022,9.349286,64.78728,38.38733,16.45461,85.05642,61.66836,0,0,0,0,0,0,-7.021912,16.10102,-3.059327,-11.07255,25.32874,-4.796683,-13.66253,33.02347,-4.571914,0,0,0,0,0,0,-7.351699,-9.774755,-1.509547,-11.9312,-15.88886,-2.463519,-14.18791,-21.45537,-4.379779,0,0,0,0,0,0,5.700119,-14.86689,-5.430445,8.686735,-22.66389,-8.27515,12.75683,-35.07691,-12.31688,0,0,0,0,0,0,176.087,195.1206,-66.89964,82.48865,64.10345,-105.7541,126.6888,78.05495,-121.614,0,0,0,0,0,0,472.4684,722.5208,22.40181,385.8491,479.2059,-611.0126,424.0411,762.6163,-965.0533,0,0,0,0,0,0,55.93693,-370.9249,-46.29493,87.44001,-593.6912,-72.72005,121.1074,-867.8364,-148.3905,0,0,0,-0.000335,-0.000042,0,-9.481608,-534.4376,-13.82411,-14.89162,-871.7646,-23.10991,12.36427,-1236.745,-122.1532,0,0,0,-0.001341,-0.000168,-0.002682,166.7569,109.7698,18.23366,254.099,167.402,27.69113,372.6795,209.8414,-16.855,6.843647,12.74406,13.36356,13.52629,14.01221,37.07941,19.4346,-9.4284,9.66656,26.22846,0.120331,16.46889,-8.833133,-9.202613,0.132704,11.89849,-12.74368,0.903523,0.142653,15.65018,-25.37405,30.15513,-0.019782,-1.668474,11.34396,-8.286438,-12.9221,7.613124,-149.4719,-560.2581,4.079529,-193.1492,-90.00517,-193.9339,1.353635,-5.954418,-113.741,127.0333,0.166213,25.23977,20.14698,283.9304,0,123.9959,-2204.63,2013.615,5287.753,-3130.873,3633.827,-7040.256,20199.59,-8962.322,1922.338,4236.027,188.2781,2575.978,-1288.277,6971.057,76.12806,2755.913,2185.38,-2266.527,-52.13404,1070.756
121,2016.667,00:00:02:017,0,0,0,2.512528,-0.978382,1.854603,5.264938,-2.120568,6.294755,6.341004,-3.783435,9.561091,7.633477,-4.844421,12.30622,2.145132,0.012838,2.288352,3.605461,0.004286,9.291883,3.887388,-1.820461,13.8947,4.042921,-2.850848,16.46996,4.006139,-4.300382,18.43064,0.59655,0.110736,2.296674,1.028007,0.217537,10.26065,0.299412,1.038353,15.01123,-0.121474,1.50584,17.75323,-0.49431,1.401616,20.00711,-0.74827,0.001735,2.303988,-1.215744,0.014135,9.699835,-2.202602,-0.181471,14.08858,-2.818251,-0.309101,16.83076,-3.184737,-1.022577,18.9493,-1.943712,-0.121182,2.310502,-3.211244,-0.218814,8.967371,-4.279236,-1.990409,11.64023,-4.838407,-2.91861,13.03982,-5.450708,-3.902745,14.56499,0,0,0,-14.41522,30.98295,-49.07102,4.149238,30.98293,-49.07102,-5.022704,30.98295,-49.07104,-5.022704,30.98295,-49.07104,0.068498,11.77817,0,20.20591,8.516332,-13.13562,20.39365,8.516321,-13.13563,35.61158,8.516334,-13.13563,35.61158,8.516334,-13.13563,-0.767195,3.101027,0,-9.200199,-9.237134,-3.149085,-9.073722,-9.237137,-3.149086,3.121997,-9.237135,-3.149086,3.121997,-9.237135,-3.149086,-0.095875,-3.616721,0,0.255894,-12.90867,10.06603,0.367816,-12.90867,10.06603,16.36967,-12.90867,10.06603,16.36967,-12.90867,10.06603,0.825435,-10.78062,0,29.15527,-25.1018,6.168186,29.17077,-25.10179,6.168186,28.45223,-25.1018,6.16818,28.45223,-25.1018,6.16818,0,0,0,0,0,0,-1.569316,-2.155378,0.432059,-0.540823,-0.965886,0.705332,-0.248328,-0.617534,0.702783,0,0,0,0,0,0,2.170287,21.86101,9.573339,3.340758,33.92022,14.89431,5.854413,45.08044,24.10939,0,0,0,0,0,0,-2.722456,2.925267,-0.893533,-4.285588,4.633572,-1.407623,-5.126321,5.295552,-1.511693,0,0,0,0,0,0,-0.279754,-7.579002,-0.291377,-0.463508,-12.21879,-0.482887,0.266656,-16.48526,-1.713842,0,0,0,0,-0.000001,0,4.014104,-10.33992,-4.794225,6.135821,-15.8141,-7.333516,8.905849,-23.47096,-10.73652,0,0,0,0,0,0,-49.09381,-70.07001,12.28452,39.48211,-25.46087,6.069839,86.91429,3.143549,-5.163255,0,0,0,0,0,0,-231.429,-1187.55,-904.6125,-360.5116,-1852.024,-1409.581,-636.012,-2398.558,-2253.538,0,0,0,0,0,0,257.9673,-790.5453,129.9476,407.2176,-1241.71,203.3436,512.1724,-1663.675,183.6133,0,0,0,0,0.000026,0,424.3167,131.7451,73.09019,688.0616,220.2044,118.8379,867.2741,298.2066,159.9562,0,0,0,0,-0.000084,0,-101.1609,271.6186,38.17319,-153.0549,410.9875,56.49805,-231.0589,696.357,94.82145,7.138775,12.82098,13.25786,13.31107,14.42601,36.79439,18.56445,-9.171919,8.615844,21.62542,0.186626,15.21791,-9.256101,-9.802893,0.126669,12.19569,-13.10785,2.552056,0.113641,16.00183,-25.40078,33.53674,0,-0.718461,24.82836,-17.10091,-52.20932,15.38887,-63.04298,-276.1824,3.9777,-75.05824,-25.37807,-36.01679,-0.362113,17.83247,-21.85015,98.91198,-1.740697,21.09941,-1.604004,202.8966,1.18694,57.0008,809.064,-528.8681,-2357.233,466.5447,5185.735,17044.54,-6.1097,7085.46,3877.626,9475.025,-102.9449,1427.213,5513.45,-1687.277,-114.4146,-248.4215,-1305.059,-4862.027,71.21642,-4019.707
122,2033.333,00:00:02:033,0,0,0,2.512528,-0.978382,1.854603,5.242884,-2.140167,6.303277,6.326157,-3.779343,9.579192,7.638414,-4.81215,12.32568,2.145132,0.012838,2.288352,3.605461,0.004286,9.291883,3.999377,-0.745325,14.17839,4.218713,-1.172312,16.91471,4.31203,-2.043944,19.19031,0.59655,0.110736,2.296674,1.028007,0.217537,10.26065,0.116037,1.201339,14.94819,-0.410286,1.763349,17.654,-0.838871,1.724903,19.90003,-0.74827,0.001735,2.303988,-1.215744,0.014135,9.699835,-2.291621,-0.639365,14.02287,-2.961181,-1.059584,16.72287,-3.3225,-2.054981,18.72542,-1.943712,-0.121182,2.310502,-3.211244,-0.218814,8.967371,-4.020422,-2.590242,11.23561,-4.443588,-3.833184,12.42266,-4.853886,-5.254322,13.63987,0,0,0,-14.46249,30.77887,-49.79902,3.461682,30.77886,-49.79902,-5.993679,30.77887,-49.79904,-5.993679,30.77887,-49.79904,0.068498,11.77817,0,7.784754,6.023168,-9.785701,7.934571,6.023168,-9.785703,20.22617,6.02317,-9.785701,20.22617,6.02317,-9.785701,-0.767195,3.101027,0,-11.81923,-10.81737,0.942199,-11.70212,-10.81737,0.942199,0.786563,-10.81737,0.942199,0.786563,-10.81737,0.942199,-0.095875,-3.616721,0,5.508769,-15.29522,11.19237,5.758191,-15.29522,11.19237,23.58402,-15.29522,11.19237,23.58402,-15.29522,11.19237,0.825435,-10.78062,0,40.89134,-27.40638,9.152043,40.93819,-27.40637,9.152057,44.2955,-27.40639,9.152047,44.2955,-27.40639,9.152047,0,0,0,0,0,0,-1.323223,-1.175947,0.511363,-0.890851,0.245512,1.086026,0.296205,1.936286,1.167834,0,0,0,0,0,0,6.719336,64.50815,17.02183,10.54754,100.7122,26.68521,18.35348,135.3863,45.57985,0,0,0,0,0,0,-11.00246,9.779177,-3.782451,-17.32871,15.45053,-5.954146,-20.67366,19.39723,-6.424606,0,0,0,0,0,0,-5.341127,-27.4736,-3.94231,-8.575804,-45.02895,-6.473512,-8.265762,-61.94422,-13.43295,0,0,0,0,0,-0.000045,15.52885,-35.98998,-24.27734,23.68913,-54.87444,-37.02937,35.80935,-81.09457,-55.50706,0,0,0,0,0,0,14.76556,58.76585,4.758236,-21.0017,72.68383,22.84169,32.67198,153.2292,27.90302,0,0,0,0,0,0,272.9429,2558.829,446.9096,432.4069,4007.518,707.4542,749.9442,5418.351,1288.227,0,0,0,0,0,0,-496.8002,411.2346,-173.335,-782.587,649.0174,-272.7914,-932.8401,846.1007,-294.7747,0,0,0,0,-0.000005,0,-303.6823,-1193.676,-219.056,-486.7377,-1968.61,-359.4374,-511.9451,-2727.537,-703.1464,0,0,0,0,0.000084,-0.002682,690.8846,-1539.004,-1168.987,1053.199,-2343.62,-1781.751,1614.21,-3457.417,-2686.232,8.114853,13.11366,12.98847,12.56902,14.63607,36.53934,17.92416,-9.455338,6.094485,8.721411,0.149353,12.29159,-10.8154,-11.85297,0.117034,12.48868,-15.59611,8.596126,0.250229,17.82582,-27.86867,46.27407,0.044235,3.357305,12.60366,-15.30304,-38.41713,-17.00518,-151.2815,-774.2406,-2.236372,-175.5794,-93.55773,-123.0044,-0.578093,17.57927,-149.2954,362.6441,8.195297,109.4388,-148.0734,764.2401,2.654079,244.5459,-733.4815,107.8721,827.5314,-1943.643,-5294.313,-29883.49,-372.8443,-6031.267,-4090.779,-5219.257,-12.95882,-15.19203,-7646.714,15823.93,596.1596,5300.364,-8788.162,33680.6,88.02834,11252.71
123,2050,00:00:02:050,0,0,0,2.512528,-0.978382,1.854603,5.248965,-2.130694,6.302005,6.338522,-3.762053,9.579738,7.650053,-4.793483,12.32709,2.145132,0.012838,2.288352,3.605461,0.004286,9.291883,4.038422,-0.457027,14.2107,4.280102,-0.721234,16.96564,4.413941,-1.447398,19.28976,0.59655,0.110736,2.296674,1.028007,0.217537,10.26065,0.084788,1.218958,14.93826,-0.459453,1.793343,17.63792,-0.893448,1.764006,19.88305,-0.74827,0.001735,2.303988,-1.215744,0.014135,9.699835,-2.284899,-0.825074,13.99237,-2.94962,-1.362578,16.67269,-3.277746,-2.476774,18.61755,-1.943712,-0.121182,2.310502,-3.211245,-0.218814,8.967371,-3.831328,-2.863549,10.9784,-4.15552,-4.249319,12.03082,-4.430493,-5.839576,13.06283,0,0,0,-14.60849,30.74282,-49.85165,3.286857,30.74278,-49.85163,-6.026557,30.74281,-49.85166,-6.026557,30.74281,-49.85166,0.068498,11.77817,0,4.594085,5.716798,-7.923671,4.715174,5.716804,-7.923672,16.70059,5.716796,-7.923671,16.70059,5.716796,-7.923671,-0.767195,3.101027,0,-12.26008,-10.9599,2.102818,-12.18883,-10.95989,2.102817,0.335561,-10.9599,2.102818,0.335561,-10.9599,2.102818,-0.095875,-3.616722,0,7.633955,-15.87194,12.02071,7.912369,-15.87194,12.02072,26.8015,-15.87194,12.02071,26.8015,-15.87194,12.02071,0.825436,-10.78062,0,47.38332,-28.50592,10.51155,47.42127,-28.50593,10.51155,52.18895,-28.50591,10.51155,52.18895,-28.50591,10.51155,0,0,0,0,0,0,0.36487,0.568382,-0.076354,0.741899,1.037411,0.032723,0.698313,1.119956,0.08449,0,0,0,0,0,0,2.342664,17.29783,1.9387,3.683343,27.06471,3.055483,6.114676,35.79274,5.967199,0,0,0,0,0,0,-1.87497,1.057131,-0.59545,-2.950039,1.79965,-0.964522,-3.274608,2.346139,-1.018703,0,0,0,-0.000006,0,0,0.403326,-11.14258,-1.83016,0.693664,-18.17965,-3.01069,2.685249,-25.30754,-6.472081,0,0,0,-0.000022,-0.000001,0,11.34565,-16.39843,-15.43289,17.28409,-24.96808,-23.51019,25.40358,-35.11528,-34.62195,0,0,0,0,0,0,101.2856,104.6598,-35.263,97.965,47.51398,-63.1982,24.12647,-48.97981,-65.00064,0,0,0,0,0,0,-262.6003,-2832.619,-904.9879,-411.8518,-4418.849,-1417.783,-734.3284,-5975.614,-2376.759,0,0,0,0,0,0,547.6494,-523.3228,191.22,862.72,-819.0526,299.3774,1043.943,-1023.066,324.3542,0,0,0,-0.000335,0.000021,0,344.6672,979.8611,126.729,556.168,1610.958,207.7693,657.0607,2198.2,417.6521,0,0,0,-0.001341,-0.000084,0.002682,-250.9917,1175.493,530.667,-384.3029,1794.381,811.1508,-624.3458,2758.758,1253.107,8.375407,13.15616,12.82006,12.14805,14.52579,36.60352,17.89533,-9.313378,5.767316,5.357818,0.121947,11.98541,-10.95901,-12.08392,0.068528,12.52439,-16.22836,11.06205,0.278363,18.88912,-28.96372,52.75108,0.027976,4.767647,-6.61726,3.850479,-1.72966,8.517609,-19.63013,-201.8156,-1.644413,-18.37063,-8.617115,-13.85713,-2.910353,2.14222,-37.93499,147.9552,1.687996,63.79829,-65.70293,388.6203,-0.975492,84.62051,-1153.255,1149.211,2201.248,1531.367,7899.083,34345.5,35.51754,9432.523,5096.437,6548.836,-139.9356,-926.223,6681.623,-12881.33,-390.438,-2738.431,4942.227,-22537.19,-217.7743,-9595.525
124,2066.667,00:00:02:067,0,0,0,2.512528,-0.978382,1.854603,5.332757,-2.077819,6.262873,6.449707,-3.71173,9.530096,7.791574,-4.737056,12.26506,2.145132,0.012838,2.288352,3.605461,0.004286,9.291883,4.220026,-0.047017,14.21273,4.563989,-0.080189,16.96926,4.830289,-0.556483,19.34602,0.59655,0.110736,2.296674,1.028007,0.217537,10.26065,0.10277,1.086165,14.96831,-0.430924,1.581552,17.68566,-0.840237,1.472836,19.93299,-0.74827,0.001735,2.303988,-1.215744,0.014135,9.699835,-2.131428,-1.419949,13.86855,-2.69909,-2.329319,16.46964,-2.851129,-3.804442,18.18209,-1.943712,-0.121182,2.310502,-3.211245,-0.218814,8.967371,-3.290663,-3.316909,10.31602,-3.332843,-4.939048,11.02309,-3.216645,-6.771992,11.56751,0,0,0,-15.7323,31.07959,-49.91822,2.962662,31.07963,-49.91825,-6.54735,31.0796,-49.91824,-6.54735,31.0796,-49.91824,0.068498,11.77817,0,0.11229,7.142438,-3.868857,0.203918,7.142443,-3.868857,10.80702,7.142447,-3.868855,10.80702,7.142447,-3.868855,-0.767195,3.101027,0,-10.92536,-10.46861,3.539587,-10.80507,-10.46861,3.539586,2.085932,-10.46861,3.539585,2.085932,-10.46861,3.539585,-0.095875,-3.616721,0,15.0053,-16.55762,14.19475,15.30085,-16.55762,14.19474,37.94042,-16.55762,14.19474,37.94042,-16.55762,14.19474,0.825436,-10.78063,0,61.94576,-31.9579,14.28399,61.91224,-31.95789,14.28401,70.42941,-31.95789,14.28398,70.42941,-31.95789,14.28398,0,0,0,0,0,0,5.027487,3.172539,-2.347916,6.671101,3.019407,-2.978459,8.491292,3.385663,-3.722012,0,0,0,0,0,0,10.89627,24.60061,0.121594,17.03321,38.4627,0.217438,24.98084,53.4549,3.375918,0,0,0,0,0,0,1.078935,-7.967546,1.802444,1.711724,-12.70747,2.86442,3.192656,-17.47018,2.996027,0,0,0,0.000006,0,0,9.208235,-35.69248,-7.429539,15.03181,-58.00445,-12.18322,25.59701,-79.6601,-26.12793,0,0,0,0,-0.000001,0,32.43988,-27.20158,-39.74269,49.36062,-41.38375,-60.4641,72.83087,-55.94495,-89.71976,0,0,0,0,0,0,279.757,156.2494,-136.2937,355.7521,118.9198,-180.6709,467.5787,135.9424,-228.3901,0,0,0,0,0,0,513.2165,438.1664,-109.0264,800.992,683.8796,-170.2827,1131.97,1059.729,-155.4769,0,0,0,0,0,0,177.2343,-541.4806,143.8737,279.7057,-870.4271,229.7365,388.0358,-1188.979,240.8838,0,0,0,0.000671,-0.00001,0,528.2945,-1472.994,-335.9627,860.2889,-2389.488,-550.3517,1374.706,-3261.153,-1179.351,0,0,0,0.001341,0,0,1265.654,-648.1887,-1458.588,1924.592,-984.9406,-2217.234,2845.637,-1249.781,-3305.868,8.739936,13.10985,12.21262,11.21644,14.00405,37.60943,18.69497,-9.510021,7.15881,0.597416,0.090654,10.60309,-10.47766,-10.45429,0.120331,12.89097,-17.0153,18.98379,0.295414,22.63956,-32.11243,66.47578,-0.027976,8.517121,-31.30411,60.35499,47.97798,-11.79857,83.48965,-285.6241,-1.877548,-82.93928,28.88151,97.77785,3.108196,21.99526,-47.2166,475.3047,1.023073,225.0263,-188.9227,823.4818,-3.357174,224.9684,-1481.211,3390.271,2982.458,-1218.971,6187.187,-5028.508,-13.98809,-3874.119,2249.917,6698.099,361.1129,1191.182,-556.897,19640.97,-39.89538,9673.681,-7393.187,26091.69,-142.9009,8420.874
125,2083.333,00:00:02:083,0,0,0,2.512528,-0.978382,1.854603,5.330463,-2.081047,6.263534,6.470617,-3.702248,9.529075,7.851678,-4.692714,12.25736,2.145132,0.012838,2.288352,3.605461,0.004286,9.291883,4.22674,0.118569,14.21083,4.57465,0.179093,16.9664,4.861407,-0.190244,19.35975,0.59655,0.110736,2.296674,1.028007,0.217537,10.26065,0.068585,0.689385,15.01769,-0.48451,0.954102,17.76328,-0.879252,0.557522,19.98065,-0.74827,0.001735,2.303988,-1.214907,0.004941,9.699897,-1.942472,-2.361138,13.46095,-2.393069,-3.848492,15.80608,-2.320475,-5.779137,16.98884,-1.943712,-0.121182,2.310502,-3.208601,-0.242959,8.967476,-3.059442,-3.433628,10.07234,-2.88006,-5.142206,10.49854,-2.555478,-7.013017,10.75209,0,0,0,-15.55158,31.1492,-49.65112,2.711366,31.14918,-49.6511,-7.350915,31.14919,-49.6511,-7.350915,31.14919,-49.6511,0.068498,11.77817,0,-1.581799,7.145917,-2.093117,-1.509665,7.145914,-2.093118,8.456504,7.145921,-2.093117,8.456504,7.145921,-2.093117,-0.767195,3.101027,0,-6.494762,-10.89876,4.864305,-6.34009,-10.89876,4.864305,9.099744,-10.89876,4.864306,9.099744,-10.89876,4.864306,-0.040229,-3.610095,0.245191,28.00437,-18.89966,14.25209,28.22775,-18.89967,14.2521,56.50421,-18.89966,14.2521,56.50421,-18.89966,14.2521,0.941728,-10.76646,0.470486,67.76789,-30.23241,14.30606,73.81829,-30.23242,14.30606,81.18774,-30.23242,14.30606,81.18774,-30.23242,14.30606,0,0,0,0,0,0,-0.137642,-0.193711,0.039652,1.254603,0.568919,-0.061333,3.60623,2.660483,-0.461698,0,0,0,0,0,0,0.402868,9.935152,-0.114173,0.639662,15.55688,-0.171751,1.867108,21.97436,0.823528,0,0,0,0,0,0,-2.051099,-23.80685,2.963304,-3.215136,-37.64703,4.657387,-2.340898,-54.91882,2.85995,0,0,0,0.050208,-0.551641,0.00371,11.33739,-56.47132,-24.45549,18.36122,-91.15038,-39.81346,31.83922,-118.4817,-71.59459,0,0,0,0.158586,-1.448672,0.006303,13.87328,-7.003114,-14.62045,27.16698,-12.1895,-31.47313,39.67005,-14.46149,-48.92501,0,0,0,0,0,0,-309.9077,-201.975,143.2541,-324.9898,-147.0293,175.0275,-293.1037,-43.5108,195.6188,0,0,0,0,0,0,-629.6042,-879.9272,-14.14597,-983.6128,-1374.349,-23.35131,-1386.824,-1888.832,-153.1434,0,0,0,0,0,0,-187.802,-950.3583,69.6516,-295.6116,-1496.373,107.578,-332.0132,-2246.918,-8.164643,0,0,0,3.01212,-33.09845,0.222623,127.7496,-1246.73,-1021.557,199.7642,-1988.756,-1657.814,374.5322,-2329.295,-2727.999,0,0,0,9.515135,-86.92024,0.378191,-1113.996,1211.908,1507.334,-1331.619,1751.655,1739.458,-1989.649,2489.008,2447.685,8.925125,12.78449,11.2712,10.76841,14.04154,37.58438,18.26292,-10.06228,7.150283,-1.330898,0.068528,9.966164,-10.92957,-5.664619,0.154505,15.43983,-19.33101,32.17396,0.222936,28.27647,-30.12871,70.90002,6.050386,7.369479,2.249451,-1.503296,-25.92258,-33.1354,-0.511637,-115.6988,-1.327563,-38.21577,-27.11477,287.3801,2.050426,152.9312,-138.9426,791.4102,-4.348674,338.2147,119.0232,265.4544,364.7017,-68.85855,2013.214,-3711.497,-4434.033,-1280.209,-5040.077,10195.51,32.99911,2683.41,-3359.777,11376.13,-63.46616,7856.158,-5503.56,18966.33,-322.3048,6791.301,18476.76,-33481.64,22083.53,-17629.62
126,2100,00:00:02:100,0,0,0,2.512528,-0.978382,1.854603,5.331636,-2.051671,6.270028,6.493832,-3.649504,9.539312,7.889834,-4.614275,12.2692,2.145132,0.012838,2.288352,3.605461,0.004286,9.291883,4.243797,0.246583,14.204,4.601369,0.379475,16.95579,4.909702,0.095632,19.35811,0.59655,0.110736,2.296674,1.028007,0.217537,10.26065,0.05751,0.539631,15.02793,-0.50178,0.716148,17.77935,-0.891465,0.213282,19.97596,-0.74827,0.001735,2.303988,-1.214938,0.005276,9.699895,-1.862812,-2.581798,13.32764,-2.264227,-4.205542,15.58976,-2.134757,-6.220327,16.61712,-1.943712,-0.121182,2.310502,-3.2087,-0.242081,8.967473,-3.060885,-3.434693,10.06689,-2.884764,-5.145356,10.48603,-2.566022,-7.019153,10.72449,0,0,0,-15.45741,31.05272,-49.03764,2.548578,31.05274,-49.03766,-7.538773,31.05272,-49.03765,-7.538773,31.05272,-49.03765,0.068498,11.77817,0,-2.87094,7.377231,-0.548387,-2.812368,7.377234,-0.548387,6.614037,7.377226,-0.548388,6.614037,7.377226,-0.548388,-0.767195,3.101027,0,-4.77869,-11.13602,5.044528,-4.587618,-11.13601,5.044528,11.77429,-11.13602,5.044528,11.77429,-11.13602,5.044528,-0.042254,-3.610333,0.236273,31.60567,-18.91112,13.71658,31.79398,-18.91113,13.71659,61.354,-18.91114,13.71659,61.354,-18.91114,13.71659,0.937496,-10.76695,0.453373,68.1673,-28.99439,13.64073,74.29261,-28.9944,13.64071,81.81783,-28.99439,13.64073,81.81783,-28.99439,13.64073,0,0,0,0,0,0,0.070408,1.762591,0.389636,1.392916,3.164582,0.614271,2.289355,4.706382,0.710428,0,0,0,0,0,0,1.023419,7.680845,-0.409752,1.603134,12.02295,-0.636488,2.89768,17.15256,-0.098437,0,0,0,0,0,0,-0.664501,-8.985221,0.614405,-1.036193,-14.27722,0.963986,-0.732768,-20.65442,-0.281453,0,0,0,-0.001872,0.020061,-0.000089,4.779551,-13.23963,-7.998704,7.730561,-21.42298,-12.97903,11.14312,-26.47141,-22.30337,0,0,0,-0.005923,0.052673,-0.000179,-0.086591,-0.063948,-0.327051,-0.282258,-0.188984,-0.750437,-0.632666,-0.368178,-1.655817,0,0,0,0,0,0,12.483,117.3782,20.99901,8.298754,155.7398,40.53622,-79.0125,122.754,70.32751,0,0,0,0,0,0,37.23307,-135.2584,-17.73476,57.8083,-212.0359,-27.88424,61.8343,-289.3077,-55.31788,0,0,0,0,0,0,83.19591,889.2978,-140.934,130.7366,1402.188,-221.6041,96.48776,2055.864,-188.4842,0,0,0,-3.124773,34.30209,-0.227988,-393.4706,2593.901,987.4069,-637.8393,4183.644,1610.065,-1241.765,5520.616,2957.473,0,0,0,-9.870527,90.08072,-0.38892,-837.5921,416.3499,857.604,-1646.954,720.0309,1843.361,-2418.163,845.5984,2836.151,9.017593,12.64162,11.04428,10.83949,13.66231,37.55693,18.00598,-10.08733,7.377329,-2.823899,0.059347,9.426399,-11.17276,-3.865232,0.190774,16.36189,-19.28286,35.494,0.186626,29.55999,-28.89353,70.99818,6.125287,7.525222,-22.75406,-1.646576,-15.41634,-1.502838,13.62279,-89.58006,-0.550861,-32.38586,-14.59144,107.9632,2.176141,55.32371,2.88929,199.2023,-2.178569,77.01141,74.1109,5.889587,4.494066,9.344586,-1500.21,-8.596802,630.3748,1897.953,848.0655,1567.127,46.60211,349.7941,751.3995,-10765.01,7.542858,-5856.451,8509.913,-35532.47,130.2063,-15672.19,-2694.74,-15573.89,-21612.46,4692.188
127,2116.667,00:00:02:117,0,0,0,2.512528,-0.978382,1.854603,5.319807,-2.04674,6.278752,6.49304,-3.628806,9.551761,7.908562,-4.565327,12.28144,2.145132,0.012838,2.288352,3.605461,0.004286,9.291883,4.214822,0.41257,14.19668,4.55619,0.640725,16.94428,4.864053,0.487855,19.35853,0.59655,0.110736,2.296674,1.028007,0.217537,10.26065,0.082838,0.254767,15.04373,-0.461667,0.266307,17.80373,-0.818909,-0.453099,19.94492,-0.74827,0.001735,2.303988,-1.214097,-0.003568,9.699946,-1.766568,-2.969593,13.04221,-2.111448,-4.823472,15.13004,-1.906441,-6.95691,15.86353,-1.943712,-0.121182,2.310502,-3.206004,-0.265297,8.967523,-3.006836,-3.485059,9.975894,-2.718935,-5.217586,10.19617,-2.31774,-7.089129,10.27326,0,0,0,-15.26005,30.95472,-48.7769,2.402419,30.95472,-48.77691,-8.003161,30.95473,-48.77692,-8.003161,30.95473,-48.77692,0.068498,11.77817,0,-4.563012,7.185362,1.282615,-4.551483,7.185357,1.282615,3.755432,7.185363,1.282615,3.755432,7.185363,1.282615,-0.767195,3.101027,0,-1.425897,-11.09637,5.113753,-1.222651,-11.09636,5.113754,17.42176,-11.09637,5.113754,17.42176,-11.09637,5.113754,0.011317,-3.604173,0.472217,38.09542,-19.40054,12.41109,38.11303,-19.40054,12.41109,69.92278,-19.40054,12.41109,69.92278,-19.40054,12.41109,1.049526,-10.75448,0.90611,70.13176,-28.61444,13.35826,81.85033,-28.61445,13.35826,87.37231,-28.61445,13.35826,87.37231,-28.61445,13.35826,0,0,0,0,0,0,-0.709757,0.295848,0.523433,-0.047565,1.241885,0.746906,1.123667,2.936885,0.734076,0,0,0,0,0,0,-1.738518,9.959253,-0.438988,-2.710774,15.67498,-0.690848,-2.738938,23.53338,0.025392,0,0,0,0,0,0,1.519698,-17.09186,0.947714,2.406752,-26.9905,1.463055,4.353359,-39.98283,-1.862347,0,0,0,0.050493,-0.530627,0.003085,5.774639,-23.26767,-17.12608,9.166695,-37.07584,-27.58303,13.69895,-44.19496,-45.21516,0,0,0,0.16176,-1.392954,0.002995,3.242914,-3.021911,-5.459904,9.949788,-4.333801,-17.39162,14.89694,-4.198551,-27.07364,0,0,0,0,0,0,-46.80991,-88.00462,8.02785,-86.42881,-115.3618,7.958113,-69.94127,-106.1699,1.418888,0,0,0,0,0,0,-165.7162,136.7045,-1.754165,-258.8345,219.1218,-3.261566,-338.197,382.8492,7.429718,0,0,0,0,0,0,131.0519,-486.3985,19.99855,206.5767,-762.7968,29.94418,305.1676,-1159.705,-94.85362,0,0,0,3.141873,-33.04126,0.190437,59.7053,-601.6824,-547.6426,86.16798,-939.1714,-876.2401,153.3493,-1063.413,-1374.707,0,0,0,10.06096,-86.7376,0.190437,199.7702,-177.4777,-307.9712,613.9227,-248.689,-998.4709,931.7764,-229.8224,-1525.069,9.213519,12.32104,10.71846,10.72285,13.57605,37.39658,17.66248,-10.40556,7.187909,-4.758434,0,8.306927,-11.13898,-0.446311,0.202709,18.6444,-19.68917,41.58681,0,31.80972,-28.46554,72.61037,11.71854,5.521977,-5.175189,-9.621276,-20.61001,-19.09418,-11.36521,-116.0721,-3.560821,-67.16835,2.027092,205.1353,0.716082,136.9504,-24.37855,365.5689,-11.19758,134.9836,25.67962,96.73141,335.595,-120.1947,1054.732,-478.482,-311.6203,-1055.48,-1499.28,-1589.524,-180.5976,-2086.949,997.1122,5830.321,-87.60352,4897.602,-1636.07,9981.999,-541.1406,3478.333,-2905.876,5450.509,19866.05,-7772.356
128,2133.333,00:00:02:133,0,0,0,2.512528,-0.978382,1.854603,5.289226,-2.054061,6.296243,6.505109,-3.588799,9.576212,7.934524,-4.497403,12.30809,2.145132,0.012838,2.288352,3.605461,0.004286,9.291883,4.197787,0.590331,14.18072,4.529773,0.916294,16.91959,4.840086,0.931483,19.33832,0.59655,0.110736,2.296674,1.028007,0.217537,10.26065,0.123942,-0.176081,15.03562,-0.396137,-0.417902,17.78976,-0.700675,-1.434598,19.81545,-0.74827,0.001735,2.303988,-1.212083,-0.023318,9.700033,-1.691389,-3.336502,12.71107,-1.890316,-5.574838,14.40374,-1.592221,-7.796797,14.72875,-1.943712,-0.121182,2.310502,-3.199418,-0.317105,8.967445,-2.90382,-3.548653,9.912466,-2.45823,-5.261375,9.879381,-1.902665,-7.085298,9.694374,0,0,0,-14.77018,30.7964,-48.42287,1.63417,30.79641,-48.42288,-8.341588,30.7964,-48.42287,-8.341588,30.7964,-48.42287,0.068498,11.77817,0,-6.341143,7.31884,3.595163,-6.292745,7.318841,3.595162,0.101019,7.318839,3.595162,0.101019,7.318839,3.595162,-0.767195,3.101027,0,3.624651,-11.09778,5.311248,3.926506,-11.09778,5.311247,25.48929,-11.09778,5.311246,25.48929,-11.09778,5.311246,0.131117,-3.591202,0.999484,44.71545,-19.76764,10.62761,50.25779,-19.76766,10.62761,81.23071,-19.76765,10.62761,81.23071,-19.76765,10.62761,1.300284,-10.73089,1.917832,71.59124,-27.69892,14.02072,91.20962,-27.69892,14.02071,96.26224,-27.69891,14.02073,96.26224,-27.69891,14.02073,0,0,0,0,0,0,-1.834854,-0.43929,1.049459,0.724196,2.400443,1.467079,1.557693,4.075438,1.598909,0,0,0,0,0,0,-1.0221,10.66563,-0.957459,-1.584962,16.53413,-1.481026,-1.437999,26.61765,-1.212627,0,0,0,0,0,0,2.466216,-25.85083,-0.486732,3.931828,-41.05248,-0.838459,7.093998,-58.89,-7.768392,0,0,0,0.120839,-1.184986,0.005186,4.510749,-22.01452,-19.86846,13.26793,-45.08192,-43.57829,18.85318,-50.39325,-68.08733,0,0,0,0.395179,-3.108487,-0.004649,6.180972,-3.815688,-3.805652,15.64225,-2.627358,-19.0072,24.90446,0.229865,-34.73344,0,0,0,0,0,0,-67.50582,-44.10825,31.56155,46.30565,69.51346,43.21038,26.04157,68.31317,51.89001,0,0,0,0,0,0,42.98508,42.38279,-31.10825,67.54874,51.54947,-47.41072,78.0563,185.0565,-74.28108,0,0,0,0,0,0,56.79107,-525.5381,-86.0667,91.50455,-843.7192,-138.0908,164.4383,-1134.43,-354.3626,0,0,0,4.22079,-39.26152,0.126064,-75.83342,75.18902,-164.5428,246.0739,-480.3648,-959.7156,309.254,-371.8977,-1372.331,0,0,0,14.00515,-102.932,-0.458658,176.2835,-47.62663,99.25514,341.5478,102.3866,-96.93503,600.4514,265.705,-459.5883,9.405984,11.84516,10.36844,10.50233,13.61381,37.01162,16.40434,-9.975749,7.335347,-6.835667,0.048457,6.393748,-11.15011,4.712392,0.301965,21.56278,-19.97915,47.73531,5.542311,30.97288,-27.4482,73.69915,19.6184,5.052608,2.265644,-23.09738,-75.48866,25.78874,8.846254,-124.6339,2.907398,-114.7907,-0.667877,309.5222,5.955355,175.103,-17.39925,368.9094,332.5387,-50.21072,61.04026,65.327,473.9919,-28.16216,446.45,-808.5662,-3292.719,2692.975,1212.688,-513.7088,388.0932,-2857.341,-161.6981,6263.216,314.3564,2289.152,418.7575,200.4309,20624.17,-11111.66,2121.638,-1884.265,8303.813,5521.951
129,2150,00:00:02:150,0,0,0,2.512528,-0.978382,1.854603,5.293891,-2.0439,6.295773,6.513788,-3.568335,9.579056,7.94672,-4.469183,12.31165,2.145132,0.012838,2.288352,3.605461,0.004286,9.291883,4.061152,0.81536,14.16318,4.316405,1.269819,16.89195,4.562129,1.479928,19.30903,0.59655,0.110736,2.296674,1.028007,0.217537,10.26065,0.154098,-0.525913,14.99944,-0.348447,-0.968746,17.73177,-0.606659,-2.226645,19.62408,-0.74827,0.001735,2.303988,-1.211531,-0.028428,9.700048,-1.535664,-3.575159,12.45484,-1.521058,-6.093352,13.70917,-1.115217,-8.321945,13.6929,-1.943712,-0.121182,2.310502,-3.197587,-0.330501,8.967382,-2.917694,-3.541408,9.984775,-2.399505,-5.22048,9.772037,-1.784459,-6.999029,9.414182,0,0,0,-14.986,30.71022,-48.62322,1.384237,30.71025,-48.62323,-8.584108,30.71022,-48.62322,-8.584108,30.71022,-48.62322,0.068498,11.77817,0,-8.822727,6.274856,5.823422,-8.825135,6.274856,5.82342,-4.329446,6.274852,5.823423,-4.329446,6.274852,5.823423,-0.767195,3.101027,0,7.755863,-11.219,5.395106,8.043087,-11.21899,5.395107,32.47946,-11.21899,5.395103,32.47946,-11.21899,5.395103,0.162153,-3.588023,1.136004,49.69289,-18.94982,10.17952,61.87481,-18.94983,10.17952,90.43518,-18.94983,10.17952,90.43518,-18.94983,10.17952,1.365291,-10.72575,2.179781,70.4557,-25.86746,13.78578,97.676,-25.86745,13.78579,101.9824,-25.86747,13.78578,101.9824,-25.86747,13.78578,0,0,0,0,0,0,0.279933,0.609711,-0.028208,0.520706,1.227848,0.170633,0.731796,1.693144,0.21404,0,0,0,0,0,0,-8.198104,13.50173,-1.052409,-12.80209,21.21152,-1.65841,-16.67744,32.90673,-1.757562,0,0,0,0,0,0,1.809382,-20.98993,-2.170443,2.861375,-33.05067,-3.47954,5.640965,-47.52281,-11.482,0,0,0,0.033097,-0.306622,0.000939,9.343536,-14.31942,-15.37353,22.15549,-31.11087,-41.67393,28.62024,-31.50889,-62.15071,0,0,0,0.109881,-0.803785,-0.003755,-0.832435,0.434741,4.338517,3.523495,2.453707,-6.440699,7.092364,5.176126,-16.8115,0,0,0,0,0,0,126.8873,62.94004,-64.66,-12.20941,-70.35567,-77.78673,-49.55381,-142.9376,-83.09215,0,0,0,0,0,0,-430.5602,170.166,-5.697011,-673.0279,280.6434,-10.64301,-914.3663,377.3448,-32.69613,0,0,0,0,0,0,-39.41003,291.6544,-101.0227,-64.22716,480.1089,-158.4649,-87.18201,682.0314,-222.8165,0,0,0,-5.264504,52.70185,-0.25481,289.9672,461.7061,269.6961,533.2538,838.2626,114.2621,586.0235,1133.062,356.1973,0,0,0,-17.11786,138.2821,0.053644,-420.8043,255.0257,488.6501,-727.1253,304.8639,753.9903,-1068.726,296.7757,1075.316,9.788291,11.47436,9.943356,10.46381,13.49128,37.05759,16.37024,-9.968354,6.306304,-9.453051,0,4.495665,-11.27756,8.916233,0.287355,24.43636,-19.08584,52.163,12.18188,28.56036,-25.64019,72.41892,27.22032,4.306389,-7.352027,2.758255,-2.04586,0.443687,-61.74259,-157.043,-2.907398,-113.885,-7.647457,252.2304,-0.876558,172.415,53.59851,265.6618,398.3742,-144.7509,108.4808,-76.81365,456.115,-44.77312,-577.0602,1551.338,4406.567,-1520.703,-4235.331,-1944.546,-348.8878,54.34112,-418.7747,-3437.505,-409.9148,-161.2793,4259.866,-6194.859,3950.13,-5672.412,2846.434,-8528.438,-1072.612,-996.6572
130,2166.667,00:00:02:167,0,0,0,2.512528,-0.978382,1.854603,5.312938,-2.030904,6.286894,6.527256,-3.560558,9.569817,7.965903,-4.458851,12.30025,2.145132,0.012838,2.288352,3.605461,0.004286,9.291883,3.986754,0.891137,14.15636,4.200236,1.388682,16.8812,4.411557,1.657305,19.29573,0.59655,0.110736,2.296674,1.028007,0.217537,10.26065,0.165165,-0.729776,14.96498,-0.3309,-1.290312,17.6768,-0.568781,-2.67346,19.48239,-0.74827,0.001735,2.303988,-1.210375,-0.038784,9.700071,-1.481372,-3.682862,12.33076,-1.360743,-6.318417,13.30756,-0.914425,-8.531282,13.11882,-1.943712,-0.121182,2.310502,-3.193716,-0.357636,8.967202,-2.887977,-3.548751,10.03802,-2.293579,-5.176197,9.675838,-1.615911,-6.901823,9.193597,0,0,0,-15.38283,30.72194,-48.90262,1.356074,30.72195,-48.90261,-8.834686,30.72194,-48.90261,-8.834686,30.72194,-48.90261,0.068498,11.77817,0,-9.645904,5.767004,7.327282,-9.66178,5.767004,7.32728,-5.635719,5.767005,7.32728,-5.635719,5.767005,7.32728,-0.767195,3.101027,0,10.21595,-11.36504,5.228038,10.50689,-11.36503,5.228043,36.35765,-11.36504,5.228037,36.35765,-11.36504,5.228037,0.225094,-3.581805,1.412765,51.93542,-18.62465,9.78844,68.5066,-18.62465,9.788443,95.0442,-18.62465,9.788441,95.0442,-18.62465,9.788441,1.497163,-10.71655,2.710812,69.52908,-25.0543,14.45612,103.054,-25.05431,14.45612,106.1344,-25.05433,14.45611,106.1344,-25.05433,14.45611,0,0,0,0,0,0,1.1428,0.779741,-0.532731,0.808105,0.466615,-0.554323,1.15098,0.619948,-0.684053,0,0,0,0,0,0,-4.463866,4.54664,-0.409216,-6.970145,7.131742,-0.645071,-9.034328,10.6426,-0.797689,0,0,0,0,0,0,0.664003,-12.23181,-2.067983,1.052862,-19.29397,-3.298044,2.272702,-26.80886,-8.501708,0,0,0,0.069352,-0.621345,0.001341,3.257532,-6.462224,-7.445186,9.618904,-13.50389,-24.09661,12.04752,-12.56025,-34.44484,0,0,0,0.232257,-1.628052,-0.010818,1.783043,-0.44062,3.194645,6.355584,2.657018,-5.771845,10.11287,5.832374,-13.23509,0,0,0,0,0,0,51.77199,10.20178,-30.27141,17.24392,-45.67399,-43.49738,25.15107,-64.39178,-53.88558,0,0,0,0,0,0,224.0543,-537.3056,38.59161,349.9169,-844.7869,60.80031,458.5866,-1335.848,57.59238,0,0,0,0,0,0,-68.72271,525.4871,6.147623,-108.5108,825.4021,10.88977,-202.0957,1242.837,178.8175,0,0,0,2.175271,-18.88341,0.02414,-365.1602,471.4316,475.7004,-752.1953,1056.419,1054.639,-994.3629,1136.918,1662.352,0,0,0,7.342546,-49.45599,-0.423789,156.9287,-52.52168,-68.63234,169.9253,12.19869,40.13123,181.2301,39.37482,214.5847,9.948744,11.29653,9.803825,10.36487,13.3584,37.28551,16.73889,-10.19074,5.807313,-10.33221,-0.019782,4.026085,-11.42346,11.38543,0.29074,25.85076,-18.733,54.1742,16.57117,26.53761,-24.79243,71.45018,33.52491,3.08026,-7.973098,13.67477,22.1188,-13.34341,-29.9394,-52.74936,-1.18694,-28.17478,-8.753815,148.1518,0.203086,84.86377,21.17077,120.6718,263.357,-121.365,50.86567,-58.12454,378.2754,-73.56774,-37.26425,654.9911,1449.879,-827.2258,1908.191,6257.62,103.2275,5142.614,-66.38148,-6244.72,64.77866,-5253.071,-1945.665,-8699.4,-8101.029,1403.153,-3456.909,1121.347,-4670.377,-1727.677
131,2183.333,00:00:02:183,0,0,0,2.512528,-0.978382,1.854603,5.326594,-2.029014,6.278685,6.549551,-3.551463,9.56175,7.990474,-4.452255,12.29016,2.145132,0.012838,2.288352,3.605461,0.004286,9.291883,3.873338,1.02555,14.13753,4.023227,1.598389,16.8518,4.178583,1.994033,19.25308,0.59655,0.110736,2.296674,1.028007,0.217537,10.26065,0.411532,-1.390445,14.82211,0.058154,-2.332876,17.44913,-0.021514,-4.063569,18.94184,-0.74827,0.001735,2.303988,-1.209143,-0.049351,9.700083,-1.385974,-3.94582,11.94942,-1.046322,-6.734199,12.10576,-0.529124,-8.825294,11.40475,-1.943712,-0.121182,2.310502,-3.189544,-0.385304,8.966944,-2.885279,-3.511421,10.21521,-2.202582,-5.023594,9.598509,-1.44896,-6.631273,8.879483,0,0,0,-15.744,30.73139,-49.35777,0.954796,30.73137,-49.35775,-9.068805,30.73138,-49.35777,-9.068805,30.73138,-49.35777,0.068498,11.77817,0,-11.006,5.507712,11.56869,-11.02217,5.507712,11.56869,-8.405058,5.50772,11.56869,-8.405058,5.50772,11.56869,-0.767195,3.101027,0,18.38284,-9.648244,5.78692,18.70088,-9.648246,5.786922,48.54036,-9.648247,5.786921,48.54036,-9.648247,5.786921,0.289383,-3.575771,1.695332,58.38767,-17.6246,7.958154,86.6572,-17.6246,7.958154,108.9472,-17.6246,7.958145,108.9472,-17.6246,7.958145,1.631908,-10.70884,3.252974,66.35583,-22.94419,15.24456,112.231,-22.9442,15.24455,114.054,-22.94421,15.24454,114.054,-22.94421,15.24454,0,0,0,0,0,0,0.819325,0.113368,-0.492543,1.337662,0.545673,-0.484005,1.474231,0.395782,-0.605375,0,0,0,0,0,0,-6.804988,8.064749,-1.129836,-10.62054,12.58245,-1.76391,-13.97847,20.20368,-2.559453,0,0,0,0,0,0,14.78201,-39.64009,-8.571803,23.3432,-62.55385,-13.66049,32.836,-83.40656,-32.43291,0,0,0,0.073945,-0.634011,0.000715,5.723856,-15.77749,-22.88036,18.86527,-24.94687,-72.10806,23.11804,-17.64071,-102.8441,0,0,0,0.250317,-1.660114,-0.015512,0.161827,2.239801,10.63134,5.459815,9.156144,-4.639774,10.0171,16.233,-18.84681,0,0,0,0,0,0,-19.40846,-39.98234,2.411306,31.77344,4.743486,4.219114,19.39505,-13.44993,4.720687,0,0,0,0,0,0,-140.4673,211.0865,-43.2372,-219.0238,327.0427,-67.13032,-296.6483,573.6648,-105.7058,0,0,0,0,0,0,847.0802,-1644.497,-390.2292,1337.42,-2595.593,-621.7467,1833.798,-3395.862,-1435.872,0,0,0,0.275597,-0.759956,-0.037551,147.9794,-558.9159,-926.1104,554.782,-686.5783,-2880.687,664.2312,-304.8276,-4103.954,0,0,0,1.083612,-1.923736,-0.281632,-97.27299,160.8252,446.2015,-53.74612,389.9475,67.92426,-5.745962,624.0373,-336.703,10.22582,10.42055,9.617224,10.27053,13.35915,37.45959,16.69879,-10.02358,5.575275,-11.90142,0,2.61711,-9.702919,19.41829,0.317752,29.83945,-17.67856,60.00323,28.26953,22.28999,-22.67459,68.23305,45.87516,1.82306,0.045204,10.44502,-2.40612,10.02983,-13.92231,-94.15266,1.18694,-84.53846,103.2325,481.9713,1.620701,239.3216,63.26625,349.7417,701.902,-254.8569,127.0703,-193.0279,741.0152,-75.43198,481.0981,-193.7851,-1471.495,1402.394,961.0255,-2484.198,142.4328,-3381.821,6719.179,20029.17,85.05692,9267.468,2525.729,13744.2,26312.7,-8009.513,4572.276,-8094.204,21764.39,-111.8541
132,2200,00:00:02:200,0,0,0,2.512528,-0.978382,1.854603,5.329851,-2.03433,6.275345,6.567787,-3.551744,9.555126,8.009343,-4.45782,12.28145,2.145132,0.012838,2.288352,3.605461,0.004286,9.291883,3.762648,1.10823,14.12424,3.868359,1.66193,16.84455,3.964123,2.137019,19.23451,0.59655,0.110736,2.296674,1.028007,0.217537,10.26065,0.564177,-1.892169,14.63176,0.298512,-3.122604,17.14765,0.275991,-5.051561,18.37584,-0.74827,0.001735,2.303988,-1.209061,-0.050037,9.700083,-1.352657,-4.037258,11.78687,-0.929566,-6.808709,11.55255,-0.389761,-8.804173,10.62609,-1.943712,-0.121182,2.310502,-3.189265,-0.3871,8.966925,-2.88981,-3.478521,10.29989,-2.199914,-4.96475,9.63039,-1.433327,-6.525204,8.826087,0,0,0,-15.68465,30.83205,-49.26345,0.783428,30.83204,-49.26344,-8.967014,30.83205,-49.26344,-8.967014,30.83205,-49.26344,0.068498,11.77817,0,-12.00088,5.01846,14.26418,-10.59049,5.01846,14.26418,-10.31959,5.018462,14.26418,-10.31959,5.018462,14.26418,-0.767195,3.101027,0,25.06493,-8.22702,4.612727,25.36378,-8.227022,4.612728,57.13629,-8.227022,4.612726,57.13629,-8.227022,4.612726,0.293559,-3.57539,1.713681,60.99159,-17.11419,7.20511,94.99963,-17.1142,7.2051,115.3362,-17.1142,7.2051,115.3362,-17.1142,7.2051,1.640662,-10.7084,3.288179,64.84956,-21.8788,15.45676,114.0538,-21.87879,15.45675,116.9014,-21.8788,15.45676,116.9014,-21.8788,15.45676,0,0,0,0,0,0,0.195421,-0.318915,-0.200361,1.094207,-0.016831,-0.397459,1.13216,-0.333935,-0.522673,0,0,0,0,0,0,-6.641373,4.960807,-0.797689,-9.292066,3.812436,-0.434965,-12.86756,8.57919,-1.113832,0,0,0,0,0,0,9.158715,-30.10346,-11.4212,14.4215,-47.38368,-18.08864,17.85028,-59.2795,-33.95998,0,0,0,0.004906,-0.041156,0,1.998994,-5.486257,-9.752601,7.005354,-4.470616,-33.19269,8.361834,1.267344,-46.71988,0,0,0,0.016741,-0.107726,-0.001162,-0.271842,1.974039,5.080685,0.160106,3.530636,1.912862,0.937952,6.364167,-3.203809,0,0,0,0,0,0,-37.43425,-25.93696,17.53091,-14.60731,-33.75023,5.192754,-20.52426,-43.78304,4.962086,0,0,0,0,0,0,9.816884,-186.2365,19.92881,79.70854,-526.2011,79.7367,66.65423,-697.4695,86.73727,0,0,0,0,0,0,-337.3976,572.1979,-170.964,-535.3018,910.2101,-265.6888,-899.1432,1447.624,-91.62425,0,0,0,-4.142336,35.57131,-0.042915,-223.4917,617.4739,787.6655,-711.595,1228.575,2334.922,-885.3724,1134.483,3367.452,0,0,0,-14.01454,93.14331,0.860989,-26.02011,-15.94573,-333.0391,-317.9825,-337.5305,393.1581,-544.7489,-592.1297,938.58,10.40196,9.864017,9.600831,10.26536,13.43406,37.50921,16.46806,-9.750442,5.077441,-12.86831,1.410421,0.27052,-8.256378,25.76419,0.298707,31.77251,-17.15266,62.37381,34.00803,20.33654,-21.61336,66.67521,49.20421,2.847576,4.494495,2.977295,-13.8438,16.38834,-29.87002,-58.01376,84.62525,-140.7954,86.79244,380.7544,-1.142682,115.9838,31.55399,142.2347,344.31,-117.2072,63.67389,-93.4703,199.7426,61.47095,266.9575,-448.0636,-686.2609,381.5106,-956.8627,2168.334,5006.298,-3375.419,-986.4042,-6073.015,-165.803,-7400.266,-1902.736,-12450.42,-21455.52,8258.985,-3803.782,5973.458,-32476.35,8214.176
133,2216.667,00:00:02:217,0,0,0,2.512528,-0.978382,1.854603,5.336763,-2.045532,6.268239,6.581565,-3.561697,9.545999,8.032123,-4.466886,12.26784,2.145132,0.012838,2.288352,3.605461,0.004286,9.291883,3.687192,1.151521,14.11601,3.765164,1.688052,16.8407,3.817517,2.212205,19.22173,0.59655,0.110736,2.296674,1.028007,0.217537,10.26065,0.738493,-2.36659,14.3851,0.572701,-3.866541,16.75932,0.613146,-5.957696,17.68412,-0.74827,0.001735,2.303988,-1.208404,-0.055478,9.700084,-1.29829,-4.086182,11.70473,-0.831625,-6.829692,11.29215,-0.27662,-8.755918,10.23705,-1.943712,-0.121182,2.310502,-3.187022,-0.401339,8.96676,-2.875698,-3.44446,10.40406,-2.159074,-4.882857,9.662086,-1.368771,-6.39367,8.788904,0,0,0,-15.87413,30.8967,-49.67676,0.480944,30.89671,-49.67677,-9.312963,30.8967,-49.67676,-9.312963,30.8967,-49.67676,0.068498,11.77817,0,-12.58678,4.663388,15.9325,-10.25359,4.663381,15.93251,-11.58316,4.663389,15.9325,-11.58316,4.663389,15.9325,-0.767195,3.101027,0,31.64058,-6.480217,3.986808,31.85628,-6.480221,3.986806,65.98373,-6.480217,3.986808,65.98373,-6.480217,3.986808,0.326692,-3.572415,1.859258,62.34444,-16.42166,7.14919,98.79436,-16.42167,7.149186,119.0499,-16.42167,7.149187,119.0499,-16.42167,7.149187,1.710119,-10.70515,3.567493,62.89451,-21.03883,16.25341,116.6875,-21.03883,16.25342,119.2341,-21.03883,16.25342,119.2341,-21.03883,16.25342,0,0,0,0,0,0,0.414759,-0.672117,-0.426382,0.826657,-0.597149,-0.547662,1.366764,-0.543952,-0.816599,0,0,0,0,0,0,-4.52739,2.597485,-0.493526,-6.191723,1.56736,-0.231028,-8.796349,4.511129,-0.766844,0,0,0,0,0,0,10.45899,-28.46527,-14.79971,16.45136,-44.63622,-23.29999,20.2293,-54.36811,-41.50307,0,0,0,0.039451,-0.326475,0.000045,3.262013,-2.935432,-4.928738,5.876468,-1.259029,-15.62418,6.788405,2.895266,-23.34206,0,0,0,0.13458,-0.854334,-0.009879,0.846751,2.043642,6.25053,2.450365,4.913605,1.901731,3.873367,7.892042,-2.230927,0,0,0,0,0,0,13.16026,-21.19213,-13.56125,-16.05301,-34.81909,-9.012219,14.07623,-12.60102,-17.63553,0,0,0,0,0,0,126.839,-141.7993,18.24975,186.0206,-134.7045,12.23624,244.2728,-244.0837,20.8193,0,0,0,0,0,0,78.01643,98.29187,-202.7106,121.7916,164.8478,-312.6812,142.7412,294.6832,-452.5852,0,0,0,2.072677,-17.11917,0.002682,75.78113,153.0495,289.4318,-67.73315,192.6952,1054.111,-94.40571,97.67532,1402.669,0,0,0,7.070302,-44.79649,-0.523031,67.11557,4.176199,70.19074,137.4156,82.97813,-0.66787,176.1249,91.67249,58.37292,10.52282,9.305902,9.568443,10.20746,13.59237,37.61471,16.35506,-9.793902,4.70128,-13.37714,2.33322,-1.329574,-6.494255,32.06875,0.216705,34.12746,-16.44561,63.55684,36.44991,20.2555,-20.74751,64.71809,53.79297,2.546682,9.498652,6.329727,-6.779594,-2.607651,-22.56969,-30.52957,55.36793,-96.00561,105.7274,378.2733,-4.92014,141.2965,42.42313,70.98198,146.5127,-4.862365,51.95091,-117.4269,275.3256,-18.05367,300.2494,201.1459,423.8525,-1139.759,438.0197,1649.051,-1755.439,2687.39,1136.098,-148.8647,-226.6475,1518.764,652.1483,-4275.165,-11867.84,6740.688,-703.379,-1437.396,4534.979,-4771.477
134,2233.333,00:00:02:233,0,0,0,2.512528,-0.978382,1.854603,5.366849,-2.046567,6.248591,6.6035,-3.582007,9.520458,8.048476,-4.509255,12.23784,2.145132,0.012838,2.288352,3.605461,0.004286,9.291883,3.655156,1.145474,14.11788,3.713101,1.692997,16.84089,3.740509,2.245126,19.216,0.59655,0.110736,2.296674,1.028007,0.217537,10.26065,0.901154,-2.698446,14.16623,0.82848,-4.384931,16.41673,0.919844,-6.565882,17.09859,-0.74827,0.001735,2.303988,-1.208684,-0.053177,9.700084,-1.217256,-4.128278,11.61495,-0.71538,-6.84326,11.07472,-0.151938,-8.710258,9.922135,-1.943712,-0.121182,2.310502,-3.187978,-0.395319,8.966832,-2.891412,-3.432253,10.42025,-2.179521,-4.87205,9.676438,-1.387655,-6.360744,8.767419,0,0,0,-16.40137,31.06837,-50.21642,0.482775,31.06838,-50.21643,-9.257242,31.06837,-50.21643,-9.257242,31.06837,-50.21643,0.068498,11.77817,0,-12.52124,4.569093,17.23943,-10.48915,4.569092,17.23944,-12.29293,4.569094,17.23944,-12.29293,4.569094,17.23944,-0.767195,3.101027,0,36.50742,-4.743577,3.88414,36.60944,-4.743575,3.88414,72.59123,-4.743576,3.88414,72.59123,-4.743576,3.88414,0.312681,-3.573663,1.797698,63.8119,-15.49361,7.363893,101.4942,-15.4936,7.363894,121.8694,-15.49359,7.363893,121.8694,-15.49359,7.363893,1.680745,-10.70647,3.44938,62.58067,-20.96104,16.09099,116.7438,-20.96104,16.09099,120.5413,-20.96104,16.09099,120.5413,-20.96104,16.09099,0,0,0,0,0,0,1.805171,-0.062138,-1.178898,1.316115,-1.218617,-1.532391,0.981241,-2.54213,-1.80003,0,0,0,0,0,0,-1.92216,-0.362813,0.112295,-3.123767,0.296675,0.010908,-4.620529,1.975257,-0.343859,0,0,0,0,0,0,9.759625,-19.91134,-13.1321,15.34673,-31.10338,-20.55538,18.40193,-36.49114,-35.13193,0,0,0,-0.016792,0.138043,0,4.862084,-2.525791,-5.386456,6.974701,-0.81405,-13.04573,7.480971,2.739608,-18.89504,0,0,0,-0.057355,0.361196,0.004336,-0.942875,0.732422,0.971273,-1.226786,0.648402,0.861168,-1.133038,1.975536,-1.289114,0,0,0,0,0,0,83.42473,36.59874,-45.15096,29.3675,-37.28806,-59.08369,-23.13137,-119.8907,-59.00591,0,0,0,0,0,0,156.3138,-177.6179,36.34929,184.0773,-76.24112,14.51611,250.5491,-152.1523,25.37906,0,0,0,0,0,0,-41.96181,513.2352,100.057,-66.27792,811.9697,164.6769,-109.6422,1072.618,382.2684,0,0,0,-3.374554,27.8711,-0.002682,96.00428,24.57842,-27.46314,65.894,26.6987,154.707,41.55394,-9.339451,266.8208,0,0,0,-11.51606,72.93177,0.852942,-107.3775,-78.67319,-316.7555,-220.6291,-255.9122,-62.43377,-300.3842,-354.9903,56.50877,10.62426,8.869835,9.500405,10.22313,13.66364,38.00763,16.88414,-9.74001,4.596019,-13.30416,2.03211,-1.803851,-4.748791,36.74575,0.102792,35.98178,-15.49788,64.83138,37.68228,20.37524,-20.68823,64.42513,54.16307,3.797513,4.276085,23.57551,31.74442,3.233528,-6.31565,4.37891,-18.06657,-28.45662,104.7278,280.6201,-6.834764,111.2595,56.86357,76.47262,73.94187,7.184486,3.556366,-17.57813,22.20588,75.0499,-313.354,1034.747,2311.441,350.4707,975.2425,2094.509,-4406.07,4052.939,-59.97665,-5859.193,-114.8774,-1802.225,866.4265,329.4383,-4354.252,722.811,-2903.672,5990.926,-15187.18,5586.214
135,2250,00:00:02:250,0,0,0,2.512528,-0.978382,1.854603,5.385793,-2.050927,6.235161,6.618892,-3.601986,9.500997,8.045943,-4.560078,12.21715,2.145132,0.012838,2.288352,3.605461,0.004286,9.291883,3.636055,1.113789,14.12542,3.688439,1.631756,16.85431,3.701684,2.182574,19.22986,0.59655,0.110736,2.296674,1.028007,0.217537,10.26065,1.047538,-3.029042,13.89822,1.066894,-4.972576,15.93207,1.194852,-7.224503,16.30928,-0.74827,0.001735,2.303988,-1.208991,-0.050623,9.700083,-1.188477,-4.135501,11.59391,-0.670293,-6.823981,10.94706,-0.108803,-8.642004,9.717782,-1.943712,-0.121182,2.310502,-3.189027,-0.388632,8.966908,-2.912139,-3.337793,10.59452,-2.205234,-4.772017,9.835347,-1.432461,-6.296691,8.970613,0,0,0,-16.63878,31.24199,-50.4205,0.567788,31.24198,-50.42051,-8.758408,31.242,-50.42052,-8.758408,31.242,-50.42052,0.068498,11.77817,0,-12.17737,4.388066,17.94283,-9.879068,4.388071,17.94282,-12.31087,4.388069,17.94283,-12.31087,4.388069,17.94283,-0.767195,3.101027,0,41.65899,-3.045254,3.761873,43.61572,-3.045254,3.761871,80.49261,-3.045255,3.761872,80.49261,-3.045255,3.761872,0.297125,-3.575067,1.729348,64.2108,-14.80939,7.328372,103.7583,-14.80939,7.328367,124.1456,-14.80939,7.328376,124.1456,-14.80939,7.328376,1.648136,-10.70803,3.318238,59.28283,-19.47867,16.57029,117.0611,-19.47866,16.57027,118.6083,-19.47866,16.57029,118.6083,-19.47866,16.57029,0,0,0,0,0,0,1.136608,-0.261582,-0.805758,0.923484,-1.198746,-1.1677,-0.151992,-3.049359,-1.241416,0,0,0,0,0,0,-1.146041,-1.901088,0.452399,-1.47973,-3.674436,0.805736,-2.329454,-3.753148,0.831306,0,0,0,0,0,0,8.78306,-19.83576,-16.08038,14.30485,-35.25866,-29.07908,16.50044,-39.51725,-47.35851,0,0,0,-0.018457,0.153291,-0.000045,1.726722,-0.433378,-1.262426,2.705212,1.156747,-7.659762,2.588063,4.095196,-12.26123,0,0,0,-0.062943,0.401165,0.00456,-1.243617,5.667619,10.45641,-1.542784,6.002001,9.534537,-2.688339,3.843158,12.19162,0,0,0,0,0,0,-40.11377,-11.96667,22.38839,-23.55784,1.192242,21.88146,-67.99399,-30.43368,33.51688,0,0,0,0,0,0,46.56716,-92.29648,20.40624,98.64226,-238.2666,47.68967,137.4645,-343.7042,70.5099,0,0,0,0,0,0,-58.59388,4.534989,-176.897,-62.51254,-249.3167,-511.4221,-114.0893,-181.5668,-733.5948,0,0,0,-0.099912,0.914885,-0.002682,-188.1217,125.5448,247.4418,-256.1694,118.2479,323.1579,-293.5744,81.33529,398.029,0,0,0,-0.335276,2.398148,0.013411,-18.04456,296.1118,569.1083,-18.95986,321.2159,520.4021,-93.31806,112.0573,808.8441,10.65429,8.413212,9.455626,10.16838,13.75777,38.26141,17.20658,-9.3262,4.406023,-12.92786,2.298314,-2.431721,-3.04459,41.74931,1.956648,36.87685,-14.80668,65.12664,39.54746,20.38739,-19.22063,61.1061,57.77824,1.547249,5.64783,15.22636,19.34635,24.82864,-11.39977,22.57799,15.97222,-37.67222,102.2521,300.2137,111.2313,53.70414,41.47207,17.71545,111.9111,0.728874,88.05644,-199.1416,216.9102,-135.0159,82.30473,-500.949,-743.8842,1295.707,-305.0474,1091.945,2042.327,-552.9359,-148.5438,1175.618,7083.966,-3453.318,-923.4901,-3525.43,2278.152,-387.3367,5070.004,-10893.81,11682.26,-12603.95
136,2266.667,00:00:02:267,0,0,0,2.512528,-0.978382,1.854603,5.402744,-2.066808,6.220068,6.632022,-3.636799,9.478287,8.06139,-4.610011,12.18784,2.145132,0.012838,2.288352,3.605461,0.004286,9.291883,3.60487,0.983209,14.15365,3.62442,1.47333,16.88811,3.621071,1.963619,19.27691,0.59655,0.110736,2.296674,1.028007,0.217537,10.26065,1.209133,-3.185603,13.74754,1.344304,-5.457044,15.40179,1.51326,-7.735976,15.48981,-0.74827,0.001735,2.303988,-1.210423,-0.038369,9.70007,-1.104844,-4.137682,11.55957,-0.568193,-6.821625,10.90894,-0.000478,-8.605395,9.633223,-1.943712,-0.121182,2.310502,-3.193875,-0.356549,8.967211,-2.948182,-3.282696,10.64072,-2.302367,-4.800457,9.998549,-1.589531,-6.40462,9.231671,0,0,0,-16.85304,31.46078,-50.76745,0.611833,31.46079,-50.76747,-8.798089,31.46079,-50.76746,-8.798089,31.46079,-50.76746,0.068498,11.77817,0,-10.80985,3.59227,18.20172,-9.520305,3.592277,18.20171,-11.03579,3.592269,18.20172,-11.03579,3.592269,18.20172,-0.767195,3.101027,0,44.33099,-1.211794,4.286736,53.97371,-1.211796,4.286736,87.79368,-1.211795,4.286736,87.79368,-1.211795,4.286736,0.222572,-3.58205,1.401678,64.81877,-13.92161,7.929141,103.7841,-13.92162,7.929139,125.4645,-13.92161,7.929143,125.4645,-13.92161,7.929143,1.491878,-10.71689,2.689539,58.56786,-18.28937,15.65682,112.464,-18.28937,15.65683,114.9376,-18.28937,15.65682,114.9376,-18.28937,15.65682,0,0,0,0,0,0,1.017049,-0.952832,-0.905648,0.78781,-2.088792,-1.362607,0.926793,-2.996005,-1.75859,0,0,0,0,0,0,-1.871086,-7.834849,1.693547,-3.841146,-9.505558,2.02775,-4.836782,-13.13726,2.823382,0,0,0,0,0,0,9.695671,-9.393665,-9.040832,16.64458,-29.06808,-31.8169,19.1045,-30.6884,-49.16793,0,0,0,-0.085898,0.735193,-0.00076,5.017988,-0.130825,-2.060652,6.125961,0.141352,-2.286807,6.499484,2.19655,-5.073532,0,0,0,-0.290886,1.925,0.01815,-2.162553,3.305778,2.772018,-5.827993,-1.706399,9.792118,-9.424249,-6.475747,15.66352,0,0,0,0,0,0,-7.173567,-41.47499,-5.99339,-8.140498,-53.40277,-11.69443,64.72706,3.201216,-31.03048,0,0,0,0,0,0,-43.50274,-356.0257,74.46884,-141.685,-349.8673,73.32085,-150.4397,-563.0466,119.5246,0,0,0,0,0,0,54.75662,626.5258,422.3728,140.3835,371.435,-164.2692,156.2437,529.7309,-108.5651,0,0,0,-4.046447,34.9141,-0.042915,197.4759,18.15319,-47.89352,205.245,-60.92369,322.3773,234.6852,-113.9188,431.2616,0,0,0,-13.67658,91.43013,0.815391,-55.13615,-141.7105,-461.0636,-257.1125,-462.504,15.45489,-404.1545,-619.1343,208.3137,10.63879,7.971994,9.353229,10.25182,13.9999,38.5071,17.46488,-9.409911,3.592105,-11.38434,1.289526,-1.515299,-1.206259,44.30358,9.642735,33.81997,-13.89835,65.60036,38.96532,21.68045,-18.08273,60.23402,53.89616,2.473459,14.52804,14.74136,15.49805,-5.022697,-48.83506,92.61108,-60.52725,54.98532,110.2999,153.2558,461.1653,-183.4131,54.49968,28.42346,-34.92828,77.58338,68.27374,-52.32444,-232.9248,55.57264,532.8128,-29.10003,-230.8982,-1791.08,-2246.117,4201.985,-4589.968,5559.452,482.8688,-8817.475,20996.03,-14227.03,781.6566,642.4803,-8810.361,4611.27,-1186.962,8809.029,-26990.1,11435.31
137,2283.333,00:00:02:283,0,0,0,2.512528,-0.978382,1.854603,5.431413,-2.078652,6.197967,6.653811,-3.670265,9.448276,8.089563,-4.65756,12.14935,2.145132,0.012838,2.288352,3.605461,0.004286,9.291883,3.617872,0.869734,14.17511,3.627592,1.346664,16.91196,3.621875,1.805805,19.30693,0.59655,0.110736,2.296674,1.028007,0.217537,10.26065,1.329482,-3.318787,13.60372,1.546613,-5.819474,14.87403,1.748539,-8.089057,14.67898,-0.74827,0.001735,2.303988,-1.21215,-0.022686,9.700031,-1.051617,-4.132151,11.533,-0.514485,-6.849356,11.0399,0.07161,-8.657018,9.806832,-1.943712,-0.121182,2.310502,-3.199641,-0.315449,8.967452,-3.004022,-3.220812,10.68324,-2.448371,-4.843817,10.24716,-1.821078,-6.555273,9.658097,0,0,0,-17.34424,31.68808,-51.38736,0.571294,31.68811,-51.38738,-9.05263,31.68809,-51.38736,-9.05263,31.68809,-51.38736,0.068498,11.77817,0,-9.46219,3.405522,18.79549,-9.287738,3.405524,18.79549,-10.31128,3.40552,18.79549,-10.31128,3.40552,18.79549,-0.767195,3.101027,0,46.71235,-0.205843,5.066634,63.15683,-0.205843,5.066636,94.89274,-0.205844,5.066636,94.89274,-0.205844,5.066636,0.127282,-3.591599,0.982618,65.18992,-14.03108,8.632021,100.4084,-14.03108,8.632019,124.1295,-14.03108,8.63202,124.1295,-14.03108,8.63202,1.292255,-10.73155,1.885469,57.8934,-17.22629,14.37856,104.9478,-17.2263,14.37856,108.7809,-17.22629,14.37856,108.7809,-17.22629,14.37856,0,0,0,0,0,0,1.720145,-0.710696,-1.326017,1.307353,-2.007991,-1.800656,1.690418,-2.852976,-2.309739,0,0,0,0,0,0,0.78012,-6.808464,1.287639,0.190303,-7.599983,1.43078,0.048235,-9.468834,1.801282,0,0,0,0,0,0,7.220942,-7.99106,-8.629381,12.13853,-21.74583,-31.66598,14.11673,-21.18489,-48.65008,0,0,0,-0.103634,0.940972,-0.002369,3.1936,0.331834,-1.594126,3.222515,-1.663864,7.857218,4.325291,-3.097325,10.41658,0,0,0,-0.34596,2.465986,0.014484,-3.350403,3.713049,2.551272,-8.76024,-2.601631,14.91679,-13.89277,-9.039133,25.58555,0,0,0,0,0,0,42.18579,14.52818,-25.22215,31.17263,4.848093,-26.28296,45.8175,8.581727,-33.06894,0,0,0,0,0,0,159.0724,61.58316,-24.35446,241.8869,114.3345,-35.81821,293.101,220.1055,-61.32602,0,0,0,0,0,0,-148.4837,84.15632,24.68705,-270.363,439.335,9.055137,-299.266,570.2107,31.07071,0,0,0,-1.064167,12.34674,-0.09656,-109.4633,27.75952,27.99152,-174.2068,-108.313,608.6414,-130.4516,-317.6325,929.4067,0,0,0,-3.304482,32.45916,-0.219941,-71.271,24.43624,-13.24475,-175.9348,-53.71391,307.4803,-268.1113,-153.8032,595.3217,10.62857,7.640864,9.261242,10.39367,14.21525,38.90242,17.91554,-9.623899,3.413403,-10.05011,0.173589,-1.023355,-0.195835,46.60913,16.4445,31.73589,-13.99075,65.96143,35.21852,23.7211,-17.08439,59.43555,47.05435,3.833132,12.92101,23.71971,27.03964,-12.83924,-10.72213,80.0537,-66.95621,29.51662,60.62539,138.3334,408.1057,-125.0443,-5.543861,21.66366,-224.8084,122.4391,59.90032,-47.90817,-410.5082,81.58034,-96.42219,538.7008,692.4956,-468.9926,2286.776,-753.4423,-385.738,-1528.122,-2980.469,-895.3436,-3183.57,3502.125,-3602.612,-405.5877,-11392.81,2691.341,-502.405,264.9765,-10655.01,1560.462
138,2300,00:00:02:300,0,0,0,2.512528,-0.978382,1.854603,5.454865,-2.073159,6.183507,6.666475,-3.680387,9.430169,8.092239,-4.68626,12.12968,2.145132,0.012838,2.288352,3.605461,0.004286,9.291883,3.624468,0.783912,14.18952,3.635756,1.218769,16.93336,3.63324,1.636701,19.33588,0.59655,0.110736,2.296674,1.028007,0.217537,10.26065,1.444498,-3.37527,13.53034,1.731991,-6.007455,14.48071,1.962214,-8.24923,14.09178,-0.74827,0.001735,2.303988,-1.214086,-0.003679,9.699947,-0.987539,-4.102844,11.54894,-0.498658,-6.869437,11.40121,0.078908,-8.753973,10.28473,-1.943712,-0.121182,2.310502,-3.205969,-0.265588,8.967524,-3.11089,-3.101773,10.80338,-2.691946,-4.81676,10.67544,-2.188305,-6.63332,10.33482,0,0,0,-17.74892,31.7901,-51.69135,0.683788,31.79009,-51.69135,-8.862915,31.7901,-51.69136,-8.862915,31.7901,-51.69136,0.068498,11.77817,0,-8.505985,3.094014,18.44769,-8.464733,3.094015,18.44769,-9.375354,3.094012,18.4477,-9.375354,3.094012,18.4477,-0.767195,3.101027,0,47.88227,0.695564,5.983588,70.25426,0.695566,5.983588,99.79269,0.695562,5.983589,99.79269,0.695562,5.983589,0.011989,-3.604097,0.475176,65.034,-13.36389,9.305459,93.09389,-13.3639,9.305459,120.4362,-13.3639,9.305459,120.4362,-13.3639,9.305459,1.050931,-10.75433,0.911788,55.61132,-15.90675,12.54424,94.31022,-15.90675,12.54424,100.6549,-15.90675,12.54424,100.6549,-15.90675,12.54424,0,0,0,0,0,0,1.407131,0.329632,-0.867561,0.759825,-0.607297,-1.086384,0.160575,-1.721956,-1.180217,0,0,0,0,0,0,0.395715,-5.149304,0.864744,0.489861,-7.673671,1.28442,0.681907,-10.14624,1.73682,0,0,0,0,0,0,6.900989,-3.388971,-4.402935,11.12268,-11.27887,-23.59897,12.8205,-9.610399,-35.23206,0,0,0,-0.116162,1.140443,-0.005007,3.844672,1.758412,0.956297,0.949616,-1.204848,21.67873,0.437915,-5.817353,28.67366,0,0,0,-0.379711,2.991691,0.004292,-6.412078,7.142376,7.207989,-14.61447,1.623452,25.69672,-22.03365,-4.682868,40.60328,0,0,0,0,0,0,-18.78083,62.41969,27.50739,-32.85169,84.04163,42.85633,-91.79055,67.86121,67.77136,0,0,0,0,0,0,-23.06431,99.54953,-25.37369,17.97348,-4.421308,-8.781551,38.02031,-40.64418,-3.867734,0,0,0,0,0,0,-19.1972,276.1253,253.5867,-60.95051,628.0177,484.0206,-77.77404,694.4695,805.0811,0,0,0,-0.751688,11.96825,-0.15825,39.06434,85.59465,153.0254,-136.3739,27.54093,829.2906,-233.2425,-163.2017,1095.425,0,0,0,-2.025068,31.54227,-0.611544,-183.7005,205.7596,279.403,-351.254,253.5049,646.796,-488.453,261.3759,901.0637,10.57317,7.356753,9.174072,10.61613,14.19247,39.20377,18.4327,-9.546681,3.105577,-9.044701,0.039565,-0.910427,0.711069,47.69577,22.37199,29.53838,-13.3025,65.72152,28.05985,27.34235,-15.85413,57.08511,38.6989,6.344708,-1.366997,18.08075,31.02974,4.633026,-18.46952,60.32467,-8.041483,6.775696,54.41425,65.19791,355.6496,-131.8506,41.29526,-14.39438,-429.52,217.275,73.81559,-141.0267,-501.3272,150.6946,-857.2802,-338.3376,239.4058,1048.336,-464.8435,-1183.742,3534.884,-1364.455,-372.6684,-4388.131,-3147.367,-408.376,2810.347,-2163.482,-12282.69,5690.155,834.9163,-5587.111,-5449.136,4146.856
139,2316.667,00:00:02:317,0,0,0,2.512528,-0.978382,1.854603,5.478145,-2.070479,6.168272,6.676535,-3.691351,9.413056,8.104664,-4.703257,12.10906,2.145132,0.012838,2.288352,3.605461,0.004286,9.291883,3.71883,0.57188,14.21733,3.781999,0.890964,16.97633,3.838453,1.167684,19.39852,0.59655,0.110736,2.296674,1.028007,0.217537,10.26065,1.509557,-3.386115,13.5094,1.821301,-6.092982,14.20936,2.045005,-8.308293,13.68765,-0.74827,0.001735,2.303988,-1.21539,0.010189,9.699862,-0.947877,-4.057213,11.61243,-0.531523,-6.824121,11.90521,0.030876,-8.817068,10.98681,-1.943712,-0.121182,2.310502,-3.210131,-0.229178,8.967422,-3.26185,-2.93522,10.99178,-2.994062,-4.666179,11.24698,-2.623535,-6.545615,11.24844,0,0,0,-18.26799,31.84372,-52.24878,0.672203,31.84373,-52.24878,-9.123343,31.84373,-52.24879,-9.123343,31.84373,-52.24879,0.068498,11.77817,0,-5.938759,3.112285,16.266,-5.963234,3.112282,16.266,-5.880175,3.112286,16.266,-5.880175,3.112286,16.266,-0.767195,3.101027,0,48.19602,1.635225,6.1495,75.58696,1.635227,6.149501,103.1925,1.635226,6.1495,103.1925,1.635226,6.1495,-0.071999,-3.61385,0.105219,64.16609,-12.89673,9.93034,83.87128,-12.89673,9.930334,114.577,-12.89674,9.930336,114.577,-12.89674,9.930336,0.875322,-10.77439,0.201901,51.49233,-15.84956,11.16502,81.38003,-15.84956,11.16502,89.95488,-15.84957,11.16502,89.95488,-15.84957,11.16502,0,0,0,0,0,0,1.39676,0.160787,-0.914119,0.603586,-0.657856,-1.026749,0.745475,-1.019843,-1.237213,0,0,0,0,0,0,5.66174,-12.72195,1.668513,8.774578,-19.66832,2.57805,12.31275,-28.14106,3.75849,0,0,0,0,0,0,3.903497,-0.650704,-1.256168,5.358584,-5.131602,-16.28101,4.967473,-3.543779,-24.24753,0,0,0,-0.078231,0.832107,-0.005096,2.379745,2.737865,3.809496,-1.971884,2.718955,30.24029,-2.881941,-3.785669,42.12471,0,0,0,-0.249691,2.184606,-0.006035,-9.057618,9.993161,11.3039,-18.12697,9.034842,34.29258,-26.11382,5.262315,54.81711,0,0,0,0,0,0,-0.622272,-10.1307,-2.793515,-9.37432,-3.033578,3.578066,35.09402,42.12678,-3.419816,0,0,0,0,0,0,315.9615,-454.3584,48.22612,497.083,-719.6791,77.61775,697.8503,-1079.689,121.3002,0,0,0,0,0,0,-179.8495,164.296,188.806,-345.846,368.8359,439.0776,-471.1816,363.9972,659.0723,0,0,0,2.275854,-18.50016,-0.005364,-87.89564,58.76719,171.192,-175.29,235.4282,513.6938,-199.1914,121.901,807.0632,0,0,0,7.801204,-48.4251,-0.61959,-158.7324,171.0471,245.7547,-210.7498,444.6833,515.751,-244.8098,596.7109,852.83,10.28615,7.225491,9.130659,10.91921,14.20713,39.50824,18.94019,-9.795527,3.165515,-6.573606,-0.019782,0.083929,1.650549,47.96485,27.39093,27.6055,-12.81923,64.81623,19.70514,30.70572,-15.8829,53.20034,29.88769,8.574827,0.879536,18.26843,30.44918,-14.93076,3.596277,148.2657,-3.560821,59.66139,56.36882,16.14487,301.1365,-115.9732,28.99601,-54.31732,-501.2824,201.8024,-1.725826,-233.0864,-528.6724,133.8071,134.7919,11.26099,-34.83353,-1173.827,1323.948,5276.46,268.8397,3173.142,117.2742,-2943.182,-3270.787,952.6455,-737.955,-2395.376,-4305.747,-928.3584,-4532.485,-5523.581,-1640.711,-1013.25
140,2333.333,00:00:02:333,0,0,0,2.512528,-0.978382,1.854603,5.517867,-2.092106,6.135124,6.710724,-3.751684,9.362333,8.137354,-4.799186,12.0455,2.145132,0.012838,2.288352,3.605461,0.004286,9.291883,3.824288,0.281896,14.23861,3.946804,0.437678,17.00964,4.067911,0.518501,19.44389,0.59655,0.110736,2.296674,1.028007,0.217537,10.26065,1.561156,-3.406826,13.47815,1.89437,-6.1472,14.01998,2.121807,-8.337192,13.40189,-0.74827,0.001735,2.303988,-1.215744,0.014135,9.699835,-0.927885,-4.013605,11.69174,-0.621583,-6.689161,12.50564,-0.084524,-8.782347,11.82613,-1.943712,-0.121182,2.310502,-3.211244,-0.218814,8.967371,-3.427841,-2.718507,11.23187,-3.306977,-4.381223,11.82671,-3.074077,-6.252653,12.16298,0,0,0,-18.66892,32.33506,-52.61438,0.897752,32.33504,-52.61438,-8.904405,32.33506,-52.6144,-8.904405,32.33506,-52.6144,0.068498,11.77817,0,-2.527614,3.21312,13.52979,-2.533388,3.213118,13.52979,-1.180641,3.213117,13.52979,-1.180641,3.213117,13.52979,-0.767195,3.101027,0,48.67351,2.103316,6.519805,78.88795,2.103317,6.519807,105.6915,2.103314,6.519807,105.6915,2.103314,6.519807,-0.095875,-3.616723,0,63.05162,-12.53117,10.38256,72.76086,-12.53117,10.38256,107.8958,-12.53118,10.38256,107.8958,-12.53118,10.38256,0.825435,-10.78062,0,45.82033,-15.97364,10.01973,69.53998,-15.97364,10.01973,79.47905,-15.97364,10.01973,79.47905,-15.97364,10.01973,0,0,0,0,0,0,2.383321,-1.29763,-1.988925,2.051398,-3.619954,-3.043413,1.961365,-5.755707,-3.813296,0,0,0,0,0,0,6.327487,-17.39905,1.276731,9.888276,-27.19715,1.998514,13.76751,-38.95097,2.721995,0,0,0,0,0,0,3.095951,-1.242623,-1.874864,4.384182,-3.253073,-11.36282,4.608135,-1.733869,-17.14557,0,0,0,-0.021257,0.236754,-0.001654,1.19954,2.616495,4.758686,-5.403631,8.097589,36.02573,-6.923971,2.083272,50.35937,0,0,0,-0.066809,0.621809,-0.003129,-9.959444,13.00276,14.40579,-18.7749,17.09736,34.78342,-27.03251,17.57772,54.87285,0,0,0,0,0,0,59.19366,-87.50505,-64.48834,86.86868,-177.7258,-120.9998,72.95338,-284.1519,-154.5649,0,0,0,0,0,0,39.94482,-280.626,-23.50688,66.82187,-451.7295,-34.77216,87.28583,-648.5948,-62.18969,0,0,0,0,0,0,-48.45275,-35.51513,-37.12177,-58.4641,112.7118,295.0912,-21.56026,108.5946,426.1172,0,0,0,3.418475,-35.72119,0.20653,-70.81232,-7.282197,56.95134,-205.9048,322.718,347.1261,-242.5218,352.1364,494.0792,0,0,0,10.97291,-93.76784,0.174344,-54.10954,180.5757,186.1131,-38.87593,483.7511,29.45065,-55.12154,738.9243,3.344536,9.978692,7.109436,9.138542,11.30586,14.58408,40.07257,19.56668,-9.80213,3.28402,-3.212113,0,1.352629,2.120341,48.40315,30.21442,26.80352,-12.44394,63.6854,9.709239,35.13491,-16.07803,47.82619,23.71964,9.939074,22.61736,33.85941,37.58937,-0.396137,7.1103,201.6896,1.18694,76.12196,28.18751,26.29829,169.4094,-48.11851,22.51728,-67.84973,-599.7542,265.7511,-11.70822,-322.4487,-370.0833,81.85477,1304.269,935.4583,428.4117,872.0775,210.8413,3205.435,284.8657,987.6338,-1690.879,609.2055,-7903.626,4071.279,-388.7237,-811.9448,-5908.306,3836.926,-598.9436,-5361.739,9515.346,-3117.14
141,2350,00:00:02:350,0,0,0,2.512528,-0.978382,1.854603,5.500506,-2.145545,6.133039,6.704559,-3.808463,9.354367,8.134235,-4.86836,12.03104,2.145132,0.012838,2.288352,3.605461,0.004286,9.291883,3.910023,-0.198384,14.23771,4.08073,-0.31254,17.00822,4.257302,-0.582208,19.42542,0.59655,0.110736,2.296674,1.028007,0.217537,10.26065,1.590375,-3.400809,13.47995,1.942435,-6.147204,13.97756,2.181759,-8.327062,13.32889,-0.74827,0.001735,2.303988,-1.215744,0.014135,9.699835,-0.920188,-3.858813,11.97715,-0.729354,-6.28998,13.37996,-0.245427,-8.481558,13.07272,-1.943712,-0.121182,2.310502,-3.211245,-0.218814,8.967371,-3.626216,-2.463124,11.46021,-3.666088,-3.979444,12.37248,-3.574238,-5.78329,13.01066,0,0,0,-18.42653,32.50705,-53.13395,0.515562,32.50703,-53.13393,-9.091813,32.50705,-53.13395,-9.091813,32.50705,-53.13395,0.068498,11.77817,0,2.876646,3.103009,9.228452,2.889738,3.103005,9.228454,6.936197,3.103014,9.228453,6.936197,3.103014,9.228453,-0.767195,3.101027,0,48.64266,2.185043,6.912014,79.80436,2.185044,6.912021,106.4905,2.185043,6.912016,106.4905,2.185043,6.912016,-0.095875,-3.616721,0,58.98313,-11.02537,10.92344,59.46903,-11.02538,10.92343,97.94242,-11.02538,10.92344,97.94242,-11.02538,10.92344,0.825435,-10.78063,0,39.49705,-17.09644,9.153888,57.36922,-17.09645,9.153877,69.60129,-17.09644,9.153887,69.60129,-17.09644,9.153887,0,0,0,0,0,0,-1.041591,-3.206335,-0.125103,-0.369921,-3.406763,-0.47797,-0.187084,-4.150427,-0.867829,0,0,0,0,0,0,5.144096,-28.81675,-0.053912,8.035629,-45.01308,-0.085294,11.36345,-66.04254,-1.10811,0,0,0,0,0,0,1.753148,0.361025,0.108004,2.883888,-0.000268,-2.545148,3.597121,0.607789,-4.380226,0,0,0,0.000011,0,0,0.461793,9.287505,17.12447,-6.466267,23.95087,52.45882,-9.654189,18.04733,74.79549,0,0,0,-0.000045,0.000003,0,-11.90252,15.32302,13.69996,-21.54667,24.10673,32.74624,-30.00964,28.16181,50.86067,0,0,0,0,0,0,-205.4947,-114.5223,111.8293,-145.2791,12.79143,153.9266,-128.9069,96.31678,176.728,0,0,0,0,0,0,-71.00346,-685.0624,-79.83862,-111.1588,-1068.956,-125.0285,-144.2439,-1625.494,-229.8063,0,0,0,0,0,0,-80.56818,96.21886,118.9721,-90.0176,195.1682,529.0602,-60.66083,140.4995,765.9207,0,0,0,1.276061,-14.20522,0.099242,-44.26483,400.2607,741.9471,-63.75812,951.197,985.9856,-163.813,957.8435,1466.168,0,0,0,4.005879,-37.30835,0.187755,-116.5849,139.216,-42.3493,-166.3063,420.5623,-122.2309,-178.6276,635.0452,-240.7307,9.385021,7.005642,9.184718,11.78495,15.25906,39.92972,18.94208,-9.607338,3.147778,2.346603,0,4.046463,2.205579,48.33998,31.16166,26.68608,-10.93483,59.54422,0.485778,38.47337,-17.27158,41.99683,17.87217,12.23206,40.49892,-8.570709,-37.47585,11.68751,-8.174543,333.5229,0,161.6301,5.11425,-3.790283,56.83387,-7.046241,90.54679,-248.4707,-553.4077,200.3078,-71.61278,-349.7614,-350.8481,137.5794,1072.894,-2545.807,-4503.913,725.0186,-917.0905,7910,-71.21642,5130.485,-1384.396,-1805.314,-6754.531,2464.336,4081.771,-10837.26,2780.793,-3926.602,-3594.273,-1638.763,1154.106,3343.476
142,2366.667,00:00:02:367,0,0,0,2.512528,-0.978382,1.854603,5.474011,-2.194141,6.137925,6.685583,-3.861582,9.354092,8.099721,-4.94563,12.02934,2.145132,0.012838,2.288352,3.605461,0.004286,9.291883,3.891969,-0.812262,14.17514,4.052664,-1.272952,16.91007,4.21444,-2.036391,19.22043,0.59655,0.110736,2.296674,1.028007,0.217537,10.26065,1.618505,-3.347524,13.53391,2.000768,-6.093701,14.00998,2.266577,-8.26739,13.35101,-0.74827,0.001735,2.303988,-1.215744,0.014135,9.699835,-0.989066,-3.513679,12.48845,-0.84552,-5.722668,14.22472,-0.424212,-7.947838,14.27679,-1.943712,-0.121182,2.310502,-3.211244,-0.218814,8.967371,-3.768174,-2.163489,11.67503,-3.979272,-3.375853,12.9473,-4.007946,-5.039786,13.89602,0,0,0,-17.94459,32.65246,-53.29288,0.38025,32.65247,-53.29288,-8.691899,32.65246,-53.29287,-8.691899,32.65246,-53.29287,0.068498,11.77817,0,9.686632,2.686924,3.977875,9.755371,2.686928,3.977873,18.47629,2.686926,3.977875,18.47629,2.686926,3.977875,-0.767195,3.101027,0,47.79734,2.015113,7.578428,80.25117,2.015109,7.578424,106.7582,2.015109,7.578428,106.7582,2.015109,7.578428,-0.095874,-3.616722,0,51.1543,-9.096306,10.93226,51.31662,-9.096308,10.93226,88.66602,-9.096309,10.93226,88.66602,-9.096309,10.93226,0.825435,-10.78062,0,32.66763,-17.88845,9.615885,40.94909,-17.88844,9.615895,58.63975,-17.88845,9.615886,58.63975,-17.88845,9.615886,0,0,0,0,0,0,-1.589745,-2.915751,0.293188,-1.138553,-3.18709,-0.01654,-2.070844,-4.63622,-0.101656,0,0,0,0,0,0,-1.083255,-36.83272,-3.754109,-1.68398,-57.6247,-5.888968,-2.571702,-87.25093,-12.29954,0,0,0,0,0,0,1.687802,3.197059,3.237426,3.500003,3.210202,1.945138,5.089078,3.580302,1.327157,0,0,0,-0.000006,-0.000001,0,-4.132686,20.70804,30.67821,-6.969966,34.03873,50.68579,-10.72713,32.02316,72.24431,0,0,0,0.000045,-0.000003,0.000045,-8.517444,17.97808,12.88949,-18.79106,36.2155,34.48927,-26.02252,44.61021,53.12169,0,0,0,0,0,0,-32.88925,17.43504,25.09743,-46.11789,13.18038,27.68576,-113.0256,-29.14756,45.97038,0,0,0,0,0,0,-373.6411,-480.9578,-222.0118,-583.1765,-756.6971,-348.2204,-836.1088,-1272.503,-671.4856,0,0,0,0,0,0,-3.920719,170.162,187.7654,36.96688,192.6282,269.4171,89.51738,178.3508,342.4429,0,0,0,-0.001006,-0.000021,0,-275.6687,685.2319,813.2242,-30.22197,605.2713,-106.3818,-64.37654,838.5496,-153.0712,0,0,0,0.005364,-0.000335,0.002682,203.1049,159.3031,-48.62844,165.3367,726.5258,104.582,239.2267,986.9039,135.6608,8.675875,6.841525,9.31245,12.25108,15.84581,39.65992,18.32484,-9.07214,2.693845,9.492808,0.065611,8.720892,2.044113,47.44341,32.45378,26.507,-9.031461,51.67484,0.163129,37.34939,-18.13311,35.68638,8.281453,17.69065,35.20443,-16.1879,-37.03434,32.11189,-27.23599,428.7723,3.936636,280.4657,-9.687923,-53.79409,77.52731,-10.74531,114.202,-472.1631,-19.3589,-67.43889,-51.69181,-378.6271,-575.4428,327.5149,-317.6694,-457.0312,26.49078,1225.463,-1143.687,5714.961,236.1982,7130.14,-888.1304,-3000.229,1241.606,-221.9444,1419.314,-13421.54,32042.92,-16064.8,1195.258,-1731.94,-13475.68,11396.13
143,2383.333,00:00:02:383,0,0,0,2.512528,-0.978382,1.854603,5.477115,-2.221322,6.127965,6.640778,-3.932313,9.338944,8.009449,-5.068057,12.0164,2.145132,0.012838,2.288352,3.605461,0.004286,9.291883,3.852468,-1.466513,14.02166,3.990566,-2.299438,16.66837,4.093101,-3.532583,18.7697,0.59655,0.110736,2.296674,1.028007,0.217537,10.26065,1.61006,-3.167705,13.72099,2.018588,-5.834726,14.51745,2.329524,-8.054009,14.06146,-0.74827,0.001735,2.303988,-1.215744,0.014135,9.699835,-1.105372,-2.968941,13.07064,-1.031723,-4.848403,15.16278,-0.695501,-7.031603,15.66496,-1.943712,-0.121182,2.310502,-3.211245,-0.218814,8.967371,-3.940913,-1.67698,11.92789,-4.32295,-2.440945,13.4782,-4.53759,-3.795355,14.81577,0,0,0,-18.09557,32.78362,-53.85659,1.041717,32.78365,-53.85661,-7.784817,32.78363,-53.85661,-7.784817,32.78363,-53.85661,0.068498,11.77817,0,17.21328,3.209987,-0.711946,17.40817,3.209991,-0.711944,30.33906,3.209985,-0.711947,30.33906,3.209985,-0.711947,-0.767195,3.101027,0,44.76979,1.469848,8.27475,73.54827,1.469847,8.274752,101.5054,1.469845,8.274753,101.5054,1.469845,8.274753,-0.095875,-3.616721,0,40.99794,-7.286723,10.4208,41.43507,-7.286723,10.4208,77.08601,-7.286726,10.42081,77.08601,-7.286726,10.42081,0.825436,-10.78063,0,22.9812,-17.92736,9.389426,22.99264,-17.92736,9.389422,42.78779,-17.92736,9.389422,42.78779,-17.92736,9.389422,0,0,0,0,0,0,0.186235,-1.630884,-0.597596,-2.688333,-4.243903,-0.908822,-5.416318,-7.345631,-0.776812,0,0,0,0,0,0,-2.370044,-39.25503,-9.208917,-3.725923,-61.58918,-14.50217,-7.280342,-89.77155,-27.04355,0,0,0,0,0,0,-0.506669,10.78914,11.2246,1.069173,15.53848,30.44843,3.776807,12.80281,42.62727,0,0,0,0.000006,0,0,-6.978342,32.68429,34.93116,-11.17219,52.45587,56.28365,-16.27732,54.97411,83.29009,0,0,0,-0.000045,-0.000001,-0.000045,-10.36439,29.19051,15.17169,-20.62069,56.09446,31.85418,-31.77856,74.66586,55.18466,0,0,0,0,0,0,106.5588,77.09203,-53.44703,-92.98681,-63.40874,-53.53688,-200.7285,-162.5646,-40.5094,0,0,0,0,0,0,-77.20737,-145.3385,-327.2885,-122.5166,-237.8683,-516.7918,-282.5184,-151.2372,-884.6408,0,0,0,0,0,0,-131.6683,455.5249,479.2302,-145.8498,739.6968,1710.198,-78.73624,553.3504,2478.007,0,0,0,0.000671,0.000052,0,-170.7394,718.5751,255.1773,-252.1333,1105.029,335.8716,-333.0116,1377.057,662.747,0,0,0,-0.005364,0.000084,-0.005364,-110.8168,672.7463,136.932,-109.7775,1192.737,-158.1055,-345.3625,1803.339,123.7786,7.956294,6.734966,9.640732,12.91838,16.21747,39.75045,19.13728,-8.826548,3.210467,17.27389,0.194834,12.9309,1.511808,44.37151,28.77846,27.95713,-7.259366,41.50803,0.437007,35.65092,-18.20568,26.22196,0,19.79514,22.29967,5.431594,48.74633,14.73553,30.99732,466.865,7.753377,252.6003,-31.9383,-184.3139,-220.5191,87.00782,106.3257,-610.0085,16.43267,-101.908,-4.354134,-567.8651,-496.8872,126.2696,-774.2856,1297.169,5146.84,-1042.582,3493.999,2285.561,229.0044,-1671.927,-1335.023,-7831.191,-17882.78,5865.188,-472.5805,-8270.726,2147.494,-2068.148,2840.261,-11354.28,4713.338,-12074.71
144,2400,00:00:02:400,0,0,0,2.512528,-0.978382,1.854603,5.484594,-2.232415,6.119521,6.610187,-3.970181,9.329692,7.962124,-5.124819,12.00756,2.145132,0.012838,2.288352,3.605461,0.004286,9.291883,3.947573,-1.9342,13.84384,4.13829,-3.028846,16.39006,4.233568,-4.570921,18.27678,0.59655,0.110736,2.296674,1.028007,0.217537,10.26065,1.591071,-2.97732,13.90049,1.97693,-5.342158,15.37457,2.30806,-7.603415,15.29152,-0.74827,0.001735,2.303988,-1.215744,0.014135,9.699835,-1.184577,-2.307722,13.55746,-1.159641,-3.782484,15.95314,-0.907237,-5.809918,16.93161,-1.943712,-0.121182,2.310502,-3.211245,-0.218814,8.967371,-4.125605,-0.9584,12.13601,-4.604669,-1.344625,13.79565,-5.023611,-2.195856,15.45982,0,0,0,-18.41941,32.79372,-54.46358,1.411221,32.79373,-54.46358,-7.670474,32.79373,-54.46358,-7.670474,32.79373,-54.46358,0.068498,11.77817,0,22.69131,5.811481,-3.604105,22.88801,5.811489,-3.604101,38.95089,5.811479,-3.604106,38.95089,5.811479,-3.604106,-0.767195,3.101027,0,41.68961,1.436275,8.383183,58.38923,1.436277,8.383186,92.08183,1.436274,8.383183,92.08183,1.436274,8.383183,-0.095875,-3.616722,0,30.63328,-5.306966,9.646237,31.2168,-5.306966,9.646238,64.2913,-5.306965,9.646235,64.2913,-5.306965,9.646235,0.825435,-10.78062,0,10.45233,-17.57334,7.542722,10.41552,-17.57335,7.542719,24.31872,-17.57333,7.542727,24.31872,-17.57333,7.542727,0,0,0,0,0,0,0.448756,-0.665557,-0.506669,-1.835435,-2.272032,-0.555128,-2.83952,-3.405713,-0.529915,0,0,0,0,0,0,5.70631,-28.06124,-10.66929,8.863493,-43.76446,-16.69818,8.428014,-62.30027,-29.57546,0,0,0,0,0,0,-1.139358,11.42311,10.77014,-2.499506,29.5541,51.42707,-1.287874,27.03573,73.80348,0,0,0,0,0,0,-4.752298,39.67317,29.20916,-7.675062,63.95515,47.42181,-12.70413,73.30109,75.99895,0,0,0,0.000022,0.000001,0,-11.08146,43.11483,12.48743,-16.90312,65.77917,19.04681,-29.16129,95.96994,38.6433,0,0,0,0,0,0,15.75127,57.91962,5.455613,51.17387,118.3122,21.22163,154.6079,236.3951,14.81384,0,0,0,0,0,0,484.5812,671.6271,-87.6224,755.3649,1069.483,-131.7608,942.5013,1648.277,-151.9148,0,0,0,0,0,0,-37.9613,38.03841,-27.26734,-214.1207,840.9368,1258.718,-303.8808,853.9751,1870.572,0,0,0,-0.000335,-0.000026,0,133.5626,419.3326,-343.3201,209.8275,689.9564,-531.7105,214.3916,1099.618,-437.4683,0,0,0,0.004023,0.000168,0.002682,-43.02397,835.459,-161.0559,223.0538,581.083,-768.442,157.0367,1278.245,-992.4818,7.315189,6.992586,10.16765,13.75232,16.38515,39.87125,19.83064,-9.081687,5.823559,23.0671,0.195835,16.06286,1.481341,41.27494,16.69961,33.69259,-5.300752,31.04322,0.583162,33.0745,-17.76675,13.13805,-0.034264,13.90319,10.06096,7.248001,41.60202,-15.30836,156.7855,347.5925,0.060103,187.9177,-1.828036,-185.7944,-724.7312,344.1277,117.5168,-627.8885,8.769303,-154.5852,26.3356,-785.0345,-2.055841,-353.5172,-734.3226,108.9844,-428.659,-1802.633,7547.291,-7156.345,-461.5964,-3880.955,1806.616,-88.82446,-30252.73,15427.19,671.4688,-1072.804,-459.8019,-3160.629,1841.384,-13030.17,29689.88,-28787.21
145,2416.667,00:00:02:417,0,0,0,2.512528,-0.978382,1.854603,5.513089,-2.234218,6.098988,6.587634,-4.009954,9.305874,7.923511,-5.187242,11.98194,2.145132,0.012838,2.288352,3.605461,0.004286,9.291883,4.000559,-2.234826,13.6993,4.220698,-3.495807,16.16493,4.280759,-5.236348,17.87189,0.59655,0.110736,2.296674,1.028007,0.217537,10.26065,1.539635,-2.729736,14.1109,1.841495,-4.486403,16.28742,2.162851,-6.705725,16.73594,-0.74827,0.001735,2.303988,-1.215744,0.014135,9.699835,-1.381307,-1.618398,13.89276,-1.480943,-2.664424,16.50251,-1.399505,-4.424702,17.92602,-1.943712,-0.121182,2.310502,-3.211245,-0.218814,8.967371,-4.178369,-0.533461,12.19057,-4.684989,-0.697266,13.87864,-5.176419,-1.223446,15.6538,0,0,0,-19.10523,32.86119,-55.26391,1.93172,32.8612,-55.2639,-7.633698,32.86119,-55.26393,-7.633698,32.86119,-55.26393,0.068498,11.77817,0,26.13744,8.133045,-6.075467,26.29313,8.133046,-6.075467,45.00192,8.133049,-6.075466,45.00192,8.133049,-6.075466,-0.767195,3.101027,0,37.81992,1.47934,7.943179,39.29167,1.479338,7.943178,78.68562,1.479336,7.943182,78.68562,1.479336,7.943182,-0.095875,-3.616721,0,20.85896,-4.766466,6.511145,21.43195,-4.766468,6.511147,50.90719,-4.766471,6.511145,50.90719,-4.766471,6.511145,0.825435,-10.78062,0,3.398302,-17.18938,6.660717,3.366336,-17.18937,6.660718,14.06778,-17.18937,6.660717,14.06778,-17.18937,6.660717,0,0,0,0,0,0,1.709685,-0.108216,-1.231938,-1.353219,-2.386428,-1.429126,-2.316803,-3.745347,-1.537308,0,0,0,0,0,0,3.179155,-18.03753,-8.672297,4.944428,-28.01766,-13.50769,2.831429,-39.92559,-24.29357,0,0,0,0,0,0,-3.086183,14.85506,12.62453,-8.126064,51.34526,54.77089,-8.712496,53.86135,86.66503,0,0,0,0,0.000001,0,-11.80384,41.35942,20.11835,-19.27808,67.08357,32.96193,-29.53609,83.11296,59.66457,0,0,0,0,0.000001,0,-3.165856,25.49635,3.273323,-4.819191,38.84156,4.979163,-9.16846,58.34462,11.63864,0,0,0,0,0,0,75.65572,33.44043,-43.51615,28.93298,-6.863773,-52.43987,31.36307,-20.37806,-60.44357,0,0,0,0,0,0,-151.6293,601.4226,119.8196,-235.1439,944.8081,191.4292,-335.7951,1342.48,316.9136,0,0,0,0,0,0,-116.8095,205.9165,111.2634,-337.5935,1307.47,200.6292,-445.4773,1609.537,771.6929,0,0,0,0,0.000047,0,-423.0926,101.1749,-545.4485,-696.181,187.7056,-867.5927,-1009.917,588.7126,-980.063,0,0,0,-0.001341,0,0,474.936,-1057.109,-552.8461,725.0359,-1616.257,-844.0589,1199.569,-2257.519,-1620.279,6.925568,7.621777,11.08297,14.17048,16.48252,40.25833,21.03694,-9.565402,8.171208,26.93203,0.154505,18.70877,1.518524,37.4332,1.471799,39.39394,-4.782703,21.27363,0.573349,29.47522,-17.32146,5.575521,-0.034264,10.70146,5.842094,23.22464,72.37759,-29.0229,140.859,231.8957,-2.479812,158.7546,2.231004,-230.5044,-913.6684,342.0813,31.08295,-586.1753,-0.588795,-215.9569,26.71726,-453.752,0,-192.1038,-253.1318,958.5982,1846.534,-822.8724,-955.5926,-6941.807,-152.3949,-1749.785,243.5424,-2682.6,-11336.23,-122.7869,-5186.032,2502.795,-561.4858,-3682.301,22.89963,19876.96,123.3505,9684.8
146,2433.333,00:00:02:433,0,0,0,2.512528,-0.978382,1.854603,5.44052,-2.345183,6.115355,6.498392,-4.141309,9.316423,7.730065,-5.41388,11.99886,2.145132,0.012838,2.288352,3.605461,0.004286,9.291883,4.051808,-2.444578,13.58128,4.300402,-3.822266,15.98087,4.323407,-5.693259,17.54472,0.59655,0.110736,2.296674,1.028007,0.217537,10.26065,1.398938,-2.130045,14.51786,1.614407,-3.498329,16.96646,1.877915,-5.555406,17.93022,-0.74827,0.001735,2.303988,-1.215744,0.014135,9.699835,-1.534984,-1.12203,14.045,-1.731208,-1.857872,16.7533,-1.752593,-3.348428,18.45899,-1.943712,-0.121182,2.310502,-3.211245,-0.218814,8.967371,-4.170312,-0.522583,12.19402,-4.672617,-0.681453,13.88385,-5.164279,-1.137326,15.67829,0,0,0,-18.13823,33.02373,-56.03328,1.892594,33.02374,-56.03328,-5.543404,33.02372,-56.03328,-5.543404,33.02372,-56.03328,0.068498,11.77817,0,28.43094,10.41166,-8.129403,28.57261,10.41167,-8.129403,49.3055,10.41167,-8.129399,49.3055,10.41167,-8.129399,-0.767195,3.101027,0,29.14861,1.265147,6.711709,29.4717,1.265147,6.711709,65.0687,1.265146,6.711707,65.0687,1.265146,6.711707,-0.095875,-3.616721,0,14.12726,-5.653762,5.682221,14.67666,-5.653762,5.682222,40.83073,-5.653763,5.682222,40.83073,-5.653763,5.682222,0.825436,-10.78063,0,2.758547,-17.10228,8.269859,2.751464,-17.10229,8.26986,11.4543,-17.10229,8.269859,11.4543,-17.10229,8.269859,0,0,0,0,0,0,-4.354096,-6.65788,0.982046,-5.354494,-7.88129,0.633001,-11.60672,-13.59835,1.014948,0,0,0,0,0,0,3.074951,-12.58516,-7.081479,4.782244,-19.58757,-11.04373,2.558872,-27.41468,-19.62975,0,0,0,0,0,0,-8.441816,35.98146,24.41785,-13.62529,59.28446,40.74239,-17.09618,69.01918,71.65681,0,0,0,0.000006,0,0,-9.220573,29.78209,9.134172,-15.01594,48.39316,15.04746,-21.18528,64.57648,31.97828,0,0,0,-0.000022,-0.000004,0,0.483379,0.652651,0.206932,0.742346,0.948773,0.312567,0.728354,5.167158,1.469135,0,0,0,0,0,0,-363.8269,-392.9798,132.8391,-240.0764,-329.6917,123.7276,-557.3951,-591.1803,153.1353,0,0,0,0,0,0,-6.25224,327.1423,95.44904,-9.731053,505.8056,147.838,-16.35343,750.6549,279.8295,0,0,0,0,0,0,-321.338,1267.584,707.5988,-329.9533,476.3521,-841.7095,-503.0207,909.4698,-900.4927,0,0,0,0.000335,-0.000063,0,154.9961,-694.6392,-659.0508,255.7282,-1121.425,-1074.868,501.0486,-1112.189,-1661.178,0,0,0,-0.001341,-0.000335,0,218.9541,-1490.622,-183.9834,333.6922,-2273.567,-279.9958,593.8088,-3190.648,-610.1703,6.514598,8.333591,11.65848,14.07449,17.78564,39.49686,20.0308,-7.436008,10.48896,29.72252,0.142653,20.73288,1.288464,28.87393,0.322641,35.59699,-5.677993,14.6535,0.549296,26.15406,-17.29499,5.378187,0,8.702809,78.18763,-45.68824,-60.36815,127.7636,139.0649,167.4291,-0.711153,121.4465,-13.80364,-513.5561,-68.94949,-227.8171,-53.71742,-397.208,-1.443175,-199.2697,1.588211,-11.84003,2.055841,-119.9187,4340.732,-4134.772,-7964.744,9407.19,-107.645,-3867.998,106.1196,-2238.485,-962.0787,-16983.1,50683.13,-34193.9,-5088.022,11338.04,-51.2628,1001.232,-1507.743,26514.71,123.3505,4331.105
147,2450,00:00:02:450,0,0,0,2.512528,-0.978382,1.854603,5.278275,-2.490798,6.174156,6.25474,-4.312349,9.386704,7.267292,-5.723229,12.09153,2.145132,0.012838,2.288352,3.605461,0.004286,9.291883,4.0528,-2.602127,13.4873,4.302535,-4.065361,15.8356,4.298516,-6.02585,17.28585,0.59655,0.110736,2.296674,1.028007,0.217537,10.26065,1.186444,-1.491041,14.82445,1.279525,-2.498559,17.44942,1.427273,-4.280489,18.87516,-0.74827,0.001735,2.303988,-1.215744,0.014135,9.699835,-1.721538,-0.757336,14.1069,-2.034526,-1.263409,16.85659,-2.157126,-2.499955,18.75066,-1.943712,-0.121182,2.310502,-3.211245,-0.218814,8.967371,-4.174212,-0.550391,12.19012,-4.678506,-0.724158,13.87788,-5.187359,-1.13028,15.67947,0,0,0,-16.34367,32.67006,-57.18465,2.49841,32.67006,-57.18466,-1.539698,32.67006,-57.18465,-1.539698,32.67006,-57.18465,0.068498,11.77817,0,30.42457,11.16942,-8.516235,30.50289,11.16942,-8.516237,52.68554,11.16942,-8.516237,52.68554,11.16942,-8.516237,-0.767195,3.101027,0,20.60331,0.299677,4.500856,21.07734,0.299677,4.500856,51.43154,0.299676,4.500857,51.43154,0.299676,4.500857,-0.095875,-3.616721,0,9.131839,-7.54088,5.978897,9.631862,-7.540882,5.978897,32.49712,-7.54088,5.978898,32.49712,-7.54088,5.978898,0.825435,-10.78062,0,3.413755,-17.21241,7.602812,3.417626,-17.2124,7.602808,10.07853,-17.21241,7.602809,10.07853,-17.21241,7.602809,0,0,0,0,0,0,-9.734719,-8.736904,3.528021,-14.61911,-10.26238,4.216835,-27.76641,-18.56091,5.560219,0,0,0,0,0,0,0.0595,-9.452942,-5.638361,0.128008,-14.58565,-8.716642,-1.493432,-19.95548,-15.53258,0,0,0,0,0,0,-12.7496,38.3402,18.39503,-20.09292,59.9862,28.97787,-27.03852,76.49499,56.69635,0,0,0,-0.000006,0,0,-11.19325,21.88162,3.714144,-18.19905,35.66774,6.197423,-24.272,50.90833,17.50034,0,0,0,0.000022,0.000004,0,-0.234,-1.668457,-0.234112,-0.353381,-2.562272,-0.357717,-1.38478,0.422811,0.070989,0,0,0,0,0,0,-322.8373,-124.7414,152.7585,-555.877,-142.8652,215.03,-969.5809,-297.7533,272.7162,0,0,0,0,0,0,-180.927,187.933,86.58709,-279.2541,300.1151,139.6251,-243.1382,447.5521,245.8298,0,0,0,0,0,0,-258.467,141.5241,-361.3686,-388.0579,42.1046,-705.8715,-596.5407,448.5483,-897.6276,0,0,0,-0.000671,0.00001,0,-118.3605,-474.0287,-325.2017,-190.9867,-763.5255,-531.0022,-185.2035,-820.0894,-868.6762,0,0,0,0.002682,0.000503,0,-43.04274,-139.2665,-26.46267,-65.74361,-210.6627,-40.21704,-126.788,-284.6608,-83.88876,5.990505,9.066695,11.98137,13.75089,19.29681,37.63086,18.84208,-4.038081,11.25657,31.85069,0.079129,22.18265,0.304546,20.52472,0.473953,30.35419,-7.58266,9.929215,0.499677,22.86524,-17.38102,5.874263,0,6.660883,90.67004,-111.9601,-71.32336,203.8756,46.05686,127.6902,-3.811389,86.98608,-59.03508,-500.9525,9.078713,-314.5683,-114.28,-283.457,-2.977144,-197.3289,-5.161743,29.76456,0,-122.5156,748.9448,-3976.309,-657.3122,4566.721,-5580.481,-2384.335,-186.0142,-2067.627,-2713.886,756.2145,4681.692,-5205.074,-3633.755,6825.06,-92.03817,116.4487,-404.9972,2496.275,-123.3505,-155.8104
148,2466.667,00:00:02:467,0,0,0,2.512528,-0.978382,1.854603,5.175152,-2.567906,6.211109,6.061771,-4.422095,9.431029,6.897321,-5.92909,12.14447,2.145132,0.012838,2.288352,3.605461,0.004286,9.291883,3.992032,-2.727819,13.41271,4.207914,-4.260614,15.71962,4.159839,-6.280006,17.08582,0.59655,0.110736,2.296674,1.028007,0.217537,10.26065,1.000632,-1.000507,14.98169,0.985635,-1.725098,17.69996,1.009909,-3.216712,19.43326,-0.74827,0.001735,2.303988,-1.215744,0.014135,9.699835,-1.810154,-0.491182,14.13431,-2.178946,-0.827283,16.90304,-2.357307,-1.858019,18.91236,-1.943712,-0.121182,2.310502,-3.211244,-0.218814,8.967371,-4.07759,-0.545072,12.21796,-4.531222,-0.716504,13.92028,-4.998349,-1.059487,15.74613,0,0,0,-15.27724,32.37825,-57.86066,3.536651,32.37828,-57.86068,1.679053,32.37826,-57.86068,1.679053,32.37826,-57.86068,0.068498,11.77817,0,32.13692,11.10548,-8.99299,32.19565,11.10548,-8.992988,55.18478,11.10548,-8.992986,55.18478,11.10548,-8.992986,-0.767195,3.101027,0,14.4479,-0.817549,1.882323,14.90704,-0.817549,1.882323,40.71104,-0.817551,1.882323,40.71104,-0.817551,1.882323,-0.095875,-3.616722,0,5.545079,-8.308502,6.473516,5.965298,-8.308496,6.473516,26.31031,-8.308501,6.473513,26.31031,-8.308501,6.473513,0.825435,-10.78062,0,3.713072,-15.4677,6.95961,3.731704,-15.46768,6.959609,8.521425,-15.4677,6.959607,8.521425,-15.4677,6.959607,0,0,0,0,0,0,-6.187364,-4.626486,2.217181,-11.57816,-6.584801,2.659499,-22.19823,-12.35164,3.176272,0,0,0,0,0,0,-3.646105,-7.541499,-4.475533,-5.677275,-11.7152,-6.958723,-8.320637,-15.24936,-12.00154,0,0,0,0,0,0,-11.14875,29.43203,9.43458,-17.63341,46.40765,15.03217,-25.04186,63.82664,33.48613,0,0,0,0,0,0,-5.316987,15.96923,1.644462,-8.665211,26.16757,2.787083,-12.01085,38.51619,9.701996,0,0,0,0.000022,0,0.000045,5.797326,0.319147,1.670703,8.837073,0.459233,2.543896,11.34058,4.247574,3.99971,0,0,0,0,0,0,212.8413,246.6251,-78.65042,182.4572,220.6546,-93.44009,334.0907,372.5561,-143.0368,0,0,0,0,0,0,-222.3363,114.6866,69.76962,-348.317,172.2273,105.4751,-409.6323,282.3669,211.8623,0,0,0,0,0,0,96.05124,-534.4898,-537.6273,147.5704,-814.7135,-836.7418,119.7994,-760.1005,-1392.614,0,0,0,0.000335,0.000021,0,352.5757,-354.743,-124.1809,572.0306,-570.01,-204.6204,735.6688,-743.5285,-467.9006,0,0,0,0,-0.000251,0.002682,361.8796,119.2562,114.2889,551.4272,181.2903,174.0968,763.5215,229.4857,235.7232,5.659853,9.754238,12.1666,13.34886,20.0451,36.43258,18.81388,-1.857516,11.18824,33.54432,0.055953,22.98911,-0.817571,14.46701,0.458849,25.80399,-8.362903,6.500924,0.420114,20.34501,-15.59491,5.731487,0.019782,4.789702,44.89757,-71.89682,-1.692009,130.8339,-4.099789,101.6183,-1.390587,48.38756,-67.32697,-363.4627,-0.906199,-273.0117,-46.81454,-205.6975,-4.773795,-151.2141,107.1667,-8.566589,1.18694,-112.2709,-2746.348,2403.794,4177.881,-4382.502,-3009.399,-1564.316,145.2481,-2315.911,-497.5133,8249.39,-599.0947,2493.395,4047.927,4665.57,-107.799,2766.885,6739.707,-2299.869,71.21642,614.6837
149,2483.333,00:00:02:483,0,0,0,2.512528,-0.978382,1.854603,5.029131,-2.688999,6.251852,5.857024,-4.548871,9.484105,6.533992,-6.124589,12.2027,2.145132,0.012838,2.288352,3.605461,0.004286,9.291883,3.974134,-2.726372,13.41531,4.179879,-4.258774,15.7234,4.128452,-6.271912,17.09868,0.59655,0.110736,2.296674,1.028007,0.217537,10.26065,0.872508,-0.578796,15.06838,0.783047,-1.057915,17.83907,0.727134,-2.270236,19.77736,-0.74827,0.001735,2.303988,-1.215744,0.014135,9.699835,-1.812175,-0.240444,14.15547,-2.182835,-0.41637,16.93873,-2.378073,-1.279451,19.02405,-1.943712,-0.121182,2.310502,-3.211245,-0.218814,8.967371,-4.088249,-0.564413,12.2131,-4.547455,-0.746046,13.91287,-5.031358,-1.034964,15.7437,0,0,0,-14.06136,32.03686,-59.48016,3.471725,32.03685,-59.48017,3.871534,32.03687,-59.48016,3.871534,32.03687,-59.48016,0.068498,11.77817,0,32.15629,10.85664,-8.989327,32.22547,10.85663,-8.989327,54.95348,10.85664,-8.989325,54.95348,10.85664,-8.989325,-0.767195,3.101027,0,9.385675,-1.924538,0.435699,9.791457,-1.924537,0.435699,31.99995,-1.924539,0.435698,31.99995,-1.924539,0.435698,-0.095875,-3.616722,0,2.369215,-7.937013,6.434837,2.715305,-7.937016,6.434838,21.65031,-7.937015,6.434837,21.65031,-7.937015,6.434837,0.825436,-10.78062,0,4.127751,-15.67339,6.551229,4.148757,-15.67339,6.551229,6.950795,-15.67339,6.551229,6.950795,-15.67339,6.551229,0,0,0,0,0,0,-8.761256,-7.265556,2.444543,-12.28483,-7.606543,3.184542,-21.79974,-11.72999,3.493845,0,0,0,0,0,0,-1.073867,0.086814,0.155836,-1.68208,0.110373,0.227183,-1.883179,0.485659,0.77185,0,0,0,0,0,0,-7.687468,25.30266,5.201339,-12.15525,40.03099,8.346318,-16.96648,56.78852,20.64585,0,0,0,-0.000006,0,0,-0.121247,15.0443,1.269668,-0.233341,24.65478,2.141118,-1.245942,34.71409,6.701321,0,0,0,-0.000022,-0.000001,-0.000045,-0.639506,-1.16046,-0.291601,-0.973977,-1.77256,-0.444889,-1.980498,1.471382,-0.146091,0,0,0,0,0,0,-154.4335,-158.3442,13.64172,-42.40036,-61.30452,31.50255,23.90921,37.29879,19.05441,0,0,0,0,0,0,154.3343,457.6988,277.8822,239.7117,709.5341,431.1544,386.2474,944.1013,766.4035,0,0,0,0,0,0,207.6767,-247.7623,-253.9944,328.6896,-382.5994,-401.1511,484.5228,-422.2873,-770.4161,0,0,0,-0.000335,-0.000021,0,311.7444,-55.49607,-22.48764,505.9122,-90.76746,-38.75792,645.8947,-228.1256,-180.0405,0,0,0,-0.002682,-0.000084,-0.005364,-386.2099,-88.77641,-117.7382,-588.663,-133.9076,-179.3271,-799.2646,-166.5715,-248.748,5.457016,10.29326,12.2242,13.12251,21.25702,34.78308,17.53308,0.399095,10.93477,33.51373,0.068528,22.72799,-1.924578,9.404876,0.405418,22.2085,-7.987655,3.27016,0.34605,18.93501,-15.7903,6.077832,0.019782,2.801978,72.71507,-98.96964,-76.84798,135.3966,-15.20811,-1.835861,0.754508,-15.66685,-66.42043,-303.7281,-3.20586,-215.7294,22.51488,-193.8458,-4.443818,-84.6001,-11.7235,20.78069,0,-119.2634,1669.05,-1624.369,-4509.358,273.761,-666.4992,-6207.247,128.7057,-3843.264,54.39285,3584.073,-137.9797,3436.942,4159.765,711.0992,19.79865,3996.84,-7133.412,1760.837,-71.21642,-419.5536
150,2500,00:00:02:500,0,0,0,2.512528,-0.978382,1.854603,4.841728,-2.785345,6.316106,5.674613,-4.606583,9.569012,6.222387,-6.219965,12.2946,2.145132,0.012838,2.288352,3.605461,0.004286,9.291883,3.937154,-2.556534,13.52594,4.122449,-3.99304,15.8966,4.073201,-5.938805,17.36572,0.59655,0.110736,2.296674,1.028007,0.217537,10.26065,0.776628,-0.219791,15.1102,0.631865,-0.489342,17.90674,0.533805,-1.467471,19.97156,-0.74827,0.001735,2.303988,-1.215744,0.014135,9.699835,-1.821644,-0.010303,14.1614,-2.198504,-0.040008,16.94922,-2.404511,-0.754017,19.08916,-1.943712,-0.121182,2.310502,-3.211244,-0.218814,8.967371,-4.143956,-0.678084,12.18334,-4.632393,-0.918801,13.86755,-5.162034,-1.17258,15.69091,0,0,0,-11.91275,31.49491,-59.79374,2.948556,31.49492,-59.79373,6.041771,31.4949,-59.79374,6.041771,31.4949,-59.79374,0.068498,11.77817,0,29.99748,9.665265,-8.835627,30.04632,9.665263,-8.835628,52.32928,9.665268,-8.835628,52.32928,9.665268,-8.835628,-0.767195,3.101027,0,5.11215,-3.02547,0.649007,5.464353,-3.025468,0.649006,25.29,-3.025469,0.649007,25.29,-3.025469,0.649007,-0.095875,-3.616722,0,-0.61346,-7.715724,6.869485,-0.317372,-7.71572,6.869484,17.58101,-7.715726,6.869486,17.58101,-7.715726,6.869486,0.825436,-10.78062,0,5.789082,-16.98287,7.073705,5.795491,-16.98287,7.073704,5.590782,-16.98287,7.073704,5.590782,-16.98287,7.073704,0,0,0,0,0,0,-11.2442,-5.780764,3.855273,-10.94462,-3.462687,5.094409,-18.69629,-5.722559,5.514398,0,0,0,0,0,0,-2.218768,10.19029,6.637931,-3.445812,15.94405,10.3915,-3.315099,19.98641,16.02235,0,0,0,0,0,0,-5.752757,21.54031,2.509475,-9.070931,34.11439,4.060685,-11.59973,48.16591,11.65205,0,0,0,0.000006,0,0,-0.568148,13.80845,0.355482,-0.940125,22.58172,0.629425,-1.586292,31.52602,3.906369,0,0,0,0.000022,0,0,-3.342435,-6.820245,-1.785725,-5.096309,-10.36525,-2.719313,-7.840588,-8.256956,-3.167331,0,0,0,0,0,0,-148.9766,89.08753,84.64379,80.41262,248.6313,114.592,186.207,360.4459,121.2331,0,0,0,0,0,0,-68.69405,606.2087,388.9257,-105.8239,950.0209,609.8591,-85.91518,1170.045,915.0301,0,0,0,0,0,0,116.0826,-225.7414,-161.5119,185.0592,-354.9961,-257.138,322.0054,-517.3566,-539.6282,0,0,0,0.000671,0.000016,0,-26.81404,-74.15064,-54.85117,-42.40705,-124.3836,-90.70156,-20.421,-191.2842,-167.6971,0,0,0,0.002682,0.000084,0.002682,-162.1757,-339.5871,-89.64745,-247.3399,-515.5611,-136.4654,-351.6053,-583.7003,-181.2744,5.514918,10.67154,12.26646,12.90798,22.04854,32.56754,14.86131,3.093198,9.729711,31.16615,0.044235,22.28295,-3.025757,5.152938,0.352215,19.82563,-7.770844,0.313412,0.296075,17.89835,-17.13647,8.127385,0,-0.20463,47.49092,-132.9323,-160.3064,161.6462,-72.30371,-140.8544,-1.457603,-26.70238,-66.07072,-255.1163,-3.192186,-142.9722,13.00861,-177.4049,-2.998491,-62.19921,-80.76971,122.9732,-1.18694,-180.3965,-1513.449,-2037.758,-5007.506,1574.974,-3425.736,-8341.114,-132.7266,-662.1321,20.98205,2916.712,0.820441,4365.43,-570.3757,986.4532,86.71957,1344.053,-4142.772,6131.55,-71.21642,-3667.985
151,2516.667,00:00:02:517,0,0,0,2.512528,-0.978382,1.854603,4.643271,-2.900662,6.366816,5.458458,-4.699968,9.636366,5.882322,-6.344794,12.36525,2.145132,0.012838,2.288352,3.605461,0.004286,9.291883,3.917812,-2.237176,13.70474,4.091206,-3.499672,16.17333,4.062649,-5.284634,17.83462,0.59655,0.110736,2.296674,1.028007,0.217537,10.26065,0.689423,0.17502,15.12441,0.494287,0.137739,17.93061,0.355605,-0.592712,20.09326,-0.74827,0.001735,2.303988,-1.215744,0.014135,9.699835,-1.845158,0.166227,14.15561,-2.236919,0.249919,16.94028,-2.449702,-0.347613,19.11497,-1.943712,-0.121182,2.310502,-3.211244,-0.218814,8.967371,-4.225004,-0.779593,12.14246,-4.755995,-1.0728,13.80533,-5.346399,-1.290461,15.61464,0,0,0,-9.956981,31.05091,-60.85171,2.467168,31.05091,-60.85172,7.705141,31.05092,-60.85172,7.705141,31.05092,-60.85172,0.068498,11.77817,0,25.90946,8.412261,-8.826818,26.07103,8.412263,-8.826818,46.47635,8.412264,-8.826817,46.47635,8.412264,-8.826817,-0.767195,3.101027,0,0.433213,-3.989895,0.955515,0.692925,-3.989896,0.955515,18.56339,-3.989896,0.955515,18.56339,-3.989896,0.955515,-0.095875,-3.616721,0,-3.032637,-7.69593,7.999931,-2.799376,-7.695931,7.999929,14.36727,-7.695926,7.999928,14.36727,-7.695926,7.999928,0.825435,-10.78062,0,7.325414,-18.71108,7.112273,7.30969,-18.71108,7.112271,4.277668,-18.71108,7.112274,4.277668,-18.71108,7.112274,0,0,0,0,0,0,-11.90742,-6.91906,3.042608,-12.96929,-5.603112,4.041284,-20.4039,-7.489688,4.238739,0,0,0,0,0,0,-1.160547,19.16145,10.72812,-1.874573,29.60209,16.60421,-0.633113,39.25026,28.13351,0,0,0,0,0,0,-5.232291,23.68867,0.852227,-8.254716,37.62485,1.432299,-10.69203,52.48551,7.302045,0,0,0,0,0,0,-1.410853,10.59178,-0.347078,-2.304923,17.39565,-0.536174,-2.711478,24.38422,1.548529,0,0,0,0,0.000003,0,-4.862867,-6.090536,-2.453104,-7.416128,-9.239958,-3.733098,-11.06188,-7.072862,-4.576027,0,0,0,0,0,0,-39.79325,-68.29778,-48.75986,-121.48,-128.4255,-63.18747,-102.4564,-106.0277,-76.53951,0,0,0,0,0,0,63.49324,538.2697,245.4113,94.27429,819.4819,372.7626,160.9191,1155.831,726.6695,0,0,0,0,0,0,31.22795,128.9017,-99.43484,48.97293,210.6276,-157.7031,54.46158,259.1758,-261.0004,0,0,0,-0.000335,-0.000005,0,-50.56232,-193.0003,-42.15359,-81.88783,-311.164,-69.93591,-67.51119,-428.5078,-141.4704,0,0,0,-0.001341,0.000168,0,-91.22592,43.78252,-40.04269,-139.1892,67.51723,-60.82713,-193.2773,71.04563,-84.52174,5.860813,11.10645,12.28607,12.73534,23.07483,30.27747,12.42416,5.237982,8.468631,26.92776,0.160713,20.40531,-3.990469,0.501241,0.259443,17.87045,-7.770567,-1.954947,0.233231,17.16665,-18.89271,10.01618,-0.027976,-3.031961,61.57756,-137.4046,-146.2285,128.6871,-75.66478,-254.3037,6.988673,-112.6583,-57.88274,-279.1018,-5.566315,-117.3107,0.016651,-136.1015,-3.770687,-43.90251,-105.3746,113.3277,-1.678587,-169.6398,845.1988,-268.3411,844.6737,-1977.546,-201.6641,-6806.957,506.7766,-5157.353,491.2791,-1439.133,-142.4477,1539.686,-779.5176,2478.206,-46.33173,1097.802,-1476.291,-578.7272,-29.49881,645.3991
152,2533.333,00:00:02:533,0,0,0,2.512528,-0.978382,1.854603,4.381786,-3.032578,6.424226,5.213576,-4.786947,9.713953,5.47175,-6.47141,12.43936,2.145132,0.012838,2.288352,3.605461,0.004286,9.291883,3.900529,-1.751222,13.92073,4.063718,-2.745236,16.50978,4.05991,-4.279302,18.4054,0.59655,0.110736,2.296674,1.028007,0.217537,10.26065,0.549496,0.593684,15.09823,0.273807,0.796494,17.89056,0.078228,0.295481,20.11329,-0.74827,0.001735,2.303988,-1.215744,0.014135,9.699835,-1.939071,0.278297,14.13608,-2.389406,0.432962,16.90883,-2.63377,-0.103182,19.09616,-1.943712,-0.121182,2.310502,-3.211244,-0.218814,8.967371,-4.273608,-0.947434,12.09209,-4.830369,-1.326923,13.72887,-5.459399,-1.585293,15.51972,0,0,0,-7.271035,30.51811,-61.80253,1.438297,30.51812,-61.80256,10.18524,30.51812,-61.80255,10.18524,30.51812,-61.80255,0.068498,11.77817,0,19.9329,6.861958,-8.693937,20.17034,6.861951,-8.693938,38.46849,6.861961,-8.693932,38.46849,6.861961,-8.693932,-0.767195,3.101027,0,-4.624865,-5.486487,2.063869,-4.334195,-5.486485,2.063869,12.46593,-5.486485,2.06387,12.46593,-5.486485,2.06387,-0.095875,-3.616721,0,-4.849836,-8.580613,9.563904,-4.634954,-8.580608,9.563906,12.44274,-8.580615,9.563911,12.44274,-8.580615,9.563911,0.825435,-10.78062,0,10.04256,-20.13238,7.217444,9.972649,-20.13238,7.217446,5.310469,-20.13238,7.217446,5.310469,-20.13238,7.217446,0,0,0,0,0,0,-15.68911,-7.914941,3.444582,-14.69292,-5.218751,4.655197,-24.63432,-7.596999,4.4467,0,0,0,0,0,0,-1.036942,29.15724,12.959,-1.64929,45.26614,20.18666,-0.16433,60.31995,34.24725,0,0,0,0,0,0,-8.395643,25.11985,-1.57088,-13.22877,39.52529,-2.403438,-16.64263,53.29161,1.202166,0,0,0,0,0,0,-5.634739,6.724201,-1.171946,-9.149216,10.98254,-1.887202,-11.04405,14.66591,-1.128405,0,0,0,0,0,0,-2.916254,-10.0705,-3.022179,-4.462435,-15.24739,-4.587382,-6.780021,-17.68995,-5.695223,0,0,0,0,0,0,-226.9014,-59.75286,24.11843,-103.4178,23.06163,36.83477,-253.8255,-6.438643,12.47764,0,0,0,0,0,0,7.416307,599.7473,133.853,13.51698,939.8433,214.9469,28.12698,1264.181,366.8241,0,0,0,0,0,0,-189.8011,85.87092,-145.3864,-298.443,114.0264,-230.1442,-357.0355,48.36595,-365.9927,0,0,0,0,0,0,-253.4332,-232.0548,-49.49211,-410.6576,-384.7868,-81.06171,-499.9543,-583.0989,-160.616,0,0,0,0,-0.000168,0,116.7968,-238.7977,-34.14452,177.2216,-360.4456,-51.25702,256.9113,-637.0251,-67.15178,6.510937,11.56591,12.27057,12.36337,24.20549,27.24761,8.70933,8.746914,6.909413,20.76944,0.237388,18.29815,-5.489337,-4.446159,0.29074,16.80014,-8.700055,-3.40772,0.214891,17.0777,-20.34939,13.12567,-0.068528,-4.662117,67.83966,-181.7913,-222.89,210.5359,-93.55307,-369.499,4.600543,-126.4296,-89.93208,-296.844,1.877818,-64.21864,-55.76929,-87.16637,-1.10035,-5.336952,-87.40092,186.5692,-2.433095,-97.80931,375.7258,-2663.202,-4599.687,4910.929,-1073.297,-6911.717,-143.2878,-826.2817,-1922.96,-1064.531,446.6479,3185.526,-3347.156,2936.106,160.2202,2313.933,1078.418,4394.49,-45.27047,4309.832
153,2550,00:00:02:550,0,0,0,2.512528,-0.978382,1.854603,4.14135,-3.127572,6.472311,4.970003,-4.841637,9.784003,5.072967,-6.545629,12.50755,2.145132,0.012838,2.288352,3.605461,0.004286,9.291883,3.909895,-1.186715,14.09645,4.07854,-1.865444,16.78509,4.112854,-3.094714,18.89091,0.59655,0.110736,2.296674,1.028007,0.217537,10.26065,0.402098,0.987825,15.03427,0.041529,1.419235,17.79074,-0.212345,1.129774,20.04498,-0.74827,0.001735,2.303988,-1.215744,0.014135,9.699835,-2.075758,0.37874,14.10446,-2.61135,0.597126,16.85769,-2.903911,0.125672,19.05399,-1.943712,-0.121182,2.310502,-3.211245,-0.218814,8.967371,-4.257779,-1.205191,12.02599,-4.806513,-1.718959,13.62849,-5.434496,-2.118132,15.39367,0,0,0,-5.119438,29.88907,-63.03423,0.580432,29.88908,-63.03423,12.23013,29.88906,-63.03422,12.23013,29.88906,-63.03422,0.068498,11.77817,0,13.2564,5.549117,-7.977748,13.50463,5.549119,-7.977748,29.81871,5.54912,-7.977748,29.81871,5.54912,-7.977748,-0.767195,3.101027,0,-9.546142,-6.875089,3.652506,-9.276798,-6.875089,3.652505,6.848575,-6.875089,3.652505,6.848575,-6.875089,3.652505,-0.095875,-3.616721,0,-6.792565,-9.883686,11.78314,-6.595894,-9.883692,11.78314,10.21608,-9.883682,11.78314,10.21608,-9.883682,11.78314,0.825435,-10.78063,0,14.22277,-21.00071,8.035369,14.12705,-21.00071,8.035372,9.236382,-21.00072,8.03537,9.236382,-21.00072,8.03537,0,0,0,0,0,0,-14.42615,-5.699605,2.885073,-14.61442,-3.28137,4.203021,-23.927,-4.453093,4.091575,0,0,0,0,0,0,0.561945,33.87043,10.54358,0.889331,52.78755,16.51883,3.176607,71.07523,29.13049,0,0,0,0,0,0,-8.843883,23.64846,-3.837168,-13.93668,37.3645,-5.988836,-17.43433,50.05754,-4.098773,0,0,0,0,0,0,-8.201267,6.026588,-1.897394,-13.31663,9.849875,-3.068179,-16.2085,13.73122,-2.530217,0,0,0,-0.000045,-0.000003,0,0.949748,-15.46539,-3.965512,1.431405,-23.52219,-6.0229,1.494192,-31.97032,-7.562756,0,0,0,0,0,0,75.77776,132.9202,-33.57054,4.709959,116.2429,-27.13054,42.43925,188.6344,-21.30747,0,0,0,0,0,0,95.93321,282.791,-144.9252,152.3173,451.2843,-220.0699,200.4562,645.3173,-307.0056,0,0,0,0,0,0,-26.89433,-88.28339,-135.9772,-42.4751,-129.6471,-215.1239,-47.50228,-194.0442,-318.0563,0,0,0,0,0,0,-153.9916,-41.85678,-43.52688,-250.0449,-67.95962,-70.85859,-309.8668,-56.0815,-84.1087,0,0,0,-0.002682,-0.000168,0,231.9601,-323.6934,-56.59996,353.6304,-496.4883,-86.13109,496.4527,-856.8221,-112.0519,7.319692,11.98579,12.28791,11.76177,24.95837,24.42949,5.699836,11.64968,5.58774,13.92235,0.247872,16.31407,-6.88527,-9.166432,0.269795,16.12537,-10.09409,-4.732055,0.195835,16.81196,-21.28907,17.874,-0.094873,-4.890645,45.1728,-169.0872,-180.5696,174.1662,-79.30037,-410.8255,0.629036,-119.045,-83.75596,-283.2164,-1.256685,-40.48656,-83.642,-79.46013,-1.143365,-15.94391,-56.38103,284.9,-1.580685,-13.71171,-1360.011,762.2451,2539.223,-2182.181,855.162,-2479.59,-238.2904,443.0786,370.567,817.6574,-188.0701,1423.924,-1672.363,462.3747,-2.580871,-636.4173,1861.193,5899.847,51.14462,5045.856
154,2566.667,00:00:02:567,0,0,0,2.512528,-0.978382,1.854603,3.953318,-3.180467,6.509734,4.734083,-4.880882,9.840048,4.707639,-6.599452,12.55625,2.145132,0.012838,2.288352,3.605461,0.004286,9.291883,4.00148,-0.6046,14.19775,4.222161,-0.955717,16.94473,4.339575,-1.859914,19.20645,0.59655,0.110736,2.296674,1.028007,0.217537,10.26065,0.232961,1.334339,14.93967,-0.225116,1.966088,17.64251,-0.549722,1.833558,19.90235,-0.74827,0.001735,2.303988,-1.215744,0.014135,9.699835,-2.221243,0.43922,14.06807,-2.847611,0.696531,16.7987,-3.189262,0.2749,18.99804,-1.943712,-0.121182,2.310502,-3.211245,-0.218814,8.967371,-4.19288,-1.431086,11.96573,-4.707691,-2.063239,13.53685,-5.297263,-2.617695,15.27309,0,0,0,-3.254496,29.31537,-63.42841,0.934862,29.31537,-63.42841,14.27163,29.31537,-63.4284,14.27163,29.31537,-63.4284,0.068498,11.77817,0,6.535001,5.323857,-5.966393,6.744685,5.323857,-5.966392,21.33204,5.323854,-5.966394,21.33204,5.323854,-5.966394,-0.767195,3.101027,0,-14.03529,-8.432452,5.050358,-13.77007,-8.43245,5.050359,2.592488,-8.432449,5.050356,2.592488,-8.432449,5.050356,-0.095875,-3.616721,0,-8.474868,-11.22396,14.51776,-8.299802,-11.22396,14.51777,8.185318,-11.22396,14.51776,8.185318,-11.22396,14.51776,0.825436,-10.78062,0,18.29169,-20.8783,8.154342,18.19636,-20.87831,8.154338,14.05538,-20.8783,8.154343,14.05538,-20.8783,8.154343,0,0,0,0,0,0,-11.28195,-3.173724,2.245411,-14.15522,-2.354733,3.362641,-21.9197,-3.22938,2.921551,0,0,0,0,0,0,5.495064,34.92688,6.077528,8.617267,54.58362,9.578168,13.60327,74.08804,18.93255,0,0,0,0,0,0,-10.14822,20.79082,-5.67609,-15.99867,32.81118,-8.894204,-20.24261,42.22708,-8.557856,0,0,0,0.000006,0,0,-8.72907,3.628814,-2.182871,-14.17563,5.964277,-3.539532,-17.12104,8.953674,-3.357053,0,0,0,0.000022,0,0,3.893941,-13.55375,-3.616064,5.929313,-20.65676,-5.498618,8.234001,-29.97377,-7.234811,0,0,0,0,0,0,188.6518,151.5528,-38.37973,27.55156,55.59818,-50.42282,120.4379,73.42277,-70.20145,0,0,0,0,0,0,295.9871,63.38703,-267.9633,463.6761,107.7644,-416.4397,625.5997,180.7684,-611.8761,0,0,0,0,0,0,-78.26051,-171.4581,-110.3354,-123.7192,-273.1996,-174.3221,-168.4966,-469.8275,-267.5449,0,0,0,0.000335,0.000021,0,-31.66817,-143.8665,-17.12859,-51.53999,-233.1359,-28.28122,-54.75265,-286.6525,-49.61015,0,0,0,0.004023,0.000168,0,176.6516,114.6983,20.96683,269.8745,171.9256,31.45694,404.3885,119.7928,19.67668,8.174592,12.35802,12.29286,11.10557,25.31623,22.19759,4.189327,13.33674,5.351084,7.075014,0.209357,14.58735,-8.453358,-13.42435,0.265408,16.36255,-11.59201,-5.55813,0.174713,16.48511,-21.1788,22.01408,-0.094873,-4.140944,21.4714,-133.9138,-90.63054,101.2233,-14.19937,-410.8398,-2.310928,-103.6031,-94.08528,-255.4752,-0.263234,14.23073,-89.87514,-49.56447,-1.267338,-19.61151,6.61663,248.4045,0,44.98206,-1422.084,2110.405,5396.343,-4376.575,3906.06,-0.858765,-176.3978,926.5114,-619.7593,1664.47,59.60704,3283.037,-373.9883,1793.739,-7.438409,-220.0561,3779.859,-2189.73,94.84107,3521.626
155,2583.333,00:00:02:583,0,0,0,2.512528,-0.978382,1.854603,3.784058,-3.206797,6.546371,4.580604,-4.855563,9.898845,4.499586,-6.561691,12.6218,2.145132,0.012838,2.288352,3.605461,0.004286,9.291883,4.004264,-0.095139,14.23416,4.226998,-0.158922,17.00259,4.369005,-0.793309,19.35295,0.59655,0.110736,2.296674,1.028007,0.217537,10.26065,0.100263,1.646174,14.82911,-0.434324,2.459821,17.46852,-0.808151,2.463679,19.72464,-0.74827,0.001735,2.303988,-1.215744,0.014135,9.699835,-2.292073,0.450936,14.05,-2.962428,0.715426,16.76947,-3.313867,0.279417,18.96446,-1.943712,-0.121182,2.310502,-3.211244,-0.218814,8.967371,-4.09812,-1.573168,11.93428,-4.563053,-2.280855,13.48865,-5.087002,-2.974064,15.19584,0,0,0,-1.418422,28.63962,-63.24832,0.462921,28.63963,-63.24833,15.15481,28.63963,-63.24833,15.15481,28.63963,-63.24833,0.068498,11.77817,0,0.772231,4.690888,-4.639766,0.939608,4.690892,-4.639767,14.74874,4.69089,-4.639767,14.74874,4.69089,-4.639767,-0.767195,3.101027,0,-18.27776,-9.330715,6.853655,-18.04907,-9.33071,6.853652,-1.213745,-9.330715,6.853655,-1.213745,-9.330715,6.853655,-0.095875,-3.616721,0,-9.213872,-11.82491,16.27611,-9.03434,-11.82491,16.27612,8.121843,-11.82491,16.27611,8.121843,-11.82491,16.27611,0.825435,-10.78062,0,20.77874,-20.13387,8.995111,20.72162,-20.13388,8.99511,18.34023,-20.13387,8.995111,18.34023,-20.13387,8.995111,0,0,0,0,0,0,-10.15556,-1.579776,2.198204,-9.208738,1.519136,3.52782,-12.48316,2.265617,3.933101,0,0,0,0,0,0,0.167057,30.56765,2.185017,0.290193,47.80764,3.47212,1.76581,63.99626,8.789509,0,0,0,0,0,0,-7.961885,18.71011,-6.633461,-12.55253,29.62392,-10.43916,-15.50578,37.80725,-10.66285,0,0,0,-0.000006,0,0,-4.249804,0.702979,-1.084238,-6.889053,1.133733,-1.753539,-7.476299,0.271,-2.014428,0,0,0,0.000022,0.000001,0.000045,5.685612,-8.52487,-1.887023,8.678265,-13.05695,-2.891689,12.61561,-21.38217,-4.635036,0,0,0,0,0,0,67.58362,95.63684,-2.832412,296.7892,232.4321,9.910762,566.1927,329.6998,60.69301,0,0,0,0,0,0,-319.6804,-261.5536,-233.5506,-499.6244,-406.5588,-366.3629,-710.2476,-605.5068,-608.5824,0,0,0,0,0,0,131.1803,-124.8428,-57.44221,206.7684,-191.2352,-92.69714,284.2094,-265.1895,-126.2998,0,0,0,-0.000671,-0.000037,0,268.756,-175.55,65.91795,437.1947,-289.8326,107.1596,578.6846,-520.9604,80.55747,0,0,0,0,0.000084,0.002682,107.5003,301.7327,103.7425,164.937,455.9888,156.4157,262.8968,515.4963,155.9865,8.865644,12.65226,12.16882,10.55459,25.40596,20.16366,1.88128,14.69188,4.706235,1.1525,0.167859,13.80911,-9.372637,-17.36535,0.228141,16.83532,-12.31923,-5.73388,0.179137,17.15617,-20.45781,24.53607,-0.055953,-2.381377,5.383758,-122.036,-138.4828,81.30861,-38.6909,-355.3508,-2.489877,-46.69441,-55.15674,-236.46,-2.236017,28.36635,-43.63351,-10.54501,0.265429,40.26374,43.25935,151.3194,2.335192,105.574,-965.2587,712.6693,-2871.137,-1194.88,-1469.492,3329.341,-10.73693,3414.523,2335.712,1140.913,-118.367,848.1376,2774.497,2341.167,91.96602,3592.515,2198.563,-5825.108,140.1115,3635.517
156,2600,00:00:02:600,0,0,0,2.512528,-0.978382,1.854603,3.613357,-3.236387,6.57529,4.401468,-4.848536,9.947508,4.211455,-6.553973,12.66547,2.145132,0.012838,2.288352,3.605461,0.004286,9.291883,3.914525,0.327717,14.23101,4.087242,0.499851,16.99839,4.210144,0.104364,19.40157,0.59655,0.110736,2.296674,1.028007,0.217537,10.26065,-0.072371,1.817384,14.73304,-0.706339,2.727846,17.31826,-1.150274,2.794107,19.56067,-0.74827,0.001735,2.303988,-1.215744,0.014135,9.699835,-2.357293,0.351197,14.04224,-3.067575,0.551387,16.75707,-3.422268,0.044709,18.9363,-1.943712,-0.121182,2.310502,-3.211244,-0.218814,8.967371,-4.004789,-1.699404,11.9002,-4.420318,-2.474975,13.43607,-4.880574,-3.280616,15.11198,0,0,0,0.09883,28.01894,-63.79933,0.069812,28.01894,-63.79934,16.6962,28.01895,-63.79936,16.6962,28.01895,-63.79936,0.068498,11.77817,0,-3.912305,3.390644,-2.845198,-3.725157,3.390646,-2.845198,9.176491,3.390647,-2.845199,9.176491,3.390647,-2.845199,-0.767195,3.101027,0,-20.93864,-10.84649,8.332529,-20.6634,-10.84649,8.332529,-3.256169,-10.8465,8.33253,-3.256169,-10.8465,8.33253,-0.095875,-3.616722,0,-8.576699,-12.75241,17.89277,-8.353703,-12.75241,17.89277,9.482409,-12.75241,17.89277,9.482409,-12.75241,17.89277,0.825435,-10.78062,0,23.14445,-19.31884,9.548067,23.15092,-19.31884,9.548064,22.01721,-19.31884,9.548065,22.01721,-19.31884,9.548065,0,0,0,0,0,0,-10.2421,-1.775421,1.735166,-10.74815,0.421621,2.919808,-17.28784,0.463083,2.620071,0,0,0,0,0,0,-5.384311,25.37137,-0.189364,-8.385345,39.52637,-0.252306,-9.531653,53.86039,2.91726,0,0,0,0,0,0,-10.35804,10.27261,-5.764603,-16.32085,16.08153,-9.01544,-20.52738,19.82568,-9.838342,0,0,0,0,0,0,-3.913186,-5.98437,-0.465631,-6.308824,-9.842394,-0.744313,-6.504044,-14.08245,-1.689702,0,0,0,0,0,-0.000045,5.599804,-7.574211,-2.044514,8.564092,-11.64725,-3.154993,12.38573,-18.39309,-5.031824,0,0,0,0,0,0,-5.192756,-11.73869,-27.78231,-92.36454,-65.8509,-36.48073,-288.2811,-108.152,-78.78182,0,0,0,0,0,0,-333.082,-311.7766,-142.4628,-520.5322,-496.8762,-223.4656,-677.8478,-608.1526,-352.3349,0,0,0,0,0,0,-143.7693,-506.2498,52.13143,-226.0991,-812.5435,85.42299,-301.2957,-1078.894,49.47066,0,0,0,0.000335,-0.00001,0,20.19703,-401.2409,37.1164,34.81373,-658.5676,60.55354,58.33532,-861.2071,19.48355,0,0,0,-0.001341,-0.000084,-0.005364,-5.1485,57.03954,-9.449422,-6.850362,84.58216,-15.79822,-13.7933,179.3446,-23.80729,9.471458,12.79369,11.88023,9.968214,25.56277,18.12636,-0.027976,16.62637,3.394711,-3.746588,0.186626,12.90162,-10.91344,-19.68298,0.274825,17.40723,-13.39633,-4.438444,0.222936,17.8361,-19.6412,26.78617,0,-1.133669,9.408874,-122.2379,-114.5554,116.0695,-78.69149,-293.9453,1.126051,-54.44927,-92.44794,-139.0576,2.801046,34.31465,-64.62587,77.72618,2.627941,40.79578,48.99616,135.006,3.357174,74.86246,241.5069,-12.11243,1435.646,2085.651,-2400.035,3684.333,216.9557,-465.2916,-2237.472,5844.142,302.2238,356.8978,-1259.541,5296.271,141.7507,31.92215,344.2085,-978.8058,61.31891,-1842.693
157,2616.667,00:00:02:617,0,0,0,2.512528,-0.978382,1.854603,3.507922,-3.227864,6.602689,4.217253,-4.835589,9.994453,3.937108,-6.528392,12.71251,2.145132,0.012838,2.288352,3.605461,0.004286,9.291883,3.747319,0.690005,14.20154,3.826689,1.064039,16.95321,3.890286,0.897955,19.38531,0.59655,0.110736,2.296674,1.028007,0.217537,10.26065,-0.169039,1.923588,14.66849,-0.85853,2.895389,17.21692,-1.330034,2.998175,19.4523,-0.74827,0.001735,2.303988,-1.215744,0.014135,9.699835,-2.417798,0.162842,14.03645,-3.164475,0.241826,16.74774,-3.522688,-0.370288,18.89915,-1.943712,-0.121182,2.310502,-3.211244,-0.218814,8.967371,-3.885481,-1.906727,11.81688,-4.238609,-2.790624,13.30922,-4.614007,-3.765443,14.91496,0,0,0,0.741652,27.37837,-64.51822,0.770268,27.37838,-64.51823,17.77327,27.37837,-64.51823,17.77327,27.37837,-64.51823,0.068498,11.77817,0,-7.968791,1.549346,-0.756224,-7.758721,1.549346,-0.756223,3.885117,1.549343,-0.756224,3.885117,1.549343,-0.756224,-0.767195,3.101027,0,-22.79804,-11.28904,10.08223,-22.52033,-11.28904,10.08224,-4.608434,-11.28904,10.08224,-4.608434,-11.28904,10.08224,-0.095875,-3.616722,0,-6.820652,-14.06899,19.14643,-6.521194,-14.069,19.14644,11.73594,-14.06899,19.14644,11.73594,-14.06899,19.14644,0.825436,-10.78062,0,26.92519,-18.98697,10.86972,26.92239,-18.98698,10.86972,27.56767,-18.98697,10.86972,27.56767,-18.98697,10.86972,0,0,0,0,0,0,-6.326079,0.511363,1.643926,-11.05289,0.776835,2.816722,-16.46083,1.534849,2.822846,0,0,0,0,0,0,-10.03236,21.73727,-1.768023,-15.63319,33.8513,-2.710998,-19.19149,47.61544,-0.975072,0,0,0,0,0,0,-5.800067,6.372191,-3.872752,-9.131466,10.05259,-6.080925,-10.78559,12.24407,-6.502032,0,0,0,0,0.000001,0,-3.63028,-11.30127,-0.347793,-5.814012,-18.57364,-0.559956,-6.025225,-24.89981,-2.229184,0,0,0,0,-0.000003,0,7.158525,-12.43936,-4.999235,10.90253,-18.93891,-7.610678,15.99403,-29.08961,-11.82139,0,0,0,0,0,0,234.9615,137.2071,-5.474388,-18.28462,21.31283,-6.185174,49.62086,64.30595,12.1665,0,0,0,0,0,0,-278.8827,-218.0462,-94.71952,-434.8705,-340.5045,-147.5215,-579.5904,-374.6964,-233.5399,0,0,0,0,0,0,273.4783,-234.0254,113.5111,431.363,-361.7361,176.0709,584.5076,-454.8965,200.1786,0,0,0,0,0.000058,0,16.97436,-319.0142,7.070302,29.68872,-523.8751,11.06143,28.72916,-649.0414,-32.36889,0,0,0,0,-0.000168,0.002682,93.52323,-291.9088,-177.2833,140.3063,-437.4998,-267.3411,216.4985,-641.7909,-407.3739,9.983943,12.80324,11.48239,9.252363,25.35001,16.84007,0.019782,17.00299,1.549397,-7.950928,0.210289,11.64385,-11.40063,-21.1589,0.277659,17.91189,-14.86766,-1.963936,0.298707,18.25712,-19.33341,30.64047,0,0.645284,-12.76554,-77.17723,2.865528,22.5967,-110.7188,-252.2603,1.419779,-75.46651,-29.23141,-88.55506,0.17,30.27992,-88.27949,148.4705,4.546281,25.26157,18.46744,231.2582,0,106.7372,-1330.465,2703.639,7045.254,-5608.366,-1921.638,2501.096,17.62366,-1261.035,3792.992,3030.153,-157.8627,-242.0838,-1419.217,4244.657,115.1004,-932.0524,-1831.723,5775.134,-201.4305,1912.483
158,2633.333,00:00:02:633,0,0,0,2.512528,-0.978382,1.854603,3.418864,-3.261269,6.60458,4.058744,-4.895468,9.997506,3.717779,-6.597426,12.70287,2.145132,0.012838,2.288352,3.605461,0.004286,9.291883,3.516841,0.890499,14.1706,3.46734,1.379858,16.90481,3.433337,1.369129,19.34315,0.59655,0.110736,2.296674,1.028007,0.217537,10.26065,-0.287156,1.949274,14.6246,-1.044727,2.937189,17.14737,-1.560373,3.068922,19.37146,-0.74827,0.001735,2.303988,-1.215744,0.014135,9.699835,-2.38191,-0.21399,14.04279,-3.104671,-0.37266,16.75707,-3.399669,-1.189599,18.84924,-1.943712,-0.121182,2.310502,-3.211245,-0.218814,8.967371,-3.691431,-2.353112,11.54371,-3.941786,-3.472949,12.89143,-4.170754,-4.760522,14.29119,0,0,0,1.587374,27.30099,-64.88873,1.711876,27.30099,-64.88875,18.70857,27.30099,-64.88874,18.70857,27.30099,-64.88874,0.068498,11.77817,0,-10.31473,-0.804447,1.299308,-10.16637,-0.804444,1.299308,0.233899,-0.80445,1.299308,0.233899,-0.80445,1.299308,-0.767195,3.101027,0,-23.72102,-12.14118,11.63673,-23.46989,-12.14118,11.63673,-5.848612,-12.14118,11.63673,-5.848612,-12.14118,11.63673,-0.095875,-3.616722,0,-2.523701,-15.09746,20.67304,-2.17368,-15.09746,20.67304,16.94399,-15.09747,20.67304,16.94399,-15.09747,20.67304,0.825435,-10.78062,0,35.33294,-20.87288,14.00457,35.42426,-20.87288,14.00457,38.55331,-20.87288,14.00457,38.55331,-20.87288,14.00457,0,0,0,0,0,0,-5.343474,-2.004281,0.113457,-9.510531,-3.592752,0.18315,-13.15972,-4.142045,-0.578642,0,0,0,0,0,0,-13.82871,12.02968,-1.856625,-21.56091,18.94914,-2.903491,-27.41689,28.27045,-2.52968,0,0,0,0,0,0,-7.087019,1.541197,-2.63375,-11.17186,2.507988,-4.17298,-13.82035,4.244808,-4.850506,0,0,0,0,-0.000001,0,2.153266,-22.60994,0.380516,3.58827,-36.86914,0.559866,7.381125,-49.15869,-2.994776,0,0,0,-0.000022,0.000003,0,11.64298,-26.78311,-16.38999,17.80937,-40.93947,-25.06739,26.59511,-59.70474,-37.42629,0,0,0,0,0,0,58.95631,-150.9386,-91.8281,92.54157,-262.1751,-158.0143,198.0663,-340.6137,-204.0893,0,0,0,0,0,0,-227.7813,-582.4555,-5.316127,-355.6636,-894.1293,-11.54959,-493.5237,-1160.7,-93.27649,0,0,0,0,0,0,-77.21711,-289.8596,74.34009,-122.4235,-452.6763,114.4767,-182.0858,-479.9558,99.09155,0,0,0,0,-0.000063,0,347.0127,-678.5197,43.69854,564.1369,-1097.73,67.18932,804.3809,-1455.533,-45.93551,0,0,0,-0.001341,0.000335,0,269.0671,-860.625,-683.4455,414.4106,-1320.034,-1047.403,636.0644,-1836.908,-1536.294,10.37498,12.87506,10.84807,8.253843,25.6694,15.80267,0.125115,16.99668,-0.804543,-10.29547,0.148038,10.40026,-12.30855,-21.64459,0.25101,17.62126,-16.05623,3.006871,0.349426,19.11766,-21.28031,39.63906,0.088469,3.129002,19.16336,-62.2443,6.319932,-0.378456,-141.2364,-140.6724,-3.735106,-74.61496,-54.47553,-29.14146,-1.598922,-17.43782,-71.31448,298.2484,3.043152,51.63231,-116.814,539.9156,5.308159,149.0231,1915.734,895.976,207.2643,-1378.509,-1831.056,6695.275,-309.2931,51.09329,-1514.647,3564.816,-106.1353,-2863.064,1017.9,8986.672,-90.18777,1582.244,-8116.884,18519.45,318.4895,2537.155
159,2650,00:00:02:650,0,0,0,2.512528,-0.978382,1.854603,3.384777,-3.246344,6.618092,4.001279,-4.869364,10.0207,3.656555,-6.548738,12.73966,2.145132,0.012838,2.288352,3.605461,0.004286,9.291883,3.471955,1.104777,14.12574,3.397586,1.715003,16.83498,3.360733,1.833053,19.27044,0.59655,0.110736,2.296674,1.028007,0.217537,10.26065,-0.350341,1.941029,14.60833,-1.143927,2.923445,17.12216,-1.667926,3.049214,19.34464,-0.74827,0.001735,2.303988,-1.215696,0.013594,9.699839,-2.217097,-0.704093,14.03058,-2.833868,-1.172409,16.73524,-2.957106,-2.276317,18.70952,-1.943712,-0.121182,2.310502,-3.211093,-0.220237,8.967379,-3.321407,-2.872398,11.05956,-3.377131,-4.263572,12.15253,-3.328918,-5.87668,13.18459,0,0,0,1.594567,26.98312,-65.45258,1.702586,26.98312,-65.45261,18.3372,26.98312,-65.4526,18.3372,26.98312,-65.4526,0.068498,11.77817,0,-12.89925,-0.671845,3.986063,-12.7669,-0.671845,3.986062,-2.828237,-0.671844,3.986062,-2.828237,-0.671844,3.986062,-0.767195,3.101027,0,-24.17578,-12.19668,13.44791,-23.90627,-12.19668,13.44791,-6.129482,-12.19668,13.44791,-6.129482,-12.19668,13.44791,-0.092598,-3.616325,0.014443,3.369943,-15.52744,23.22304,3.814703,-15.52745,23.22305,25.23782,-15.52744,23.22305,25.23782,-15.52744,23.22305,0.832282,-10.77975,0.027713,47.16081,-24.44004,18.60773,47.29221,-24.44004,18.60773,53.71621,-24.44004,18.60774,53.71621,-24.44004,18.60774,0,0,0,0,0,0,-2.045229,0.8955,0.810742,-3.44789,1.566254,1.39153,-3.673464,2.921283,2.207726,0,0,0,0,0,0,-2.693139,12.85667,-2.691418,-4.185252,20.10873,-4.190325,-4.356287,27.83542,-4.362881,0,0,0,0,0,0,-3.791067,-0.494711,-0.975877,-5.951978,-0.824679,-1.512408,-6.453194,-1.182452,-1.608789,0,0,0,0.002889,-0.032499,0.000224,9.888801,-29.40621,-0.732243,16.24815,-47.98494,-1.309901,26.55381,-65.20305,-8.383154,0,0,0,0.009075,-0.085367,0.000492,22.20145,-31.15718,-29.0493,33.87931,-47.43744,-44.33396,50.5102,-66.96947,-66.39594,0,0,0,0,0,0,197.8947,173.9868,41.83709,363.7585,309.5403,72.50278,569.1754,423.7997,167.1821,0,0,0,0,0,0,668.1342,49.6197,-50.08757,1042.54,69.57552,-77.21005,1383.636,-26.10183,-109.992,0,0,0,0,0,0,197.7571,-122.1545,99.4724,313.1928,-199.96,159.6343,442.0294,-325.6356,194.503,0,0,0,0.173338,-1.949934,0.013411,464.1321,-407.7763,-66.76553,759.5928,-666.9477,-112.1861,1150.361,-962.6612,-323.3027,0,0,0,0.545829,-5.12218,0.029504,633.5082,-262.4439,-759.5585,964.1964,-389.8778,-1155.994,1434.905,-435.8843,-1738.178,10.62982,12.81002,9.880954,7.031817,25.45975,15.37655,0.108352,16.63461,-0.675217,-12.82554,0.131221,9.938658,-12.45243,-21.62419,0.269795,17.77678,-16.6271,9.409494,0.444554,21.42311,-24.64216,51.73158,0.131221,6.424006,-12.57889,-25.56684,-1.005731,-21.72432,7.759548,-151.8042,-1.008977,-27.69642,-8.632851,1.223945,1.127127,9.330825,-34.25217,384.1574,5.707654,138.327,-201.711,725.5506,2.565114,197.7003,-1904.535,2200.647,-439.5397,-1280.752,8939.756,-667.9037,163.5677,2815.112,2750.561,1821.924,163.5629,1606.119,2223.739,5154.543,159.8701,5201.683,-5093.824,11138.1,-164.5827,2920.63
160,2666.667,00:00:02:667,0,0,0,2.512528,-0.978382,1.854603,3.39217,-3.241202,6.619178,4.012598,-4.861034,10.02259,3.665046,-6.528136,12.74874,2.145132,0.012838,2.288352,3.605461,0.004286,9.291883,3.445708,1.141352,14.11647,3.357255,1.76842,16.82143,3.322355,1.913877,19.25544,0.59655,0.110736,2.296674,1.028007,0.217537,10.26065,-0.34739,1.658812,14.71078,-1.138321,2.475302,17.2841,-1.618634,2.390578,19.51837,-0.74827,0.001735,2.303988,-1.212732,-0.017151,9.70001,-1.926145,-1.411435,13.92142,-2.360854,-2.302397,16.5543,-2.203918,-3.790259,18.25525,-1.943712,-0.121182,2.310502,-3.201558,-0.300934,8.967497,-2.913544,-3.263702,10.56825,-2.75955,-4.817245,11.40242,-2.414448,-6.584813,12.05525,0,0,0,1.086612,26.98081,-66.36311,1.216174,26.98082,-66.36312,17.87853,26.98081,-66.36311,17.87853,26.98081,-66.36311,0.068498,11.77817,0,-13.37959,-0.453583,6.091226,-13.16887,-0.453579,6.091226,-3.487448,-0.453584,6.091228,-3.487448,-0.453584,6.091228,-0.767195,3.101027,0,-20.92151,-12.27615,14.57823,-20.58849,-12.27615,14.57823,-0.974649,-12.27616,14.57823,-0.974649,-12.27616,14.57823,0.093685,-3.595134,0.834794,12.15935,-16.4498,25.63538,12.63084,-16.4498,25.63538,38.47153,-16.4498,25.63537,38.47153,-16.4498,25.63537,1.221906,-10.73762,1.601826,57.56967,-27.97378,22.14786,57.74951,-27.97378,22.14786,67.30179,-27.97379,22.14786,67.30179,-27.97379,22.14786,0,0,0,0,0,0,0.443593,0.308521,0.065133,0.679113,0.499807,0.113502,0.509463,1.236141,0.544488,0,0,0,0,0,0,-1.574814,2.194477,-0.556201,-2.419844,3.204972,-0.812531,-2.302654,4.849467,-0.899881,0,0,0,0,0,0,0.177059,-16.93304,6.146639,0.336383,-26.88857,9.716748,2.957549,-39.51818,10.42378,0,0,0,0.177853,-1.844692,0.010327,17.45707,-42.44047,-6.550133,28.38087,-67.79929,-10.85624,45.1913,-90.83655,-27.25616,0,0,0,0.572093,-4.841833,0.007108,24.47176,-23.4782,-29.47868,37.05485,-33.22034,-45.00648,54.86823,-42.48798,-67.75997,0,0,0,0,0,0,149.3293,-35.21874,-44.73656,247.6202,-63.98677,-76.68166,250.9756,-101.1086,-99.79425,0,0,0,0,0,0,67.09947,-639.7316,128.113,105.9244,-1014.226,202.6677,123.218,-1379.157,207.78,0,0,0,0,0,0,238.0876,-986.2998,427.351,377.3016,-1563.834,673.7493,564.6445,-2300.144,721.954,0,0,0,10.49783,-108.7315,0.606179,454.0959,-782.0555,-349.0734,727.9628,-1188.86,-572.7803,1118.249,-1538.01,-1132.38,0,0,0,33.78107,-285.3879,0.396967,136.2187,460.7384,-25.76262,190.532,853.0255,-40.35115,261.4818,1468.89,-81.84241,10.66406,12.38098,8.500727,6.119181,25.40425,15.46023,0.129722,16.66237,-0.463516,-13.26154,0.210289,9.681396,-12.62498,-17.94573,0.332791,19.61383,-17.46115,18.27781,0.471469,25.84069,-27.57113,61.61814,0.179137,9.55226,-3.330116,5.020809,1.282149,1.665802,12.70202,-26.16039,4.744083,-15.43568,-10.35301,220.7074,3.779733,110.2234,-50.04329,532.0991,1.614899,265.0547,-175.7382,593.1939,2.874933,187.6952,554.9262,1835.259,137.2728,1403.407,296.5483,7538.625,345.1836,735.6444,-103.2096,13169.01,159.1564,6053.555,-947.4675,8876.499,-245.5653,7603.657,1558.369,-7941.401,18.58911,-600.3021
161,2683.333,00:00:02:683,0,0,0,2.512528,-0.978382,1.854603,3.376186,-3.250031,6.617901,3.984251,-4.876508,10.02037,3.692547,-6.525044,12.7643,2.145132,0.012838,2.288352,3.605461,0.004286,9.291883,3.42887,1.140408,14.1161,3.330824,1.770307,16.82008,3.29762,1.930617,19.25318,0.59655,0.110736,2.296674,1.028007,0.217537,10.26065,-0.322074,1.282718,14.82303,-1.097139,1.878147,17.46101,-1.529114,1.56513,19.6848,-0.74827,0.001735,2.303988,-1.209594,-0.045535,9.70008,-1.727612,-2.067829,13.68947,-2.040035,-3.34857,16.17482,-1.677276,-5.127491,17.5296,-1.943712,-0.121182,2.310502,-3.191076,-0.375315,8.967046,-2.717646,-3.408674,10.38053,-2.467686,-4.99831,11.11785,-2.002068,-6.789942,11.61063,0,0,0,1.129745,27.00934,-66.69726,1.274314,27.00933,-66.69727,16.63267,27.00935,-66.69729,16.63267,27.00935,-66.69729,0.068498,11.77817,0,-13.40267,-0.268474,7.708441,-13.26303,-0.268476,7.708444,-3.840023,-0.268474,7.708445,-3.840023,-0.268474,7.708445,-0.767195,3.101027,0,-16.46431,-12.64543,15.19838,-16.05013,-12.64543,15.19838,4.736143,-12.64543,15.19839,4.736143,-12.64543,15.19839,0.26616,-3.577915,1.593276,20.6047,-18.8133,26.2536,21.04841,-18.8133,26.2536,50.8159,-18.81332,26.2536,50.8159,-18.81332,26.2536,1.58323,-10.71143,3.057159,62.08478,-26.70936,22.26534,62.20492,-26.70936,22.26536,73.26355,-26.70937,22.26535,73.26355,-26.70937,22.26535,0,0,0,0,0,0,-0.959046,-0.529781,-0.076622,-1.700766,-0.928447,-0.132948,1.65005,0.185519,0.933856,0,0,0,0,0,0,-1.010321,-0.056639,-0.021905,-1.585901,0.113223,-0.081182,-1.484133,1.004387,-0.13572,0,0,0,0,0,0,1.518918,-22.56564,6.735027,2.470918,-35.82927,10.61457,5.37119,-49.52687,9.985864,0,0,0,0.188241,-1.70303,0.004157,11.912,-39.38364,-13.91673,19.24913,-62.77039,-22.76891,31.59849,-80.23388,-43.53878,0,0,0,0.628956,-4.462851,-0.02709,11.75389,-8.698359,-11.26295,17.51185,-10.86393,-17.0744,24.74275,-12.30776,-26.67743,0,0,0,0,0,0,-84.15832,-50.29812,-8.505283,-142.7928,-85.69522,-14.78702,68.43522,-63.03727,23.36204,0,0,0,0,0,0,33.8696,-135.067,32.05776,50.0366,-185.5049,43.88094,49.11124,-230.7048,45.84967,0,0,0,0,0,0,80.51152,-337.9556,35.30326,128.0721,-536.4418,53.86948,144.8185,-600.5217,-26.27492,0,0,0,0.623278,8.499685,-0.370145,-332.7038,183.4098,-441.9958,-547.9041,301.7338,-714.7604,-815.5685,636.1602,-976.9568,0,0,0,3.41177,22.73894,-2.05189,-763.0723,886.7905,1092.944,-1172.58,1341.385,1675.924,-1807.528,1810.813,2464.952,10.66582,11.85791,7.314111,5.816337,25.4968,15.27696,0.144018,15.35835,-0.28599,-13.25189,0.139882,9.422978,-13.0676,-13.14149,0.414015,20.78627,-19.6436,26.88127,0.443673,29.76748,-25.98233,65.0154,0.118694,11.05863,5.552673,-10.99668,0.857769,-78.24091,10.65156,0.579071,-4.224419,-15.50508,-26.55693,288.2542,4.87342,70.34592,-130.9468,516.2076,-1.667769,235.6076,95.32813,203.8357,-3.626563,90.38206,532.9673,-961.0495,-25.46285,-4794.402,-123.0276,1604.368,-538.1101,-4.164505,-972.235,4052.809,65.62121,-2392.65,-4854.212,-953.4887,-196.9601,-1766.821,16263.98,-23361.49,-390.0897,-5838.79
162,2700,00:00:02:700,0,0,0,2.512528,-0.978382,1.854603,3.345348,-3.239152,6.628557,3.928962,-4.858906,10.03851,3.726826,-6.472084,12.81136,2.145132,0.012838,2.288352,3.605461,0.004286,9.291883,3.401593,1.133708,14.1166,3.288761,1.757428,16.82143,3.245953,1.93853,19.25292,0.59655,0.110736,2.296674,1.028007,0.217537,10.26065,-0.287504,0.840272,14.91406,-1.041167,1.176443,17.60353,-1.418999,0.612736,19.7874,-0.74827,0.001735,2.303988,-1.205751,-0.076345,9.700058,-1.574636,-2.606745,13.40603,-1.796867,-4.198903,15.71482,-1.289826,-6.157757,16.73335,-1.943712,-0.121182,2.310502,-3.177869,-0.455891,8.965943,-2.546168,-3.538178,10.20037,-2.215393,-5.152369,10.84692,-1.647892,-6.950784,11.18341,0,0,0,1.533852,26.73815,-66.37124,1.718048,26.73816,-66.37128,14.99697,26.73815,-66.37127,14.99697,26.73815,-66.37127,0.068498,11.77817,0,-13.37611,-0.345594,8.779072,-13.18414,-0.345591,8.77907,-4.362927,-0.345594,8.779076,-4.362927,-0.345594,8.779076,-0.767195,3.101027,0,-11.28619,-13.28823,15.63454,-10.79375,-13.28823,15.63454,11.11913,-13.28823,15.63454,11.11913,-13.28823,15.63454,0.453923,-3.561778,2.41798,28.08551,-21.10305,25.71402,28.39944,-21.10306,25.71402,61.18773,-21.10307,25.71402,61.18773,-21.10307,25.71402,1.976879,-10.69691,4.639464,66.109,-25.60295,22.41823,66.1059,-25.60296,22.41822,78.76807,-25.60296,22.41825,78.76807,-25.60296,22.41825,0,0,0,0,0,0,-1.850255,0.652783,0.639349,-3.317356,1.056097,1.088172,2.05674,3.177613,2.823561,0,0,0,0,0,0,-1.636595,-0.402002,0.029862,-2.52378,-0.772711,0.081182,-3.100008,0.474785,-0.015378,0,0,0,0,0,0,2.074225,-26.54672,5.46205,3.358316,-42.10223,8.550881,6.606884,-57.14363,6.155848,0,0,0,0.230603,-1.84859,-0.001341,9.178586,-32.33498,-17.00628,14.59011,-51.01995,-27.59975,23.24698,-61.81599,-47.77541,0,0,0,0.792436,-4.834532,-0.066116,10.28868,-7.770202,-10.80975,15.13757,-9.243562,-16.25566,21.25056,-9.650497,-25.63298,0,0,0,0,0,0,-53.47251,70.9538,42.95825,-96.99538,119.0726,73.26721,24.40138,179.5256,113.3823,0,0,0,0,0,0,-37.57641,-20.72174,3.105998,-56.27273,-53.15601,9.741781,-96.95246,-31.77613,7.220506,0,0,0,0,0,0,33.31839,-238.865,-76.3786,53.24387,-376.3779,-123.8215,74.14164,-457.0051,-229.8009,0,0,0,2.541728,-8.733596,-0.329912,-164.005,422.9196,-185.3727,-279.5412,705.0261,-289.8503,-501.0905,1105.073,-254.1983,0,0,0,9.808841,-22.30089,-2.341568,-87.91208,55.68937,27.19223,-142.4568,97.22202,49.12466,-209.5315,159.4359,62.66713,10.60487,11.1955,6.375543,5.63622,25.34052,14.89573,0.183454,13.27891,-0.372203,-13.17516,0.191797,8.821204,-13.77532,-7.622231,0.492578,21.91287,-21.73006,34.32483,0.313412,32.78825,-24.61814,68.17436,0,12.66216,-9.376716,-22.8737,2.366178,-124.7668,-5.172772,4.604015,3.114881,-36.10645,-42.46324,331.1558,4.713791,67.59636,-125.1875,446.6131,-7.815669,181.2459,81.85123,189.5375,-7.121644,96.21207,-895.7632,-712.6212,90.50453,-2791.553,-949.4599,241.4966,440.358,-1236.082,-954.3787,2574.093,-9.577731,-164.9734,345.5612,-4175.669,-368.874,-3261.703,-808.6143,-857.8948,-209.7048,349.801
163,2716.667,00:00:02:717,0,0,0,2.512528,-0.978382,1.854603,3.330389,-3.216121,6.641974,3.902312,-4.819896,10.06145,3.762305,-6.400174,12.85699,2.145132,0.012838,2.288352,3.605461,0.004286,9.291883,3.345221,1.15839,14.10804,3.200622,1.798517,16.80753,3.136486,2.022582,19.23496,0.59655,0.110736,2.296674,1.028007,0.217537,10.26065,-0.243189,0.431478,14.96287,-0.970192,0.530002,17.67875,-1.293837,-0.246284,19.80536,-0.74827,0.001735,2.303988,-1.20236,-0.100903,9.699966,-1.386295,-3.034076,13.11111,-1.495438,-4.87374,15.23681,-0.874067,-6.926434,15.96615,-1.943712,-0.121182,2.310502,-3.165975,-0.519972,8.964607,-2.43491,-3.635321,10.05249,-2.031458,-5.273645,10.58745,-1.379376,-7.066473,10.76104,0,0,0,1.698851,26.40731,-66.10811,1.899721,26.40731,-66.10812,13.82414,26.40731,-66.10812,13.82414,26.40731,-66.10812,0.068498,11.77817,0,-13.79197,-0.51362,10.61575,-13.65431,-0.513622,10.61575,-5.460247,-0.513616,10.61575,-5.460247,-0.513616,10.61575,-0.767195,3.101027,0,-6.561842,-13.88574,16.05583,-6.03458,-13.88573,16.05583,16.68258,-13.88574,16.05583,16.68258,-13.88574,16.05583,0.603996,-3.550833,3.076499,35.02056,-22.31837,24.86632,35.23785,-22.31837,24.86633,69.63288,-22.31837,24.86632,69.63288,-22.31837,24.86632,2.291501,-10.69575,5.902826,69.14484,-25.29461,22.45173,70.47121,-25.29461,22.45175,84.24774,-25.29461,22.45173,84.24774,-25.29461,22.45173,0,0,0,0,0,0,-0.897579,1.381829,0.805065,-1.599044,2.340607,1.376331,2.12878,4.314601,2.737462,0,0,0,0,0,0,-3.38231,1.480954,-0.513643,-5.288332,2.46533,-0.834525,-6.568015,5.043134,-1.077622,0,0,0,0,0,0,2.658879,-24.52768,2.928614,4.258498,-38.78648,4.513442,7.509771,-51.5412,1.077533,0,0,0,0.203479,-1.473475,-0.005454,11.30043,-25.63988,-17.69525,18.0857,-40.4902,-28.68077,24.94559,-46.12058,-46.03189,0,0,0,0.713602,-3.844854,-0.080198,6.675504,-5.828596,-8.872702,11.03609,-7.276519,-15.5683,16.11095,-6.941378,-25.34232,0,0,0,0,0,0,57.16055,43.7428,9.942951,103.0987,77.07058,17.28952,4.32238,68.21928,-5.165934,0,0,0,0,0,0,-104.7429,112.9773,-32.61029,-165.8731,194.2824,-54.94237,-208.0804,274.101,-63.73465,0,0,0,0,0,0,35.07927,121.1424,-152.0061,54.01094,198.9455,-242.2464,54.1732,336.1458,-304.6989,0,0,0,-1.627429,22.50694,-0.246763,127.3104,401.7057,-41.3382,209.7353,631.7848,-64.86099,101.9165,941.7248,104.6115,0,0,0,-4.730078,59.38066,-0.844896,-216.7908,116.4964,116.2228,-246.0887,118.0226,41.24164,-308.3765,162.5472,17.43972,10.58362,10.56952,5.607118,5.592302,25.05257,14.69465,0.200769,11.9244,-0.563018,-13.47577,0.137056,8.194051,-14.42782,-2.605041,0.527119,22.71714,-22.6647,40.69156,0.2158,34.39503,-24.16119,70.75072,1.32648,13.77651,-17.27715,-12.06476,1.038899,-81.27055,-11.44886,-18.03663,-3.284453,-37.6292,-39.15018,301.0314,2.072452,48.25618,-56.07833,382.004,-5.856698,96.40708,27.41718,154.5817,79.58877,66.86073,-474.0258,648.5366,-79.6367,2609.775,-376.5654,-1358.439,-383.9601,-91.36481,198.7839,-1807.463,-158.4803,-1160.411,4146.549,-3876.546,117.5382,-5090.33,-3266.042,-2097.345,5202.625,-1761.08
164,2733.333,00:00:02:733,0,0,0,2.512528,-0.978382,1.854603,3.322119,-3.182577,6.658912,3.888381,-4.762392,10.09046,3.837347,-6.296709,12.9145,2.145132,0.012838,2.288352,3.605461,0.004286,9.291883,3.191203,1.227614,14.08009,2.960413,1.907286,16.76387,2.82126,2.225506,19.17761,0.59655,0.110736,2.296674,1.028007,0.217537,10.26065,-0.149801,0.003609,14.98713,-0.82143,-0.147325,17.71483,-1.057419,-1.160531,19.75139,-0.74827,0.001735,2.303988,-1.199746,-0.118525,9.699861,-1.191327,-3.442466,12.73706,-1.185324,-5.520147,14.63392,-0.467372,-7.631849,15.02996,-1.943712,-0.121182,2.310502,-3.156693,-0.565865,8.963397,-2.410026,-3.68923,10.01716,-1.898359,-5.350877,10.34911,-1.182533,-7.127629,10.36693,0,0,0,1.842685,25.98699,-65.63259,2.040174,25.98701,-65.6326,12.20472,25.987,-65.6326,12.20472,25.987,-65.6326,0.068498,11.77817,0,-15.02273,-1.499058,13.14028,-14.90002,-1.499063,13.14027,-8.050641,-1.499061,13.14027,-8.050641,-1.499061,13.14027,-0.767195,3.101027,0,-1.502406,-14.13448,16.42484,-0.919249,-14.13448,16.42485,23.31543,-14.13449,16.42484,23.31543,-14.13449,16.42484,0.711912,-3.544029,3.549732,42.81446,-23.13903,23.12921,42.84282,-23.13902,23.12922,79.03989,-23.13903,23.12922,79.03989,-23.13903,23.12922,2.517626,-10.70065,6.810665,69.90198,-24.86262,22.19076,78.07146,-24.86262,22.19076,89.41249,-24.86261,22.19075,89.41249,-24.86261,22.19075,0,0,0,0,0,0,-0.496209,2.01264,1.016244,-0.835843,3.450237,1.740754,4.502468,6.207883,3.450572,0,0,0,0,0,0,-9.241081,4.153406,-1.677096,-14.41253,6.526161,-2.619534,-18.91354,12.17543,-3.441274,0,0,0,0,0,0,5.603268,-25.67211,1.455545,8.92572,-40.6396,2.1649,14.18506,-54.85482,-3.238142,0,0,0,0.15682,-1.05733,-0.006348,11.69806,-24.50335,-22.44294,18.60686,-38.78443,-36.17334,24.40164,-42.3249,-56.171,0,0,0,0.556961,-2.753586,-0.072598,1.493029,-3.234543,-2.119616,7.985964,-4.633896,-14.30064,11.81061,-3.669351,-23.64662,0,0,0,0,0,0,24.08221,37.84864,12.67075,45.79201,66.5778,21.86537,142.4213,113.5969,42.78661,0,0,0,0,0,0,-351.5262,160.3471,-69.80717,-547.4515,243.6498,-107.1006,-740.7315,427.9377,-141.8191,0,0,0,0,0,0,176.6633,-68.66571,-88.38414,280.0333,-111.1872,-140.9125,400.5175,-198.8175,-258.9404,0,0,0,-2.799556,24.96866,-0.053644,23.85825,68.19176,-284.8613,31.26982,102.3465,-449.5543,-32.63658,227.741,-608.3466,0,0,0,-9.398459,65.47607,0.455976,-310.9485,155.6432,405.1852,-183.0078,158.5574,76.05939,-258.0201,196.3216,101.7416,10.62484,9.853029,4.978796,5.690317,24.64543,14.56524,0.197824,10.16456,-1.616768,-14.33178,0.121947,6.849397,-14.70378,2.591481,0.582827,24.23467,-23.20051,47.58096,0.034264,36.19708,-23.73216,71.35654,8.169477,11.34102,-24.4281,-7.764587,-0.176726,-105.5904,-63.22505,-51.36074,-0.906573,-80.67924,-16.5576,311.7913,3.342479,91.05159,-32.14874,413.3638,-10.89216,108.1229,25.74211,36.34872,410.5799,-146.1292,-429.0572,258.0104,-72.93752,-1459.19,-3106.571,-1999.446,142.6728,-2583.002,1355.555,645.595,76.20165,2567.724,1435.776,1881.586,-302.1276,702.9464,-100.5043,-7093.98,19859.46,-12779.39
165,2750,00:00:02:750,0,0,0,2.512528,-0.978382,1.854603,3.363165,-3.133658,6.673991,3.959619,-4.678388,10.11638,4.03061,-6.158232,12.96891,2.145132,0.012838,2.288352,3.605461,0.004286,9.291883,3.040183,1.222833,14.06584,2.724689,1.90116,16.74132,2.507098,2.280183,19.14044,0.59655,0.110736,2.296674,1.028007,0.217537,10.26065,-0.015793,-0.53267,14.96387,-0.608729,-0.993621,17.675,-0.728306,-2.273059,19.5667,-0.74827,0.001735,2.303988,-1.197322,-0.134023,9.69974,-1.095236,-3.757581,12.37044,-0.934169,-6.113039,13.90039,-0.172968,-8.246118,13.94667,-1.943712,-0.121182,2.310502,-3.148011,-0.606158,8.962159,-2.380591,-3.744997,9.953174,-1.775469,-5.40352,10.08041,-0.978378,-7.134358,9.884397,0,0,0,1.616383,25.62986,-64.72947,1.801082,25.62987,-64.72947,10.16973,25.62985,-64.7295,10.16973,25.62985,-64.7295,0.068498,11.77817,0,-15.51769,-2.515711,15.90311,-15.42291,-2.515714,15.90312,-10.01623,-2.515712,15.90312,-10.01623,-2.515712,15.90312,-0.767195,3.101027,0,4.832171,-14.51956,17.07207,5.437245,-14.51956,17.07208,31.29644,-14.51956,17.07207,31.29644,-14.51956,17.07207,0.806981,-3.538775,3.966441,49.76063,-23.33388,20.14428,53.68259,-23.33389,20.14428,88.72509,-23.33387,20.14428,88.72509,-23.33387,20.14428,2.716685,-10.70893,7.610026,71.11848,-25.0333,21.97365,85.44958,-25.03332,21.97362,96.48455,-25.03331,21.97364,96.48455,-25.03331,21.97364,0,0,0,0,0,0,2.462804,2.935141,0.904754,4.274301,5.040228,1.555145,11.59581,8.308634,3.264964,0,0,0,0,0,0,-9.061194,-0.286857,-0.854909,-14.14343,-0.367597,-1.352548,-18.84973,3.280599,-2.229899,0,0,0,0,0,0,8.040483,-32.17673,-1.395643,12.76203,-50.77774,-2.390206,19.74677,-66.75169,-11.08128,0,0,0,0.14542,-0.9299,-0.007242,5.76547,-18.90691,-21.99711,15.06927,-35.57351,-44.01183,17.66427,-36.85614,-64.99779,0,0,0,0.520885,-2.417626,-0.074297,1.766101,-3.345989,-3.839403,7.373381,-3.158614,-16.12177,12.24932,-0.403762,-28.95207,0,0,0,0,0,0,177.5408,55.35007,-6.689429,306.6086,95.39944,-11.13654,425.6008,126.045,-11.13653,0,0,0,0,0,0,10.79321,-266.4157,49.33118,16.14556,-413.6254,76.01916,3.828853,-533.6898,72.6825,0,0,0,0,0,0,146.2328,-390.2777,-171.0713,230.1786,-608.2889,-273.3063,333.7021,-713.812,-470.5882,0,0,0,-0.683963,7.645803,-0.053644,-355.9556,335.7864,26.74967,-212.2553,192.655,-470.3092,-404.2424,328.1253,-529.6072,0,0,0,-2.164542,20.15764,-0.101924,16.38428,-6.686747,-103.1872,-36.75498,88.51689,-109.2678,26.32222,195.9353,-318.3271,10.56483,9.015137,4.794303,5.962971,24.09464,15.0098,0.185575,8.368607,-2.747731,-14.31895,0.090654,5.406641,-15.10975,9.062865,0.604903,25.85917,-23.2777,53.60833,3.921963,35.04251,-23.88801,72.47771,14.33105,11.03498,-33.04745,26.67354,-0.734917,-107.757,-67.85773,0.77013,-1.877548,-86.56534,-24.35795,388.283,1.324561,97.46989,-4.631309,361.6427,233.2619,-69.27429,-9.35131,67.2702,369.6944,-18.36273,-517.1609,2066.288,-33.49145,-129.9994,-277.961,3127.852,-58.25848,-353.166,-468.0209,4589.502,-121.0751,385.0982,1651.046,-3103.266,14649.25,-10643.83,-2105.605,1855.289,-2453.126,7665.985
166,2766.667,00:00:02:767,0,0,0,2.512528,-0.978382,1.854603,3.416795,-3.07268,6.69108,4.050936,-4.574369,10.14576,4.26405,-5.981306,13.02795,2.145132,0.012838,2.288352,3.605461,0.004286,9.291883,2.889561,1.203701,14.05045,2.489504,1.872483,16.71701,2.190112,2.295937,19.09983,0.59655,0.110736,2.296674,1.028007,0.217537,10.26065,0.165825,-1.053889,14.88804,-0.322189,-1.81408,17.55228,-0.324917,-3.338771,19.25673,-0.74827,0.001735,2.303988,-1.19495,-0.148514,9.699604,-1.067265,-3.956348,12.09905,-0.726446,-6.541338,13.1557,0.056072,-8.649407,12.88127,-1.943712,-0.121182,2.310502,-3.139456,-0.643771,8.960854,-2.393588,-3.776387,9.987374,-1.662412,-5.379495,9.818583,-0.774234,-7.014648,9.363623,0,0,0,1.128729,25.22785,-63.99979,1.32515,25.22785,-63.99979,7.601863,25.22784,-63.99979,7.601863,25.22784,-63.99979,0.068498,11.77817,0,-15.968,-3.602402,18.44714,-15.89829,-3.602404,18.44714,-11.74592,-3.602401,18.44714,-11.74592,-3.602401,18.44714,-0.767195,3.101027,0,11.50161,-14.4152,16.59643,12.08805,-14.4152,16.59643,39.68723,-14.41521,16.59643,39.68723,-14.41521,16.59643,0.896004,-3.534484,4.35652,54.6349,-22.96695,17.40025,65.92548,-22.96696,17.40024,97.56062,-22.96696,17.40025,97.56062,-22.96696,17.40025,2.902925,-10.72006,8.358262,70.41514,-25.03182,21.95368,96.04134,-25.03183,21.95368,105.196,-25.03183,21.95369,105.196,-25.03183,21.95369,0,0,0,0,0,0,3.217757,3.658711,1.025364,5.478992,6.24112,1.762614,14.00643,10.61556,3.542125,0,0,0,0,0,0,-9.037333,-1.147907,-0.923484,-14.1111,-1.720581,-1.458675,-19.01914,0.945266,-2.436787,0,0,0,0,0,0,10.89708,-31.27315,-4.54992,17.19244,-49.22753,-7.362842,24.20337,-63.94269,-18.59844,0,0,0,0.142325,-0.869457,-0.008181,1.678269,-11.92606,-16.28369,12.46342,-25.698,-44.68095,13.7424,-24.19737,-63.92356,0,0,0,0.51333,-2.256771,-0.078321,-0.77983,-1.883447,2.052068,6.783407,1.441531,-15.70979,12.2486,7.182597,-31.24644,0,0,0,0,0,0,45.29715,43.41422,7.236599,72.2815,72.05351,12.44814,144.6368,138.4154,16.62969,0,0,0,0,0,0,1.431629,-51.66302,-4.114503,1.939863,-81.17906,-6.367564,-10.16486,-140.1199,-12.41326,0,0,0,0,0,0,171.3956,54.21531,-189.2566,265.8245,93.01292,-298.3581,267.3963,168.54,-451.0295,0,0,0,-0.185743,3.626598,-0.056326,-245.232,418.851,342.8051,-156.3516,592.5307,-40.1473,-235.3123,759.5264,64.45348,0,0,0,-0.453293,9.651258,-0.241399,-152.7558,87.75249,353.4883,-35.39841,276.0087,24.71924,-0.043273,455.1815,-137.6617,10.4729,8.175532,4.984713,6.315014,23.41362,15.59021,0.195835,6.276667,-3.992873,-14.14693,0.068528,4.152326,-14.90856,15.36354,0.586508,27.59916,-22.89277,57.78358,11.29055,31.63514,-23.91748,71.85664,25.62618,9.154676,-40.86113,34.82454,0.615623,-125.5164,-74.70851,10.32091,-1.327563,-75.25889,12.07157,378.0402,-1.103675,104.3995,23.09566,250.5146,442.1151,-204.4424,-1.767883,-37.26425,677.7078,-112.818,-468.8207,489.0599,81.03242,-1065.558,-411.0466,573.0468,32.99911,678.387,2185.771,-614.5678,-145.6942,415.7776,1663.618,-6667.685,12531.19,-8110.086,455.0056,-6272.067,18480.8,-5667.317
167,2783.333,00:00:02:783,0,0,0,2.512528,-0.978382,1.854603,3.477093,-2.987037,6.715695,4.159467,-4.425301,10.18812,4.509418,-5.744843,13.09815,2.145132,0.012838,2.288352,3.605461,0.004286,9.291883,2.788153,1.171364,14.04214,2.331133,1.822751,16.70386,1.967739,2.284997,19.07051,0.59655,0.110736,2.296674,1.028007,0.217537,10.26065,0.326005,-1.563815,14.74469,-0.070498,-2.616559,17.32321,0.004186,-4.384344,18.77206,-0.74827,0.001735,2.303988,-1.195706,-0.143964,9.69965,-1.067286,-4.080992,11.8806,-0.602656,-6.788006,12.48975,0.178953,-8.84082,11.936,-1.943712,-0.121182,2.310502,-3.142188,-0.631967,8.961279,-2.469335,-3.773319,10.01129,-1.679936,-5.307755,9.617058,-0.745751,-6.83279,8.930659,0,0,0,0.660813,24.61763,-62.76345,0.772886,24.61764,-62.76346,5.225697,24.61764,-62.76346,5.225697,24.61764,-62.76346,0.068498,11.77817,0,-16.12467,-4.389705,20.17478,-16.07062,-4.389699,20.17479,-13.25689,-4.3897,20.17479,-13.25689,-4.3897,20.17479,-0.767195,3.101027,0,18.59636,-13.99202,14.19264,19.16157,-13.99201,14.19263,49.23763,-13.99202,14.19264,49.23763,-13.99202,14.19264,0.868035,-3.535767,4.233976,58.45223,-22.21321,14.93554,76.47453,-22.21321,14.93555,105.31,-22.21322,14.93554,105.31,-22.21322,14.93554,2.844431,-10.71621,8.123204,69.89011,-25.36838,21.00492,104.27,-25.36838,21.00493,113.3631,-25.36838,21.00492,113.3631,-25.36838,21.00492,0,0,0,0,0,0,3.617897,5.138576,1.476914,6.511889,8.944116,2.541974,14.72204,14.18777,4.212141,0,0,0,0,0,0,-6.084468,-1.94022,-0.498265,-9.502295,-2.983946,-0.789374,-13.3424,-0.656426,-1.759171,0,0,0,0,0,0,9.610822,-30.59555,-8.601039,15.1014,-48.14875,-13.74453,19.74615,-62.73441,-29.07997,0,0,0,-0.045357,0.273033,0.002727,-0.001268,-7.478624,-13.10675,7.427411,-14.80007,-39.95745,7.372884,-11.48477,-56.7162,0,0,0,-0.163928,0.708285,0.025526,-4.544824,0.184089,1.434803,-1.051426,4.304364,-12.09144,1.708964,10.91149,-25.97778,0,0,0,0,0,0,24.00843,88.79184,27.09299,61.9738,162.1797,46.76162,42.93671,214.3327,40.20092,0,0,0,0,0,0,177.172,-47.53879,25.51317,276.5284,-75.80189,40.15802,340.6042,-96.10152,40.65691,0,0,0,0,0,0,-77.17533,40.65585,-243.0671,-125.4624,64.72706,-382.9015,-267.433,72.49689,-628.892,0,0,0,-11.26092,68.54938,0.654459,-100.7723,266.8463,190.6165,-302.1602,653.8756,283.4102,-382.1708,762.7558,432.4415,0,0,0,-40.63546,177.9034,6.230771,-225.8996,124.0522,-37.03593,-470.09,171.77,217.1006,-632.3779,223.7338,316.1196,10.32509,7.371659,5.448723,6.794734,22.45092,16.22316,0.111906,4.452806,-4.919641,-13.80343,0.052339,2.81369,-14.31229,21.66622,0.564753,30.07603,-22.14768,61.01534,18.02225,28.8355,-24.41434,71.51759,34.37988,9.093146,-57.76188,37.97721,-5.035766,-109.4316,-55.60612,20.61012,-0.971333,-80.31814,35.77589,378.1608,-1.305331,148.6119,44.70565,193.9057,403.9022,-167.978,-29.81209,-20.34256,525.2216,-3.691807,-1014.045,189.1603,-339.0833,965.0834,1146.143,617.3526,21.37378,-303.555,1422.259,7.232666,-12.09933,2652.745,1296.599,-3396.533,-2292.777,2187.866,-1682.652,1015.301,-9149.176,6547.573
168,2800,00:00:02:800,0,0,0,2.512528,-0.978382,1.854603,3.540218,-2.901014,6.737496,4.271427,-4.276001,10.22558,4.732993,-5.512824,13.1563,2.145132,0.012838,2.288352,3.605461,0.004286,9.291883,2.783603,1.053596,14.06876,2.323558,1.640416,16.74493,1.952498,2.062137,19.11795,0.59655,0.110736,2.296674,1.028007,0.217537,10.26065,0.551457,-2.075396,14.53709,0.283402,-3.418804,16.99426,0.457305,-5.39033,18.13998,-0.74827,0.001735,2.303988,-1.1972,-0.13479,9.699734,-1.041096,-4.205228,11.61817,-0.458542,-6.956229,11.70471,0.323728,-8.889112,10.81949,-1.943712,-0.121182,2.310502,-3.147569,-0.608149,8.962093,-2.535973,-3.741772,10.07101,-1.731425,-5.230925,9.55314,-0.788788,-6.676617,8.721885,0,0,0,-0.01551,24.05927,-61.91253,0.034134,24.05928,-61.91254,3.122937,24.05927,-61.91253,3.122937,24.05927,-61.91253,0.068498,11.77817,0,-14.84576,-4.81476,20.49869,-14.82364,-4.814759,20.4987,-12.43139,-4.814761,20.49869,-12.43139,-4.814761,20.49869,-0.767195,3.101027,0,25.96861,-12.68509,12.52773,26.45502,-12.68511,12.52773,59.10072,-12.6851,12.52773,59.10072,-12.6851,12.52773,0.811686,-3.538534,3.987058,62.83752,-21.04159,12.63466,88.11141,-21.04159,12.63467,114.752,-21.0416,12.63465,114.752,-21.0416,12.63465,2.726532,-10.70944,7.649571,68.8176,-24.76864,20.26545,108.7971,-24.76864,20.26545,118.5484,-24.76864,20.26545,118.5484,-24.76864,20.26545,0,0,0,0,0,0,3.787502,5.161375,1.308024,6.71757,8.957973,2.247468,13.41446,13.92113,3.489196,0,0,0,0,0,0,-0.273038,-7.066067,1.596987,-0.454478,-10.94008,2.464413,-0.914454,-13.37155,2.846449,0,0,0,0,0,0,13.52711,-30.69484,-12.45564,21.23403,-48.13471,-19.73712,27.1871,-60.35913,-37.92518,0,0,0,-0.089603,0.550441,0.005051,1.571417,-7.454171,-15.74591,8.646788,-10.09333,-47.10249,8.686456,-2.897501,-66.99103,0,0,0,-0.322893,1.429045,0.048861,-3.998257,1.892812,3.583431,-3.089357,4.609823,-3.835111,-2.582196,9.370386,-12.5265,0,0,0,0,0,0,10.1763,1.367926,-10.13338,12.34084,0.831485,-17.67039,-78.45452,-15.99803,-43.37666,0,0,0,0,0,0,348.6858,-307.5508,125.7151,542.869,-477.3681,195.2272,745.6769,-762.9073,276.3372,0,0,0,0,0,0,234.9774,-5.957365,-231.2761,367.9575,0.842214,-359.5554,446.457,142.5165,-530.7126,0,0,0,-2.654716,16.64449,0.139475,94.36111,1.467168,-158.3495,73.16261,282.4044,-428.7028,78.81434,515.2362,-616.4893,0,0,0,-9.537933,43.24559,1.400113,32.79403,102.5234,128.9177,-122.2759,18.32753,495.3798,-257.4695,-92.46647,807.0767,10.03257,6.56761,6.025084,7.176946,21.49196,16.88543,0.048457,3.088764,-5.368596,-12.38908,0,2.392202,-12.86499,28.19922,0.485778,32.64568,-20.97026,64.76504,25.2739,26.64055,-23.9472,70.51225,39.97948,9.751268,-57.53769,39.73594,-3.806951,-81.84252,-26.93727,84.86086,-3.140349,-25.28932,86.83828,391.9804,-4.738487,154.1793,70.64495,224.9819,435.0988,-131.697,28.02898,-60.32043,335.9761,39.48732,13.45138,105.5237,73.72889,1655.347,1720.131,3855.044,-130.141,3301.729,3063.743,829.1766,-205.9893,334.0393,1556.358,1864.572,1871.796,2176.857,3470.464,-2398.672,-11354.73,2590.748
169,2816.667,00:00:02:817,0,0,0,2.512528,-0.978382,1.854603,3.600003,-2.861884,6.739797,4.378742,-4.206317,10.2295,4.994486,-5.359119,13.16614,2.145132,0.012838,2.288352,3.605461,0.004286,9.291883,2.828859,0.90463,14.10658,2.3944,1.407357,16.80406,2.047479,1.751964,19.19313,0.59655,0.110736,2.296674,1.028007,0.217537,10.26065,0.749244,-2.610313,14.22274,0.592844,-4.255691,16.49925,0.824369,-6.388396,17.29159,-0.74827,0.001735,2.303988,-1.198124,-0.128978,9.699782,-1.017077,-4.25665,11.48942,-0.319517,-6.955025,11.10596,0.473128,-8.745668,9.96714,-1.943712,-0.121182,2.310502,-3.15089,-0.593049,8.96258,-2.594132,-3.713836,10.13478,-1.7711,-5.160029,9.531283,-0.811915,-6.527452,8.593364,0,0,0,-0.629863,23.99094,-61.548,-0.662414,23.99094,-61.54802,0.139902,23.99094,-61.54802,0.139902,23.99094,-61.54802,0.068498,11.77817,0,-13.00635,-4.865183,20.61791,-12.96989,-4.865185,20.61791,-10.50713,-4.865185,20.61791,-10.50713,-4.865185,20.61791,-0.767195,3.101027,0,34.06781,-11.1936,10.38721,34.4206,-11.1936,10.38721,69.31757,-11.1936,10.38721,69.31757,-11.1936,10.38721,0.776016,-3.540412,3.830733,64.96648,-20.06373,11.61396,98.34357,-20.06374,11.61395,122.3576,-20.06373,11.61396,122.3576,-20.06373,11.61396,2.651867,-10.70583,7.349705,67.52969,-24.84875,19.97527,112.0698,-24.84876,19.97529,122.6545,-24.84875,19.97528,122.6545,-24.84875,19.97528,0,0,0,0,0,0,3.587096,2.347816,0.138044,6.438933,4.181072,0.235364,15.68962,9.222283,0.590086,0,0,0,0,0,0,2.715401,-8.937981,2.269327,4.25053,-13.98356,3.547937,5.698844,-18.61042,4.510939,0,0,0,0,0,0,11.8672,-32.09502,-18.86111,18.56652,-50.21323,-29.7001,22.02386,-59.88398,-50.90332,0,0,0,-0.055483,0.348701,0.00295,1.441112,-3.0853,-7.725342,8.341549,0.072241,-35.92506,8.964009,8.606582,-51.14083,0,0,0,-0.199266,0.906031,0.029191,-3.489576,1.676157,3.826037,-2.380505,4.253759,-1.311377,-1.387641,8.949904,-7.711261,0,0,0,0,0,0,-12.02434,-168.8135,-70.19876,-16.71821,-286.6141,-120.7262,136.5096,-281.931,-173.9466,0,0,0,0,0,0,179.3063,-112.3148,40.34041,282.3004,-182.6085,65.01139,396.7979,-314.332,99.86935,0,0,0,0,0,0,-99.59462,-84.01089,-384.3283,-160.0504,-124.7113,-597.7784,-309.7943,28.50938,-778.6884,0,0,0,2.047196,-12.10439,-0.126064,-7.818309,262.1322,481.2338,-18.3143,609.9342,670.6461,16.65316,690.2449,951.0118,0,0,0,7.417647,-31.38084,-1.180172,30.52083,-12.99931,14.55635,42.53112,-21.36379,151.4241,71.67331,-25.22886,288.9142,9.77635,5.955554,6.491918,7.482618,21.08429,17.54978,-0.027976,0.802351,-5.402254,-10.59192,0.039565,2.462754,-11.27105,35.51648,0.353325,34.89693,-19.98707,66.5599,33.37703,24.01405,-24.1142,69.41331,44.54004,10.58476,-24.46014,39.86114,-4.585986,-137.1848,-2.019482,107.83,2.373881,4.233112,95.63621,439.0356,-7.947199,135.0748,58.99177,107.6916,486.1879,-157.5904,-10.02022,-65.93628,273.6337,50.00948,1984.652,7.511901,-46.74206,-3320.538,1495.067,1378.149,330.8538,1771.346,527.8757,2823.314,-192.5227,-1146.265,-699.1907,-7037.415,3065.348,-1553.603,-2282.952,-336.9509,-3740.541,631.3293
170,2833.333,00:00:02:833,0,0,0,2.512528,-0.978382,1.854603,3.727308,-2.849189,6.714612,4.596667,-4.184691,10.1863,5.43555,-5.245904,13.10212,2.145132,0.012838,2.288352,3.605461,0.004286,9.291883,2.836299,0.67514,14.14507,2.406051,1.049207,16.86404,2.060724,1.287788,19.26625,0.59655,0.110736,2.296674,1.028007,0.217537,10.26065,0.996276,-3.113716,13.82075,0.980135,-5.042664,15.86847,1.276732,-7.270277,16.29226,-0.74827,0.001735,2.303988,-1.198961,-0.123628,9.699824,-0.998924,-4.305526,11.35661,-0.220623,-6.892277,10.5706,0.580109,-8.522802,9.217152,-1.943712,-0.121182,2.310502,-3.153888,-0.579138,8.963007,-2.61387,-3.697303,10.14993,-1.793183,-5.133238,9.51935,-0.831451,-6.444164,8.506373,0,0,0,-1.634368,24.60294,-60.92354,-1.661714,24.60293,-60.92353,-3.87879,24.60294,-60.92355,-3.87879,24.60294,-60.92355,0.068498,11.77817,0,-10.45259,-5.669539,20.73641,-10.41406,-5.669543,20.73641,-8.142573,-5.669536,20.73641,-8.142573,-5.669536,20.73641,-0.767195,3.101027,0,42.31214,-9.105319,9.316033,42.50838,-9.105318,9.316031,79.18272,-9.105318,9.316033,79.18272,-9.105318,9.316033,0.743195,-3.542224,3.68687,67.0163,-19.54742,10.81559,107.2461,-19.54743,10.8156,129.3465,-19.54743,10.81559,129.3465,-19.54743,10.81559,2.583145,-10.70297,7.07374,67.28316,-24.58248,19.70491,113.0638,-24.58247,19.70491,125.5565,-24.58247,19.70492,125.5565,-24.58247,19.70492,0,0,0,0,0,0,7.638305,0.761669,-1.511067,13.07546,1.297518,-2.592042,26.46384,6.792918,-3.840833,0,0,0,0,0,0,0.446364,-13.76938,2.309024,0.699062,-21.489,3.598988,0.794739,-27.85054,4.387199,0,0,0,0,0,0,14.82196,-30.20422,-24.11914,23.23746,-47.21836,-37.84686,27.14181,-52.91283,-59.95953,0,0,0,-0.050196,0.321032,0.002503,1.0892,-2.932571,-7.968172,5.933638,3.764838,-32.12142,6.418833,13.37197,-44.99928,0,0,0,-0.179865,0.834642,0.025615,-1.184251,0.992015,0.908777,-1.324933,1.607448,-0.715971,-1.172109,4.997313,-5.219399,0,0,0,0,0,0,243.0725,-95.16878,-98.94667,398.1913,-173.0132,-169.6443,646.4526,-145.7619,-265.8551,0,0,0,0,0,0,-136.1422,-289.8838,2.381801,-213.0881,-450.3267,3.06306,-294.2463,-554.4073,-7.424354,0,0,0,0,0,0,177.2858,113.4481,-315.4814,280.2565,179.6919,-488.8057,307.0766,418.2687,-543.3723,0,0,0,0.317171,-1.660162,-0.026822,-21.11468,9.163766,-14.56976,-144.4747,221.5558,228.2184,-152.7105,285.9235,368.4926,0,0,0,1.164079,-4.283314,-0.214577,138.3195,-41.04853,-175.0356,63.33432,-158.7787,35.72433,12.93194,-237.1555,149.5117,9.595576,5.618793,7.028968,7.863336,21.05366,19.03378,-0.019782,-2.216997,-6.214638,-7.870108,0.034264,2.271502,-9.112832,43.09801,0.195835,36.67435,-19.46901,68.38749,40.22977,22.10043,-23.88534,69.16085,45.78062,12.49279,-1.83815,89.04029,0.491647,-181.1608,-48.74305,163.3084,-0.31804,-11.47506,129.493,454.8919,-9.449351,106.6457,31.08352,109.6554,411.1647,-114.8173,13.73165,-15.14786,74.43465,114.4817,1357.319,2950.749,304.6579,-2638.56,-2803.414,3328.706,-161.5152,-942.4904,2031.406,951.3757,-90.12914,-1705.751,-1674.495,117.8284,-4501.393,2566.385,1425.112,3047.305,-11951.94,3868.33
171,2850,00:00:02:850,0,0,0,2.512528,-0.978382,1.854603,3.869736,-2.86722,6.669744,4.845265,-4.213033,10.10909,5.903815,-5.201859,12.97852,2.145132,0.012838,2.288352,3.605461,0.004286,9.291883,2.861624,0.390506,14.17989,2.445829,0.604327,16.91837,2.117977,0.686899,19.33342,0.59655,0.110736,2.296674,1.028007,0.217537,10.26065,1.265511,-3.495341,13.41195,1.4511,-5.787855,15.03189,1.823817,-8.044155,15.03599,-0.74827,0.001735,2.303988,-1.200158,-0.115809,9.69988,-0.951267,-4.325931,11.27664,-0.15716,-6.834501,10.28098,0.617405,-8.371035,8.807652,-1.943712,-0.121182,2.310502,-3.158164,-0.558797,8.963596,-2.643522,-3.674674,10.16767,-1.827566,-5.092231,9.491057,-0.873171,-6.348881,8.404994,0,0,0,-3.036182,25.61493,-61.29579,-3.140424,25.61493,-61.29578,-8.111558,25.61493,-61.29578,-8.111558,25.61493,-61.29578,0.068498,11.77817,0,-7.164696,-6.600117,20.12166,-7.10897,-6.600113,20.12166,-4.47614,-6.600118,20.12168,-4.47614,-6.600118,20.12168,-0.767195,3.101027,0,49.39775,-6.724915,9.392071,54.56233,-6.724915,9.392072,89.89671,-6.724918,9.392071,89.89671,-6.724918,9.392071,0.695269,-3.545021,3.476761,68.37261,-18.17022,10.43148,111.8687,-18.17022,10.43148,133.1983,-18.17022,10.43148,133.1983,-18.17022,10.43148,2.48276,-10.69958,6.670684,67.0164,-24.16465,19.22852,114.7698,-24.16465,19.22851,128.4189,-24.16464,19.22851,128.4189,-24.16464,19.22851,0,0,0,0,0,0,8.545696,-1.081858,-2.692133,14.91592,-1.700498,-4.632666,28.09592,2.642736,-7.416307,0,0,0,0,0,0,1.519494,-17.07804,2.089262,2.386674,-26.69277,3.25942,3.435172,-36.05335,4.029929,0,0,0,0,0,0,16.15405,-22.89747,-24.528,28.25788,-44.71144,-50.19504,32.8251,-46.4327,-75.3765,0,0,0,-0.071861,0.469097,0.003308,2.859425,-1.224272,-4.798382,3.807775,3.466576,-17.37691,2.237772,9.106099,-24.57002,0,0,0,-0.256531,1.220453,0.035405,-1.779098,1.357734,1.064926,-2.06301,2.460435,-1.697615,-2.503227,5.716949,-6.082758,0,0,0,0,0,0,54.44348,-110.6116,-70.86395,110.4278,-179.881,-122.4375,97.92477,-249.0109,-214.5284,0,0,0,0,0,0,64.38776,-198.5196,-13.18574,101.2567,-312.226,-20.37403,158.426,-492.1689,-21.43621,0,0,0,0,0,0,79.92509,438.4049,-24.53148,301.2252,150.4156,-740.8906,340.9971,388.8078,-925.0187,0,0,0,-1.299865,8.883894,0.04828,106.2135,102.4979,190.1874,-127.5518,-17.89568,884.6702,-250.8636,-255.9525,1225.756,0,0,0,-4.599988,23.14863,0.587404,-35.69082,21.94315,9.368956,-44.2846,51.17922,-58.89862,-79.86713,43.1782,-51.8015,9.454882,5.381283,7.442174,8.255927,21.4186,20.74116,-0.104678,-4.971102,-7.105476,-4.517787,0.055953,2.632844,-6.680873,49.67708,5.16456,35.33434,-18.07809,69.46824,43.49606,21.3296,-23.52537,68.87181,47.75337,13.64909,21.89678,102.4425,-5.093759,-165.2463,-53.45029,201.1392,1.301333,21.68052,145.9175,394.744,298.1235,-80.40069,83.45523,64.84497,195.9773,-46.24981,21.59786,-17.34238,118.3653,69.37786,1424.096,804.1305,-335.1243,954.8702,-282.4344,2269.848,97.16237,1989.334,985.4717,-3608.871,18454.37,-11222.78,3142.302,-2688.629,-12911.24,4114.05,471.9726,-131.6712,2635.84,-2706.227
172,2866.667,00:00:02:867,0,0,0,2.512528,-0.978382,1.854603,4.056793,-2.878633,6.608506,5.166626,-4.232039,10.00388,6.426337,-5.161663,12.81116,2.145132,0.012838,2.288352,3.605461,0.004286,9.291883,2.930473,0.077716,14.20453,2.553157,0.116458,16.95662,2.264862,0.023263,19.37632,0.59655,0.110736,2.296674,1.028007,0.217537,10.26065,1.434367,-3.740878,13.07817,1.776678,-6.341174,14.09578,2.182606,-8.556538,13.69928,-0.74827,0.001735,2.303988,-1.201344,-0.107868,9.699928,-0.884593,-4.326795,11.24057,-0.061093,-6.738739,10.04926,0.698918,-8.172459,8.468613,-1.943712,-0.121182,2.310502,-3.16238,-0.538121,8.964154,-2.678622,-3.615608,10.27503,-1.863451,-4.971952,9.482007,-0.939528,-6.207963,8.34701,0,0,0,-4.620878,26.88683,-61.0337,-4.738366,26.88682,-61.03369,-11.70163,26.88682,-61.03369,-11.70163,26.88682,-61.03369,0.068498,11.77817,0,-3.324401,-7.136223,18.85126,-3.272342,-7.136229,18.85126,-0.116424,-7.136224,18.85126,-0.116424,-7.136224,18.85126,-0.767195,3.101027,0,54.53799,-5.098511,9.483315,68.70554,-5.098514,9.483316,100.0246,-5.098515,9.483314,100.0246,-5.098515,9.483314,0.646628,-3.548038,3.263478,69.04118,-16.94484,10.6636,116.2744,-16.94485,10.6636,136.8385,-16.94485,10.6636,136.8385,-16.94485,10.6636,2.380847,-10.69711,6.261528,65.16805,-22.54963,18.99597,119.0198,-22.54962,18.99598,129.9072,-22.54963,18.99597,129.9072,-22.54963,18.99597,0,0,0,0,0,0,11.22339,-0.684746,-3.674268,19.28164,-1.140341,-6.312847,31.35131,2.41173,-10.04138,0,0,0,0,0,0,4.130959,-18.76744,1.478255,6.439682,-29.27213,2.294987,8.81309,-39.81816,2.574295,0,0,0,0,0,0,10.1314,-14.73225,-20.02716,19.53471,-33.19917,-56.16635,21.52733,-30.74294,-80.20233,0,0,0,-0.071157,0.476464,0.00295,4.00042,-0.051856,-2.164319,5.764,5.745739,-13.90363,4.890812,11.91455,-20.34232,0,0,0,-0.252999,1.240586,0.033438,-2.106059,3.54398,6.441414,-2.153076,7.216706,-0.542969,-3.981431,8.45506,-3.479049,0,0,0,0,0,0,160.6616,23.82673,-58.92812,261.9432,33.60942,-100.8108,195.3236,-13.86032,-157.5047,0,0,0,0,0,0,156.6879,-101.3641,-36.66042,243.1805,-154.7615,-57.86598,322.675,-225.8881,-87.33807,0,0,0,0,0,0,-361.3592,489.9129,270.0501,-523.3904,690.7358,-358.2787,-677.8658,941.3856,-289.5498,0,0,0,0.042245,0.44202,-0.021458,68.45969,70.34494,158.0438,117.3735,136.7497,208.3968,159.1824,168.5071,253.6618,0,0,0,0.211895,1.208,-0.118017,-19.61766,131.1748,322.5893,-5.40398,285.3763,69.27877,-88.69225,164.2866,156.2225,9.34359,5.506649,7.792687,8.676369,21.78779,22.99595,-0.117034,-6.963255,-7.548759,-0.85638,0.052339,3.155853,-5.032403,54.55755,14.1675,31.319,-16.82786,69.93915,47.23323,20.56417,-21.97142,66.92809,53.85178,10.8873,22.15107,135.2876,-0.741336,-119.5292,-26.59693,219.6844,-0.216825,31.3805,98.90822,292.828,540.1763,-240.9204,75.01338,28.25455,224.2298,-45.92537,93.23718,-116.6235,365.9044,-165.7068,15.25726,1970.707,261.1454,2743.028,1611.202,1112.71,-91.08951,581.999,-2820.557,-6114.962,14523.17,-9631.185,-506.5109,-2195.425,1695.149,19.4664,4298.359,-5956.869,14852.35,-14105.08
173,2883.333,00:00:02:883,0,0,0,2.512528,-0.978382,1.854603,4.197377,-2.88284,6.558816,5.408619,-4.23855,9.91842,6.809571,-5.124839,12.67228,2.145132,0.012838,2.288352,3.605461,0.004286,9.291883,3.0213,-0.235929,14.21084,2.695098,-0.373798,16.96628,2.461655,-0.661699,19.37655,0.59655,0.110736,2.296674,1.028007,0.217537,10.26065,1.552727,-3.900856,12.81723,1.996879,-6.637714,13.29325,2.426929,-8.770452,12.58875,-0.74827,0.001735,2.303988,-1.202789,-0.097909,9.699981,-0.77776,-4.307168,11.241,0.051758,-6.696652,10.00928,0.788434,-8.111222,8.400586,-1.943712,-0.121182,2.310502,-3.16749,-0.512167,8.964792,-2.710632,-3.523451,10.42999,-1.920038,-4.856252,9.574611,-1.043859,-6.149749,8.466122,0,0,0,-5.968518,27.80933,-61.13243,-6.104356,27.80934,-61.13241,-14.39274,27.80934,-61.13241,-14.39274,27.80934,-61.13241,0.068498,11.77817,0,0.651147,-7.288204,17.23373,0.722601,-7.288206,17.23373,4.841402,-7.288203,17.23373,4.841402,-7.288203,17.23373,-0.767195,3.101027,0,58.2714,-4.395713,9.974068,80.2293,-4.395716,9.974062,107.9971,-4.395716,9.974072,107.9971,-4.395716,9.974072,0.585681,-3.552075,2.996161,69.21664,-15.30459,11.48656,116.995,-15.30459,11.48657,137.4134,-15.30459,11.48656,137.4134,-15.30459,11.48656,2.253111,-10.69539,5.748703,62.46697,-20.31388,18.885,121.0175,-20.31388,18.88502,128.1001,-20.31388,18.88499,128.1001,-20.31388,18.88499,0,0,0,0,0,0,8.435055,-0.252474,-2.981364,14.5196,-0.390641,-5.127489,22.994,2.209425,-8.333086,0,0,0,0,0,0,5.449623,-18.81865,0.378728,8.516438,-29.41541,0.579804,11.80758,-41.09769,0.013411,0,0,0,0,0,0,7.101606,-9.598641,-15.65632,13.21202,-17.79239,-48.15226,14.65933,-12.83486,-66.63197,0,0,0,-0.086652,0.597552,0.003129,6.410024,1.177624,0.025794,6.771055,2.52521,-2.398565,5.370961,3.674179,-4.081606,0,0,0,-0.306599,1.557223,0.038266,-1.920562,5.529418,9.29734,-3.39523,6.942049,5.556196,-6.259873,3.492862,7.1467,0,0,0,0,0,0,-167.3001,25.93629,41.57423,-285.7223,44.98198,71.12148,-501.4388,-12.13834,102.4979,0,0,0,0,0,0,79.1198,-3.07256,-65.9716,124.6053,-8.596658,-102.911,179.6691,-76.77179,-153.653,0,0,0,0,0,0,-181.7873,308.0168,262.2503,-379.3608,924.4071,480.8451,-412.0798,1074.485,814.222,0,0,0,-0.929721,7.265308,0.010729,144.5762,73.76878,131.4068,60.4233,-193.2317,690.304,28.80893,-494.4223,975.6427,0,0,0,-3.215969,18.99825,0.289679,11.12983,119.1263,171.3556,-74.52921,-16.47945,365.9498,-136.7065,-297.7318,637.5449,9.152662,5.701317,7.963663,8.96764,22.04011,24.70537,-0.135621,-8.288374,-7.59484,2.795754,0.071326,4.118799,-4.311843,58.16919,21.95789,27.76784,-15.14208,69.89223,47.7783,20.41846,-19.7898,64.05391,58.55049,7.082663,15.13939,102.5649,-1.11522,-79.50711,-2.764892,219.128,1.139226,57.77675,43.23357,216.6984,467.4233,-213.0697,101.1473,-2.815246,32.70447,-8.742485,130.8969,-172.4505,281.9227,-228.2785,-420.7007,-1963.36,-22.43305,2401.324,1429.922,-33.38379,81.36307,1583.775,-3340.479,-4567.771,-4365.177,1671.042,1568.034,-1864.187,-11491.52,2230.973,2259.585,-3349.621,-5038.907,-3754.299
174,2900,00:00:02:900,0,0,0,2.512528,-0.978382,1.854603,4.364158,-2.887701,6.493705,5.69365,-4.247215,9.806734,7.240196,-5.087269,12.49642,2.145132,0.012838,2.288352,3.605461,0.004286,9.291883,3.129464,-0.581599,14.19344,2.863883,-0.913637,16.93882,2.691984,-1.421435,19.31776,0.59655,0.110736,2.296674,1.028007,0.217537,10.26065,1.70025,-3.97765,12.65253,2.23068,-6.736647,12.79685,2.687793,-8.794793,11.9109,-0.74827,0.001735,2.303988,-1.204531,-0.085427,9.700031,-0.678559,-4.274489,11.26476,0.169498,-6.700021,10.11913,0.912325,-8.130868,8.527757,-1.943712,-0.121182,2.310502,-3.173611,-0.479605,8.965497,-2.709858,-3.455829,10.49859,-1.971569,-4.863952,9.720654,-1.151871,-6.256458,8.691773,0,0,0,-7.242242,29.01285,-60.56104,-7.364304,29.01286,-60.56105,-16.8918,29.01284,-60.56104,-16.8918,29.01284,-60.56104,0.068498,11.77817,0,5.143812,-7.094336,14.82082,5.226284,-7.094335,14.82083,10.56053,-7.094339,14.82083,10.56053,-7.094339,14.82083,-0.767195,3.101027,0,60.56266,-3.471958,11.06115,87.05408,-3.471959,11.06115,112.8374,-3.471955,11.06115,112.8374,-3.471955,11.06115,0.509381,-3.557531,2.661393,68.96498,-14.49281,12.65378,114.8722,-14.49281,12.65377,136.518,-14.49281,12.65378,136.518,-14.49281,12.65378,2.093157,-10.6954,5.10646,61.49118,-18.12966,18.44962,117.5458,-18.12965,18.44962,124.4134,-18.12966,18.44963,124.4134,-18.12966,18.44963,0,0,0,0,0,0,10.00687,-0.291623,-3.906682,17.10185,-0.519946,-6.701141,25.83754,2.254218,-10.55136,0,0,0,0,0,0,6.48984,-20.74024,-1.044094,10.12715,-32.39032,-1.647949,13.81972,-45.58418,-3.527462,0,0,0,0,0,0,8.85139,-4.607632,-9.882062,14.02809,-5.935997,-29.78396,15.65184,-1.460507,-40.67114,0,0,0,-0.104522,0.748914,0.00304,5.952037,1.960739,1.42546,7.064413,-0.202149,6.591305,7.433462,-1.178741,7.630213,0,0,0,-0.367261,1.953685,0.042289,0.046402,4.057288,4.116162,-3.09186,-0.46201,8.762642,-6.48068,-6.402544,13.53912,0,0,0,0,0,0,94.30914,-2.348944,-55.51903,154.9351,-7.758286,-94.41914,170.6127,2.687573,-133.0966,0,0,0,0,0,0,62.41301,-115.2958,-85.36934,96.64267,-178.4946,-133.6652,120.7289,-269.1895,-212.4524,0,0,0,0,0,0,104.987,299.4605,346.4555,48.96372,711.3834,1102.098,59.5504,682.4612,1557.65,0,0,0,-1.072213,9.081689,-0.005364,-27.47921,46.98693,83.97995,17.6015,-163.6415,539.3922,123.7501,-291.1752,702.7092,0,0,0,-3.639757,23.78767,0.241399,118.0179,-88.32782,-310.8707,18.20215,-444.2435,192.3868,-13.24841,-593.7244,383.5452,8.980824,5.900251,8.065715,9.288119,22.37063,26.7587,-0.121947,-9.527493,-7.285293,6.816242,0.081565,5.334212,-3.359345,60.31047,26.49137,25.78343,-14.27271,69.51804,45.90715,21.64582,-17.63499,62.7464,56.05465,6.867614,19.83089,123.2002,0.820463,-74.34711,18.57284,241.2293,0.614306,72.92481,57.14988,128.4766,272.0091,-119.0648,52.16177,-22.45148,-112.2688,73.64124,129.289,-78.45084,-149.7503,-12.90293,281.4903,1238.118,116.141,309.6002,1280.264,1326.077,-31.4952,908.8835,834.9781,-5293.308,-11724.85,5640.298,-2939.131,-1178.174,-8698.396,4943.023,-96.47369,5639.982,-25900.38,12922.53
175,2916.667,00:00:02:917,0,0,0,2.512528,-0.978382,1.854603,4.539887,-2.915208,6.408043,5.994809,-4.294171,9.65976,7.679602,-5.102628,12.27506,2.145132,0.012838,2.288352,3.605461,0.004286,9.291883,3.326779,-0.969722,14.14664,3.171695,-1.520076,16.86527,3.100047,-2.291722,19.17746,0.59655,0.110736,2.296674,1.028007,0.217537,10.26065,1.760411,-4.020785,12.55691,2.295413,-6.78195,12.62011,2.730253,-8.820274,11.67885,-0.74827,0.001735,2.303988,-1.20716,-0.065469,9.700077,-0.611767,-4.262231,11.21861,0.197456,-6.79404,10.29668,0.91914,-8.31261,8.778553,-1.943712,-0.121182,2.310502,-3.182748,-0.427469,8.966406,-2.736282,-3.37488,10.55913,-2.083637,-4.941738,10.05706,-1.339907,-6.524894,9.276,0,0,0,-8.318403,30.6195,-59.70865,-8.441071,30.6195,-59.70865,-19.0095,30.61951,-59.70867,-19.0095,30.61951,-59.70867,0.068498,11.77817,0,10.46888,-5.447444,11.2258,10.57057,-5.447447,11.2258,17.73746,-5.447446,11.2258,17.73746,-5.447446,11.2258,-0.767195,3.101027,0,61.87951,-2.269938,11.01676,88.71171,-2.269939,11.01677,114.3252,-2.269938,11.01676,114.3252,-2.269938,11.01676,0.387578,-3.56717,2.126689,69.71288,-13.41949,12.978,109.6881,-13.41949,12.978,133.5491,-13.41948,12.978,133.5491,-13.41948,12.978,1.837772,-10.70037,4.080593,60.58623,-16.35395,17.63373,107.1941,-16.35395,17.63372,115.146,-16.35395,17.63374,115.146,-16.35395,17.63374,0,0,0,0,0,0,10.54376,-1.650441,-5.139693,18.0695,-2.817348,-8.818477,26.36433,-0.92154,-13.28185,0,0,0,0,0,0,11.83889,-23.28734,-2.807557,18.46868,-36.38636,-4.412591,24.48378,-52.21719,-8.417933,0,0,0,0,0,0,3.609616,-2.588153,-5.737334,3.883995,-2.718195,-10.60438,2.547629,-1.528859,-13.92299,0,0,0,-0.157747,1.197469,0.002727,4.007499,0.735484,-2.76871,1.677442,-5.641132,10.65271,0.408903,-10.90452,15.04777,0,0,0,-0.548199,3.128165,0.054538,-1.58542,4.856944,3.632605,-6.724108,-4.667155,20.18438,-11.28218,-16.10613,35.05356,0,0,0,0,0,0,32.21333,-81.52909,-73.98068,58.05909,-137.8441,-127.0401,31.60715,-190.5454,-163.8294,0,0,0,0,0,0,320.943,-152.8256,-105.8078,500.4921,-239.763,-165.8785,639.8435,-397.9808,-293.4282,0,0,0,0,0,0,-314.5064,121.1688,248.6837,-608.6455,193.0681,1150.775,-786.2526,-4.101097,1604.889,0,0,0,-3.193504,26.91333,-0.018775,-116.6722,-73.5153,-251.6502,-323.2183,-326.339,243.684,-421.4735,-583.5467,445.0535,0,0,0,-10.85624,70.46885,0.734925,-97.90934,47.97935,-29.01345,-217.9348,-252.3087,685.3043,-288.0897,-582.2149,1290.866,8.747379,6.218715,8.260349,9.610866,23.04269,29.00039,-0.121947,-10.56841,-5.513524,11.3446,0.100871,7.166862,-2.16555,61.5519,26.8322,25.61347,-13.1752,70.10813,39.97518,23.86107,-15.92444,61.61403,46.60783,7.951915,40.32394,134.5013,0,-62.45475,106.3061,271.7014,1.158352,109.959,71.62772,74.48569,20.44979,-10.19714,65.8505,35.40573,-355.9185,132.9151,102.6331,-67.94197,-566.8096,65.05808,1229.583,678.0629,-49.22776,713.5411,5263.996,1828.329,32.64278,2222.05,868.6708,-3239.457,-15093.56,6532.058,821.3241,3471.432,-14618.98,3556.433,-1599.358,630.5323,-25023.56,4677.66
176,2933.333,00:00:02:933,0,0,0,2.512528,-0.978382,1.854603,4.679584,-2.928492,6.337486,6.229643,-4.320086,9.539481,8.03495,-5.084415,12.08675,2.145132,0.012838,2.288352,3.605461,0.004286,9.291883,3.521734,-1.365931,14.05744,3.476056,-2.141342,16.72475,3.495872,-3.193369,18.92466,0.59655,0.110736,2.296674,1.028007,0.217537,10.26065,1.786051,-4.039515,12.51353,2.314467,-6.802491,12.54512,2.728747,-8.838372,11.5894,-0.74827,0.001735,2.303988,-1.210694,-0.035973,9.700067,-0.553546,-4.215417,11.24073,0.193103,-6.874021,10.70296,0.885174,-8.516184,9.304412,-1.943712,-0.121182,2.310502,-3.194787,-0.350273,8.967258,-2.822734,-3.249655,10.66387,-2.321371,-4.944023,10.5599,-1.707368,-6.694497,10.08197,0,0,0,-9.222717,31.86444,-59.08022,-9.260565,31.86444,-59.08021,-21.07825,31.86444,-59.08022,-21.07825,31.86444,-59.08022,0.068498,11.77817,0,15.7425,-3.267535,7.934489,15.91275,-3.267529,7.934491,25.36594,-3.267539,7.93449,25.36594,-3.267539,7.93449,-0.767195,3.101027,0,62.47051,-1.432193,10.84308,89.35643,-1.432196,10.8431,114.711,-1.4322,10.84309,114.711,-1.4322,10.84309,0.208005,-3.583464,1.337635,69.53195,-11.89679,13.33562,101.2652,-11.8968,13.33562,129.1187,-11.89679,13.33562,129.1187,-11.89679,13.33562,1.461353,-10.71888,2.566658,58.84325,-14.01454,15.64196,93.47095,-14.01455,15.64196,104.901,-14.01455,15.64196,104.901,-14.01455,15.64196,0,0,0,0,0,0,8.381768,-0.79703,-4.233419,14.09005,-1.554899,-7.216706,21.32092,1.092799,-11.29845,0,0,0,0,0,0,11.69731,-23.77254,-5.352079,18.26166,-37.27592,-8.431344,23.74953,-54.09886,-15.16771,0,0,0,0,0,0,1.538414,-1.123801,-2.602726,1.143202,-1.23243,-4.499316,-0.090357,-1.085847,-5.366563,0,0,0,-0.212068,1.769753,-0.000626,3.493281,2.808854,1.327425,-0.26118,-4.798829,24.37654,-2.037965,-12.21442,31.55154,0,0,0,-0.722341,4.631791,0.051141,-5.187101,7.513537,6.284505,-14.26399,-0.137128,30.17047,-22.04766,-10.17621,48.35804,0,0,0,0,0,0,-129.7197,51.20471,54.37642,-238.7675,75.74691,96.10622,-302.6042,120.8603,119.0043,0,0,0,0,0,0,-8.494555,-29.11225,-152.6713,-12.42131,-53.37328,-241.1252,-44.05528,-112.8999,-404.9867,0,0,0,0,0,0,-124.2721,87.86111,188.0765,-164.4475,89.14589,366.3039,-158.2791,26.58069,513.3855,0,0,0,-3.25922,34.33705,-0.201166,-30.85309,124.4022,245.7681,-116.3173,50.53818,823.4301,-146.812,-78.59409,990.2258,0,0,0,-10.44854,90.2175,-0.203848,-216.1009,159.3956,159.114,-452.3928,271.8016,599.1652,-645.9288,355.795,798.2682,8.422371,6.518846,8.404627,10.07593,23.50964,30.79944,-0.034264,-11.81768,-3.277456,16.04124,0.169021,9.453197,-1.339107,62.11175,26.88589,25.35462,-11.6374,69.7646,31.73319,27.85352,-13.7307,59.66534,34.62767,11.43005,28.01697,107.943,5.260952,-74.95668,134.1641,281.7987,4.088994,137.1801,49.58661,33.59116,3.221054,-15.53146,92.26827,-20.61172,-494.5191,239.5468,131.6241,-116.9215,-718.8091,208.6878,-738.4184,-1593.499,315.6571,-750.1155,1671.478,605.8337,175.8385,1633.268,-1322.467,-2453.672,-1033.724,-320.0592,1585.066,-3361.047,-8316.033,6397.901,1739.462,-2938.773,-9119.971,8617.785
177,2950,00:00:02:950,0,0,0,2.512528,-0.978382,1.854603,4.772564,-2.949618,6.281991,6.387141,-4.357677,9.444666,8.261917,-5.10851,11.94534,2.145132,0.012838,2.288352,3.605461,0.004286,9.291883,3.653368,-1.782015,13.9181,3.680864,-2.790776,16.50644,3.743472,-4.135742,18.53965,0.59655,0.110736,2.296674,1.028007,0.217537,10.26065,1.819842,-4.041306,12.49847,2.351707,-6.797155,12.68998,2.766523,-8.863739,11.80286,-0.74827,0.001735,2.303988,-1.213564,-0.008974,9.699975,-0.531429,-4.163378,11.29649,0.132095,-6.897346,11.29335,0.811141,-8.711596,10.11905,-1.943712,-0.121182,2.310502,-3.204279,-0.279483,8.967527,-2.967558,-3.089818,10.83014,-2.63577,-4.790657,11.19087,-2.150007,-6.64002,11.07484,0,0,0,-9.810767,32.83556,-58.78351,-9.813089,32.83557,-58.7835,-22.19413,32.83555,-58.78349,-22.19413,32.83555,-58.78349,0.068498,11.77817,0,21.09505,-1.045627,4.244555,21.27519,-1.045626,4.244555,33.49878,-1.045628,4.244554,33.49878,-1.045628,4.244554,-0.767195,3.101027,0,62.67579,-0.871759,10.98297,86.0962,-0.871762,10.98298,112.8278,-0.871762,10.98298,112.8278,-0.871762,10.98298,0.044085,-3.600514,0.616489,68.81033,-11.19568,13.62903,90.06525,-11.19567,13.62903,121.9003,-11.19568,13.62903,121.9003,-11.19568,13.62903,1.118087,-10.74744,1.182944,55.4877,-13.42805,13.887,77.90559,-13.42805,13.88699,93.57034,-13.42805,13.887,93.57034,-13.42805,13.887,0,0,0,0,0,0,5.578815,-1.267567,-3.329694,9.449913,-2.255425,-5.68892,13.61802,-1.445733,-8.484631,0,0,0,0,0,0,7.89801,-24.96508,-8.360445,12.28845,-38.96608,-13.09839,14.85597,-56.54237,-23.10088,0,0,0,0,0,0,2.027459,-0.107467,-0.903457,2.234392,0.320166,8.691608,2.266578,-1.522019,12.80715,0,0,0,-0.172181,1.61996,-0.005499,1.327034,3.122337,3.34543,-3.660483,-1.399577,35.42362,-4.441972,-11.72474,48.87803,0,0,0,-0.569522,4.247385,0.016138,-8.689463,9.590181,9.975939,-18.86399,9.201965,37.8579,-26.55837,3.268629,59.57217,0,0,0,0,0,0,-168.1772,-28.23226,54.22351,-278.408,-42.03155,91.66714,-462.174,-152.3119,168.8289,0,0,0,0,0,0,-227.9583,-71.55221,-180.5019,-358.3927,-101.4097,-280.0226,-533.6134,-146.611,-475.9901,0,0,0,0,0,0,29.34269,60.98001,101.9561,65.47137,93.15579,791.4554,141.4161,-26.17031,1090.422,0,0,0,2.393202,-8.987601,-0.292361,-129.9748,18.80899,121.0803,-203.9582,203.9552,662.8247,-144.2405,29.38091,1039.589,0,0,0,9.16913,-23.06431,-2.100169,-210.1417,124.5987,221.486,-275.9999,560.3456,461.2461,-270.6429,806.6904,672.8482,8.052796,6.657432,8.475354,10.5599,24.00038,32.04281,0,-12.38104,-1.04399,21.11284,0.180226,12.22357,-0.780344,62.28024,23.42037,26.73161,-10.92699,68.97845,21.25496,31.83507,-13.27776,56.46466,22.41788,15.66478,29.44439,74.60208,2.055841,-33.8015,134.008,304.2957,0.672319,166.222,33.52578,10.10925,-207.9311,82.61947,42.62437,-47.16934,-628.694,238.8932,27.17634,-192.0405,-732.5878,254.0841,85.64529,-2000.452,-192.3066,2469.311,-9.366759,1349.824,-205.0005,1742.516,-963.6495,-1408.914,-12669.13,5889.056,-2978.634,-1593.457,-8050.492,-39.21386,-6266.865,-4507.141,-826.7211,2723.777
178,2966.667,00:00:02:967,0,0,0,2.512528,-0.978382,1.854603,4.84281,-2.968889,6.236722,6.505774,-4.392066,9.367393,8.437578,-5.128994,11.82849,2.145132,0.012838,2.288352,3.605461,0.004286,9.291883,3.707114,-2.20669,13.72994,3.764071,-3.453821,16.21173,3.813097,-5.094806,18.01493,0.59655,0.110736,2.296674,1.028007,0.217537,10.26065,1.842827,-3.974266,12.61383,2.383399,-6.681839,13.15335,2.825507,-8.814456,12.45599,-0.74827,0.001735,2.303988,-1.215271,0.008881,9.699871,-0.574391,-4.083736,11.46424,-0.032829,-6.789719,12.01126,0.609081,-8.772305,11.12306,-1.943712,-0.121182,2.310502,-3.209754,-0.232614,8.967438,-3.128501,-2.868593,11.08129,-2.981132,-4.4178,11.92467,-2.638714,-6.270993,12.26819,0,0,0,-10.22966,33.62143,-58.55548,-10.19793,33.62143,-58.5555,-23.14992,33.62145,-58.55551,-23.14992,33.62145,-58.55551,0.068498,11.77817,0,26.48795,1.015304,0.595915,26.68615,1.015306,0.595916,42.30628,1.015308,0.595917,42.30628,1.015308,0.595917,-0.767195,3.101027,0,61.13934,-0.816844,11.45039,78.94221,-0.816842,11.45039,107.7564,-0.816846,11.45039,107.7564,-0.816846,11.45039,-0.06408,-3.612908,0.14011,66.51523,-10.48001,13.41868,78.59546,-10.48001,13.41868,113.4994,-10.48001,13.41868,113.4994,-10.48001,13.41868,0.891871,-10.77237,0.26885,49.93399,-13.67321,13.01015,60.63486,-13.67322,13.01015,79.36491,-13.67322,13.01015,79.36491,-13.67322,13.01015,0,0,0,0,0,0,4.214734,-1.156233,-2.716139,7.117957,-2.063401,-4.636332,10.53965,-1.228988,-7.011026,0,0,0,0,0,0,3.224797,-25.4805,-11.28995,4.992462,-39.78267,-17.68291,4.177518,-57.54382,-31.48296,0,0,0,0,0,0,1.379102,4.022464,6.921619,1.901574,6.918937,27.80226,3.539018,2.956956,39.18805,0,0,0,-0.102405,1.071307,-0.006214,-2.577762,4.778489,10.06503,-9.895423,6.457686,43.07453,-12.12363,-3.642529,60.24098,0,0,0,-0.328526,2.812173,-0.005364,-9.656589,13.27353,15.06883,-20.72172,22.37141,44.02824,-29.32241,22.14163,71.60094,0,0,0,0,0,0,-81.84492,6.680041,36.81333,-139.9174,11.52143,63.15529,-184.7023,13.00469,88.41629,0,0,0,0,0,0,-280.3927,-30.92551,-175.7705,-437.7593,-48.99519,-275.0712,-640.7072,-60.08684,-502.9248,0,0,0,0,0,0,-38.90141,247.7958,469.5045,-19.96904,395.9262,1146.639,76.34641,268.7385,1582.854,0,0,0,4.186592,-32.91916,-0.042915,-234.2877,99.36912,403.1762,-374.0964,471.4357,459.0547,-460.8993,484.9326,681.7771,0,0,0,14.45979,-86.11273,-1.290142,-58.02758,221.0006,305.5733,-111.4638,790.1666,370.2199,-165.8422,1132.38,721.7259,7.723927,6.743274,8.663528,11.14369,24.42915,33.00272,0.027976,-12.95199,1.015293,26.48183,0.197824,15.62008,-0.711619,60.69119,17.80287,28.81414,-10.23733,66.67858,12.08022,34.90392,-13.62837,51.27311,10.70083,18.73003,25.72586,57.59491,1.678587,-34.25663,123.5569,322.1395,1.055864,203.7911,4.123464,-95.34278,-337.0501,124.9517,41.37971,-137.9919,-550.4846,184.1306,-21.03676,-311.4933,-703.0228,183.9149,-223.1117,-1020.43,-22.63524,-27.30789,-627.0611,1070.625,23.01271,2254.141,-1764.139,-6327.122,-7747.139,2539.936,-74.67956,-5449.356,4692.561,-3285.757,-2892.786,-7167.164,1773.9,-4210.153
179,2983.333,00:00:02:983,0,0,0,2.512528,-0.978382,1.854603,4.9368,-2.942991,6.197242,6.580105,-4.41366,9.316323,8.550326,-5.141911,11.74939,2.145132,0.012838,2.288352,3.605461,0.004286,9.291883,3.78296,-2.509593,13.56318,3.881857,-3.924634,15.95185,3.913058,-5.759125,17.55823,0.59655,0.110736,2.296674,1.028007,0.217537,10.26065,1.799777,-3.830331,12.86674,2.286573,-6.373727,13.96602,2.715796,-8.592542,13.61609,-0.74827,0.001735,2.303988,-1.215744,0.014135,9.699835,-0.651931,-3.945495,11.76785,-0.25891,-6.489225,12.90356,0.304194,-8.624278,12.39753,-1.943712,-0.121182,2.310502,-3.211245,-0.218814,8.967371,-3.294835,-2.630457,11.33387,-3.322107,-3.925662,12.54001,-3.112286,-5.6844,13.26966,0,0,0,-11.31774,34.08579,-58.67363,-9.631612,34.08578,-58.67364,-23.94127,34.0858,-58.67366,-23.94127,34.0858,-58.67366,0.068498,11.77817,0,30.33551,3.721335,-2.290101,30.49914,3.721338,-2.2901,48.69099,3.721333,-2.290103,48.69099,3.721333,-2.290103,-0.767195,3.101027,0,57.68946,-0.195531,10.91817,66.99845,-0.195534,10.91817,98.80199,-0.195533,10.91817,98.80199,-0.195533,10.91817,-0.095874,-3.616721,0,62.29993,-8.860954,12.72743,65.88541,-8.860953,12.72744,103.0663,-8.860953,12.72744,103.0663,-8.860953,12.72744,0.825436,-10.78063,0,43.58849,-14.83067,13.06549,45.17873,-14.83068,13.06548,66.79495,-14.83068,13.06548,66.79495,-14.83068,13.06548,0,0,0,0,0,0,5.639456,1.553859,-2.368837,4.459888,-1.295574,-3.0642,6.764889,-0.775024,-4.746169,0,0,0,0,0,0,4.550769,-18.17412,-10.00535,7.067152,-28.24878,-15.59257,5.99762,-39.85917,-27.40225,0,0,0,0,0,0,-2.583023,8.636086,15.17486,-5.809564,18.48672,48.7605,-6.582677,13.31489,69.60587,0,0,0,-0.028398,0.315252,-0.00219,-4.652344,8.294462,18.21644,-13.56484,18.02963,53.53792,-18.2932,8.881598,76.4683,0,0,0,-0.089429,0.827953,-0.004023,-9.979985,14.28812,15.15519,-20.45846,29.52828,36.92029,-28.41431,35.19556,60.08845,0,0,0,0,0,0,85.48334,162.6055,20.83808,-159.4842,46.06961,94.32791,-226.4857,27.23783,135.8914,0,0,0,0,0,0,79.55832,438.3828,77.07595,124.4813,692.0333,125.4201,109.2061,1061.079,244.8426,0,0,0,0,0,0,-237.7275,276.8174,495.1947,-462.6682,694.0671,1257.495,-607.3017,621.4758,1825.069,0,0,0,4.440397,-45.36329,0.241399,-124.4749,210.9584,489.0847,-220.1651,694.3165,627.8032,-370.1743,751.4475,973.6393,0,0,0,14.34579,-119.0532,0.080466,-19.40377,60.87541,5.182027,15.79553,429.4123,-426.4766,54.48568,783.2358,-690.7493,7.458408,7.030873,8.974725,11.77379,24.34199,34.17238,1.686208,-14.30966,3.7241,30.47899,0.164325,18.19186,-0.102792,57.22581,9.30901,31.80352,-8.673396,62.42308,3.585394,37.18083,-14.89056,45.54125,1.590286,21.61622,-5.229492,70.17929,99.4939,-81.46075,162.5284,239.8294,-2.009939,154.3064,36.52962,-207.9227,-509.6313,179.3628,93.83611,-255.33,-509.6892,136.615,-75.73099,-343.9112,-546.6327,173.1713,-1857.321,755.063,5868.918,-2832.247,2338.29,-4938.608,-183.9482,-2969.08,1944.369,-6754.792,-10354.87,3264.662,3147.384,-7040.285,2447.723,-2850.937,-3281.654,-1945.074,9383.404,-644.6163
180,3000,00:00:03:000,0,0,0,2.512528,-0.978382,1.854603,5.023184,-2.908182,6.163637,6.637866,-4.42336,9.276359,8.62871,-5.150653,11.69286,2.145132,0.012838,2.288352,3.605461,0.004286,9.291883,3.817913,-2.72385,13.42797,3.935969,-4.257332,15.74149,3.904805,-6.223141,17.18419,0.59655,0.110736,2.296674,1.028007,0.217537,10.26065,1.709643,-3.556012,13.27201,2.105435,-5.749843,14.98803,2.488536,-7.99936,15.13879,-0.74827,0.001735,2.303988,-1.215744,0.014135,9.699835,-0.799542,-3.640928,12.29609,-0.538275,-5.927662,13.91394,-0.066348,-8.142756,13.86662,-1.943712,-0.121182,2.310502,-3.211245,-0.218814,8.967371,-3.546364,-2.160609,11.71336,-3.72095,-3.179679,13.15005,-3.67619,-4.732879,14.27038,0,0,0,-12.31628,34.43254,-58.66064,-8.900965,34.43253,-58.66063,-24.2877,34.43254,-58.66065,-24.2877,34.43254,-58.66065,0.068498,11.77817,0,32.87025,6.796859,-5.925763,33.00086,6.796862,-5.925763,53.43036,6.796862,-5.925759,53.43036,6.796862,-5.925759,-0.767195,3.101027,0,51.8528,0.798414,9.612174,52.40759,0.798413,9.612175,86.21952,0.798415,9.612175,86.21952,0.798415,9.612175,-0.095874,-3.616721,0,54.4322,-7.556429,11.8683,54.54223,-7.556429,11.86831,91.20732,-7.556428,11.8683,91.20732,-7.556428,11.8683,0.825436,-10.78063,0,32.40136,-15.78853,13.41395,32.48939,-15.78853,13.41394,52.57145,-15.78853,13.41394,52.57145,-15.78853,13.41394,0,0,0,0,0,0,5.183033,2.088547,-2.016283,3.465638,-0.582017,-2.397895,4.702985,-0.524573,-3.391385,0,0,0,0,0,0,2.097152,-12.85547,-8.112609,3.246725,-19.96191,-12.62185,-0.495136,-27.84097,-22.44195,0,0,0,0,0,0,-5.408026,16.45911,24.31592,-10.86828,37.43309,61.32012,-13.6356,35.5909,91.36229,0,0,0,0,0,0,-8.856659,18.27404,31.69436,-16.76192,33.69373,60.62292,-22.23252,28.89132,88.14534,0,0,0,0.000022,0,0,-15.09178,28.1909,22.76941,-23.9306,44.75896,36.60258,-33.83421,57.09127,60.04339,0,0,0,0,0,0,-27.38535,32.08123,21.15324,-59.65499,42.81342,39.97832,-123.7142,15.02707,81.287,0,0,0,0,0,0,-147.217,319.1191,113.5647,-229.2256,497.2118,178.2434,-389.5653,721.0917,297.618,0,0,0,0,0,0,-169.5002,469.3811,548.4634,-303.5228,1136.782,753.5771,-423.1754,1336.561,1305.385,0,0,0,1.703873,-18.91513,0.131428,-252.2589,598.7749,808.6752,-191.8249,939.8459,425.1004,-236.3589,1200.583,700.6223,0,0,0,5.367099,-49.67719,0.241399,-306.7079,834.167,456.8526,-208.3285,913.8406,-19.06246,-325.1937,1313.742,-2.703666,7.322583,7.595479,9.448912,12.5789,24.12521,35.2272,3.415295,-15.38672,6.816041,33.40858,0.129722,20.42948,0.861165,51.40951,0.554261,33.81193,-7.433607,54.61317,0.110143,36.6651,-16.01893,35.26556,0.088469,20.08205,-13.0069,63.28903,103.7452,-64.62335,185.5165,175.7755,-2.07618,134.2576,57.83743,-348.9779,-525.2849,120.5047,74.38737,-468.5948,-208.515,-30.94414,-67.70261,-616.5413,-90.10897,-92.05032,-466.6442,-413.4157,255.0801,1010.244,1379.281,-3843.231,-3.974447,-1202.927,1278.468,-8463.316,-939.2138,-3531.486,-1166.925,-12795.88,18070.45,-10053.55,481.7024,-16357.8,27391.42,-15913.3
181,3016.667,00:00:03:017,0,0,0,2.512528,-0.978382,1.854603,5.165008,-2.842956,6.107016,6.722812,-4.434356,9.210673,8.732984,-5.17171,11.60805,2.145132,0.012838,2.288352,3.605461,0.004286,9.291883,3.842147,-2.753173,13.40716,3.973748,-4.301742,15.70987,3.894074,-6.304814,17.09844,0.59655,0.110736,2.296674,1.028007,0.217537,10.26065,1.546581,-2.946072,13.93424,1.846608,-4.778262,16.04784,2.1607,-6.935486,16.7389,-0.74827,0.001735,2.303988,-1.215744,0.014135,9.699835,-0.976315,-3.028963,13.00974,-0.823329,-4.942316,15.06657,-0.470906,-7.110709,15.61925,-1.943712,-0.121182,2.310502,-3.211245,-0.218814,8.967371,-3.827764,-1.407937,12.07047,-4.150116,-2.032543,13.69498,-4.365192,-3.1233,15.25497,0,0,0,-14.00591,34.95651,-58.63154,-7.547241,34.95653,-58.63156,-24.49174,34.95653,-58.63156,-24.49174,34.95653,-58.63156,0.068498,11.77817,0,32.88417,8.836551,-8.45962,32.98266,8.836553,-8.459622,54.81265,8.836555,-8.459619,54.81265,8.836555,-8.459619,-0.767195,3.101027,0,41.09494,1.236206,7.89212,41.28099,1.236207,7.892124,72.407,1.236204,7.89212,72.407,1.236204,7.89212,-0.095874,-3.616722,0,42.379,-5.650782,10.65781,42.72076,-5.650784,10.65781,75.80815,-5.650784,10.65781,75.80815,-5.650784,10.65781,0.825435,-10.78063,0,18.12075,-14.97654,10.89224,18.18614,-14.97655,10.89224,32.54282,-14.97654,10.89225,32.54282,-14.97654,10.89225,0,0,0,0,0,0,8.509397,3.913566,-3.397264,5.096778,-0.659779,-3.941148,6.256432,-1.263365,-5.088642,0,0,0,0,0,0,1.454025,-1.75935,-1.248836,2.266735,-2.664573,-1.897037,-0.643887,-4.900351,-5.14537,0,0,0,0,0,0,-9.783703,36.59645,39.7338,-15.52964,58.29482,63.58891,-19.67014,63.83241,96.00627,0,0,0,-0.000006,0,0,-10.60641,36.7179,42.819,-17.10322,59.1208,69.15762,-24.27348,61.92281,105.1576,0,0,0,0,0.000004,0,-16.88399,45.16031,21.42647,-25.74999,68.82819,32.6955,-41.34015,96.57471,59.07493,0,0,0,0,0,0,199.5818,109.5012,-82.85881,97.86842,-4.665702,-92.5952,93.20678,-44.32752,-101.8354,0,0,0,0,0,0,-38.58759,665.7672,411.8263,-58.79939,1037.84,643.4888,-8.92505,1376.437,1037.795,0,0,0,0,0,0,-262.5406,1208.241,925.0723,-279.682,1251.704,136.1275,-362.072,1694.491,278.6386,0,0,0,-0.000335,0,0,-104.985,1106.631,667.4784,-20.47795,1525.624,512.082,-122.4579,1981.889,1020.736,0,0,0,-0.001341,0.000251,0,-107.5324,1018.164,-80.57623,-109.1632,1444.154,-234.425,-450.3563,2369.007,-58.10737,7.405627,8.522405,10.22551,13.74984,23.67621,36.95422,6.458679,-16.94449,8.878586,33.82425,0.096913,21.82996,1.273954,40.73427,0.186626,31.126,-5.593699,42.59516,0.341497,33.08741,-15.23854,20.96707,0.065611,14.35666,-26.93985,103.6217,182.603,-93.46629,123.7527,24.94011,-1.968494,84.02881,24.76732,-640.5143,-22.05807,-161.1557,110.3945,-721.0803,13.88119,-214.6614,46.82384,-857.9094,-1.371523,-343.5229,-835.9771,2419.958,4731.467,-1730.576,-3705.828,-9050.124,6.461176,-3013.728,-1984.206,-17492.18,30193.61,-16899.62,2160.425,-15149.13,13343.77,-11023.04,6871.587,-14482.08,5324.247,-15088.35
182,3033.333,00:00:03:033,0,0,0,2.512528,-0.978382,1.854603,5.26707,-2.791455,6.064183,6.754202,-4.451786,9.166397,8.783468,-5.194615,11.54593,2.145132,0.012838,2.288352,3.605461,0.004286,9.291883,3.999554,-2.711698,13.42264,4.219831,-4.234902,15.73548,4.195775,-6.222194,17.14858,0.59655,0.110736,2.296674,1.028007,0.217537,10.26065,1.403917,-2.153286,14.50453,1.621706,-3.536698,16.9444,1.831377,-5.447293,18.18355,-0.74827,0.001735,2.303988,-1.215744,0.014135,9.699835,-1.078196,-2.096332,13.67479,-0.988607,-3.436898,16.14657,-0.770723,-5.314154,17.39558,-1.943712,-0.121182,2.310502,-3.211245,-0.218814,8.967371,-4.006209,-0.739329,12.21089,-4.422539,-1.011919,13.90955,-4.812281,-1.591869,15.69318,0,0,0,-15.56786,35.19536,-59.15131,-6.393384,35.19535,-59.15133,-25.05583,35.19536,-59.15133,-25.05583,35.19536,-59.15133,0.068498,11.77817,0,31.99068,10.86685,-8.538581,32.03513,10.86686,-8.538582,53.83915,10.86685,-8.538585,53.83915,10.86685,-8.538585,-0.767195,3.101027,0,29.40148,2.440602,4.688048,29.76441,2.440603,4.688049,57.15668,2.440603,4.688051,57.15668,2.440603,4.688051,-0.095875,-3.616722,0,27.92383,-2.367988,8.186509,28.4364,-2.36799,8.186507,56.50685,-2.367989,8.18651,56.50685,-2.367989,8.18651,0.825436,-10.78063,0,6.577914,-14.97785,9.169903,6.577683,-14.97786,9.169901,15.45349,-14.97785,9.169902,15.45349,-14.97785,9.169902,0,0,0,0,0,0,6.123751,3.090061,-2.569981,1.883358,-1.045771,-2.656549,3.029108,-1.374341,-3.727153,0,0,0,0,0,0,9.44446,2.48852,0.929296,14.765,4.010372,1.536459,18.10203,4.957191,3.008723,0,0,0,0,0,0,-8.559867,47.56712,34.21712,-13.49414,74.49384,53.79349,-19.7594,89.29159,86.67934,0,0,0,0.000006,0.000001,0,-6.112844,55.95786,39.90295,-9.916674,90.32506,64.80029,-17.98903,107.7933,106.58,0,0,0,0,-0.000003,0,-10.70671,40.11647,8.425309,-16.34534,61.2374,12.87425,-26.82531,91.88589,26.2928,0,0,0,0,0,0,-143.1387,-49.4103,49.63697,-192.8052,-23.15953,77.07594,-193.6394,-6.658584,81.68935,0,0,0,0,0,0,479.426,254.8722,130.6879,749.8959,400.4967,206.0097,1124.755,591.4525,489.2456,0,0,0,0,0,0,73.43016,658.2402,-331.0007,122.1304,971.9413,-587.7253,-5.355745,1527.55,-559.616,0,0,0,0.000671,0.000042,0,269.614,1154.397,-174.9632,431.1929,1872.255,-261.4402,377.0669,2752.228,85.34216,0,0,0,0,-0.000419,0,370.637,-302.6299,-780.0695,564.2791,-455.448,-1189.275,870.8903,-281.3294,-1966.928,7.31386,9.615271,11.20336,14.66369,23.30161,38.19875,9.174489,-18.66243,10.94384,33.32497,0.044235,21.80399,2.449685,29.18973,0.363156,27.39225,-2.349771,27.96566,0.512437,28.07043,-15.18597,9.116994,0,8.87582,-22.47597,74.67155,162.9486,-103.0764,123.9154,-29.95674,-3.160718,-1.558227,70.54385,-692.6727,10.59179,-224.0251,194.6357,-877.7698,10.25642,-301.0189,3.154163,-711.0048,-3.936636,-328.8506,267.8329,-1737.007,-1179.267,-576.6037,9.765929,-3293.811,-71.53344,-5135.222,2746.591,-3129.503,1958.991,-3772.163,5054.474,-9401.37,-217.4865,-5181.448,-2620.18,8814.275,-153.9068,880.3344
183,3050,00:00:03:050,0,0,0,2.512528,-0.978382,1.854603,5.385262,-2.722361,6.014077,6.779843,-4.465333,9.113947,8.797267,-5.240653,11.49319,2.145132,0.012838,2.288352,3.605461,0.004286,9.291883,4.03082,-2.731343,13.40655,4.268972,-4.264161,15.71125,4.215732,-6.263915,17.10585,0.59655,0.110736,2.296674,1.028007,0.217537,10.26065,1.18948,-1.418189,14.85096,1.282842,-2.379857,17.49306,1.3616,-3.961096,19.14331,-0.74827,0.001735,2.303988,-1.215744,0.014135,9.699835,-1.316533,-1.203079,14.0336,-1.377672,-1.985234,16.73532,-1.346531,-3.451629,18.46169,-1.943712,-0.121182,2.310502,-3.211245,-0.218814,8.967371,-4.054868,-0.479711,12.22982,-4.496759,-0.615902,13.9384,-4.930984,-0.986716,15.76693,0,0,0,-17.17885,35.49527,-59.29321,-4.639929,35.49528,-59.29319,-24.61151,35.49527,-59.2932,-24.61151,35.49527,-59.2932,0.068498,11.77817,0,31.80119,12.51754,-10.42887,31.81087,12.51755,-10.42887,54.1396,12.51754,-10.42887,54.1396,12.51754,-10.42887,-0.767195,3.101027,0,19.63956,1.589054,1.194423,20.02655,1.589053,1.194422,43.78915,1.589053,1.194423,43.78915,1.589053,1.194423,-0.095875,-3.616722,0,15.54559,-2.493203,4.154236,16.00446,-2.4932,4.154238,40.28752,-2.493204,4.154237,40.28752,-2.493204,4.154237,0.825436,-10.78062,0,1.936279,-15.02389,9.75413,1.921718,-15.0239,9.754131,8.764428,-15.0239,9.754129,8.764428,-15.0239,9.754129,0,0,0,0,0,0,7.091537,4.145622,-3.006331,1.538515,-0.812866,-3.147036,0.827909,-2.762273,-3.164649,0,0,0,0,0,0,1.875937,-1.178719,-0.965774,2.948418,-1.755506,-1.453936,1.197427,-2.503238,-2.563923,0,0,0,0,0,0,-12.86622,44.10583,20.78587,-20.33185,69.41045,32.91982,-28.18662,89.17182,57.58541,0,0,0,0,0,0,-14.30023,53.59515,21.52839,-23.34388,87.09984,35.32532,-34.54848,111.7515,63.96612,0,0,0,0,0.000001,0,-2.91954,15.57709,1.135647,-4.453227,23.76104,1.731098,-7.122159,36.30917,4.425108,0,0,0,0,0,0,58.06716,63.33365,-26.18104,-20.69055,13.9743,-29.42921,-132.0719,-83.27587,33.75021,0,0,0,0,0,0,-454.1113,-220.0343,-113.7042,-708.9949,-345.9526,-179.4237,-1014.276,-447.6257,-334.3588,0,0,0,0,0,0,-258.3813,-207.6775,-805.8749,-410.2626,-305.0033,-1252.42,-505.6335,-7.185816,-1745.635,0,0,0,-0.000335,-0.000026,0,-491.2432,-141.7622,-1102.474,-805.6326,-193.5131,-1768.498,-993.5669,237.4949,-2556.832,0,0,0,0,0.000251,0,467.23,-1472.363,-437.3797,713.5265,-2248.581,-668.5888,1182.189,-3334.603,-1312.062,7.31707,10.7448,12.43612,14.99419,22.74724,39.63083,12.5389,-19.97157,12.63835,33.61786,0,22.32871,1.589178,19.61319,0.387149,23.76258,-2.49693,15.68835,0.459275,24.28304,-15.2479,4.572176,0,6.842721,-33.26191,85.92498,201.8645,-78.54858,101.6704,17.57355,-2.654079,31.48315,-51.63042,-574.5919,1.439561,-217.7799,-8.829546,-736.6386,-3.18969,-227.2428,-3.716011,-272.6891,0,-121.9859,-647.1566,675.2059,2334.955,1471.667,-1334.701,2851.817,30.3983,1982.483,-7330.456,7084.848,-549.1335,374.7097,-12207.91,8467.869,-806.7664,4426.563,-412.2104,26298.94,236.1982,12411.88
184,3066.667,00:00:03:067,0,0,0,2.512528,-0.978382,1.854603,5.43789,-2.706368,5.983964,6.797583,-4.491445,9.075359,8.796108,-5.304599,11.45792,2.145132,0.012838,2.288352,3.605461,0.004286,9.291883,4.031734,-2.749959,13.39402,4.27047,-4.292974,15.69184,4.207994,-6.294008,17.08422,0.59655,0.110736,2.296674,1.028007,0.217537,10.26065,0.978172,-0.850182,15.01776,0.94918,-1.484306,17.75843,0.916892,-2.740304,19.66926,-0.74827,0.001735,2.303988,-1.215744,0.014135,9.699835,-1.560041,-0.563606,14.1519,-1.773798,-0.942607,16.93139,-1.872406,-2.037688,18.91196,-1.943712,-0.121182,2.310502,-3.211244,-0.218814,8.967371,-4.031305,-0.50175,12.23399,-4.460838,-0.649603,13.94475,-4.884281,-1.012499,15.77739,0,0,0,-17.83008,35.78942,-59.38076,-3.916588,35.78944,-59.38076,-23.96728,35.78941,-59.38074,-23.96728,35.78941,-59.38074,0.068498,11.77817,0,31.92264,12.95682,-10.99609,31.92648,12.95682,-10.99609,54.13388,12.95683,-10.99608,54.13388,12.95683,-10.99608,-0.767195,3.101027,0,12.65704,-0.409383,-0.84995,13.03442,-0.409383,-0.84995,33.32366,-0.409382,-0.849949,33.32366,-0.409382,-0.849949,-0.095875,-3.616722,0,7.069596,-4.892639,3.724652,7.440446,-4.892635,3.724654,28.65708,-4.892642,3.724651,28.65708,-4.892642,3.724651,0.825435,-10.78062,0,2.266637,-14.70257,10.17132,2.256007,-14.70258,10.17132,8.477934,-14.70256,10.17132,8.477934,-14.70256,10.17132,0,0,0,0,0,0,3.15763,0.959594,-1.806803,1.064345,-1.566701,-2.315238,-0.069559,-3.836766,-2.116263,0,0,0,0,0,0,0.054851,-1.116984,-0.751913,0.089899,-1.728751,-1.164526,-0.464246,-1.805573,-1.297921,0,0,0,0,0,0,-12.67844,34.08044,10.00821,-20.0197,53.73308,15.92231,-26.68248,73.24748,31.55708,0,0,0,0,0,0,-14.61048,38.36841,7.098556,-23.76756,62.55762,11.76354,-31.5525,84.83645,27.01646,0,0,0,0.000022,0.000001,0.000045,1.41377,-1.322323,0.250071,2.155244,-2.022036,0.380963,2.802148,-1.546986,0.627816,0,0,0,0,0,0,-236.0344,-191.1617,71.97171,-28.45019,-45.23009,49.90787,-53.84803,-64.46957,62.90317,0,0,0,0,0,0,-109.2651,3.70413,12.83169,-171.5112,1.605302,17.36462,-99.70037,41.85989,75.96014,0,0,0,0,0,0,11.26662,-601.5234,-646.6591,18.72852,-940.6421,-1019.851,90.24882,-955.4603,-1561.7,0,0,0,0,-0.000021,0,-18.61515,-913.6044,-865.7901,-25.42064,-1472.533,-1413.706,179.759,-1614.905,-2216.979,0,0,0,0.001341,0,0.002682,259.9986,-1013.965,-53.13456,396.5082,-1546.984,-81.00807,595.4584,-2271.369,-227.8375,7.327004,11.6655,13.41837,14.97441,22.70751,40.31488,13.91347,-20.05069,13.09052,33.8781,0,22.20739,-0.409261,12.65022,0.377424,20.28924,-4.903327,7.393907,0.370623,21.21661,-14.93998,4.950289,-0.019782,6.221921,-2.384033,41.04263,82.47447,-4.747123,27.13033,15.61432,0,-7.279357,-119.9063,-417.7782,-0.583506,-208.4005,-144.3838,-497.6667,-5.319163,-183.9859,18.47523,22.68679,-1.18694,-37.24803,1852.672,-2692.941,-7163.401,4428.087,-4472.403,-117.5538,159.2448,-2325.75,-4096.554,9408.821,-121.384,562.7673,-8133.257,14338.31,-127.7684,2595.417,1331.474,17722.55,-71.21642,5084.273
185,3083.333,00:00:03:083,0,0,0,2.512528,-0.978382,1.854603,5.461404,-2.712544,5.964603,6.742856,-4.565203,9.049653,8.670074,-5.464989,11.45966,2.145132,0.012838,2.288352,3.605461,0.004286,9.291883,3.997074,-2.833392,13.34025,4.216724,-4.422223,15.60857,4.124365,-6.459437,16.94573,0.59655,0.110736,2.296674,1.028007,0.217537,10.26065,0.776123,-0.476945,15.08007,0.630343,-0.893411,17.85848,0.498229,-1.891098,19.91201,-0.74827,0.001735,2.303988,-1.215744,0.014135,9.699835,-1.790566,-0.220848,14.15939,-2.148541,-0.382085,16.94519,-2.362063,-1.225239,19.03686,-1.943712,-0.121182,2.310502,-3.211245,-0.218814,8.967371,-3.930214,-0.523367,12.25579,-4.306871,-0.6821,13.97799,-4.677012,-1.061004,15.81892,0,0,0,-18.04041,36.06706,-59.4111,-2.405881,36.06707,-59.41111,-21.94312,36.06706,-59.4111,-21.94312,36.06706,-59.4111,0.068498,11.77817,0,33.04554,13.13354,-11.39596,33.02562,13.13354,-11.39595,55.7324,13.13354,-11.39595,55.7324,13.13354,-11.39595,-0.767195,3.101027,0,8.289328,-2.699209,-2.022933,8.613905,-2.69921,-2.022933,25.97843,-2.69921,-2.022933,25.97843,-2.69921,-2.022933,-0.095875,-3.616722,0,2.424068,-7.550061,4.376017,2.718902,-7.550064,4.376018,21.34155,-7.55006,4.376019,21.34155,-7.55006,4.376019,0.825436,-10.78063,0,3.233801,-12.9667,8.823982,3.208704,-12.96672,8.823984,9.544652,-12.96669,8.823983,9.544652,-12.96669,8.823983,0,0,0,0,0,0,1.410887,-0.370592,-1.161642,-3.283605,-4.425466,-1.542359,-7.56204,-9.623363,0.104427,0,0,0,0,0,0,-2.079606,-5.005974,-3.225893,-3.224775,-7.754936,-4.996329,-5.01772,-9.925782,-8.309662,0,0,0,0,0,0,-12.12294,22.3942,3.73882,-19.13019,35.4537,6.002783,-25.11974,50.95241,14.56511,0,0,0,0,0,0,-13.83148,20.56547,0.449002,-22.48461,33.63128,0.828445,-29.37939,48.74692,7.494181,0,0,0,-0.000045,-0.000003,-0.000045,6.06548,-1.29703,1.307845,9.238019,-1.949832,1.99458,12.43611,-2.910303,2.491414,0,0,0,0,0,0,-104.8046,-79.81113,38.70963,-260.877,-171.5259,46.3727,-449.5489,-347.1958,133.2414,0,0,0,0,0,0,-128.0674,-233.3394,-148.4388,-198.8804,-361.5711,-229.9082,-273.2084,-487.2125,-420.7044,0,0,0,0,0,0,33.33015,-701.1744,-376.1637,53.37077,-1096.763,-595.1713,93.76394,-1337.704,-1019.518,0,0,0,0,0.000021,0,46.74008,-1068.176,-398.9732,76.97698,-1735.58,-656.1058,130.3863,-2165.372,-1171.337,0,0,0,-0.004023,-0.000251,-0.005364,279.1026,1.517627,63.46642,424.9664,4.33227,96.817,578.0374,-81.79898,111.8159,7.1937,12.28796,14.03914,14.7154,22.87668,40.65899,15.63454,-19.53724,13.26519,35.02828,-0.019782,22.70679,-2.700666,8.199919,0.324455,17.36452,-7.573078,3.016231,0.295414,18.62263,-13.126,5.29128,-0.019782,6.335957,10.15045,20.64674,103.2638,30.80749,10.4801,69.01085,-1.18694,29.96418,-137.4843,-267.0182,-3.178124,-175.4834,-160.1851,-262.6606,-4.512539,-155.6393,108.8389,20.45949,0,6.842136,752.069,-1223.753,1247.36,2133.277,-999.0142,3203.792,-71.21642,2234.612,-1054.68,9045.601,-155.6771,1975.026,-948.0734,14100.37,48.39743,1700.793,5421.818,-133.6384,71.21642,2645.41
186,3100,00:00:03:100,0,0,0,2.512528,-0.978382,1.854603,5.450644,-2.743201,5.959257,6.649575,-4.644686,9.047771,8.479434,-5.649891,11.49176,2.145132,0.012838,2.288352,3.605461,0.004286,9.291883,3.989172,-2.856012,13.32506,4.197478,-4.476573,15.5719,4.095393,-6.531677,16.88068,0.59655,0.110736,2.296674,1.028007,0.217537,10.26065,0.693476,-0.247133,15.10263,0.500119,-0.5282,17.8951,0.333008,-1.342806,20.02543,-0.74827,0.001735,2.303988,-1.215744,0.014135,9.699835,-1.850086,-0.132622,14.15509,-2.245092,-0.237086,16.9386,-2.47888,-0.979958,19.06582,-1.943712,-0.121182,2.310502,-3.211245,-0.218814,8.967371,-3.832449,-0.479376,12.2794,-4.157847,-0.615365,14.01396,-4.480192,-0.954897,15.87148,0,0,0,-18.37516,36.01824,-60.45299,-1.579854,36.01822,-60.45298,-19.93969,36.01824,-60.45302,-19.93969,36.01824,-60.45302,0.068498,11.77817,0,33.37933,13.12006,-11.36931,33.8558,13.12005,-11.36931,56.55904,13.12005,-11.36931,56.55904,13.12005,-11.36931,-0.767195,3.101027,0,5.594757,-3.7715,-1.870522,5.860075,-3.7715,-1.870522,21.00217,-3.7715,-1.870523,21.00217,-3.7715,-1.870523,-0.095875,-3.616722,0,1.033233,-8.25043,5.862954,1.294727,-8.250428,5.862955,18.40171,-8.25043,5.862953,18.40171,-8.25043,5.862953,0.825436,-10.78062,0,2.973075,-11.11056,7.671636,2.957716,-11.11057,7.671638,8.812119,-11.11056,7.671638,8.812119,-11.11056,7.671638,0,0,0,0,0,0,-0.645608,-1.839369,-0.32077,-5.596876,-4.769012,-0.112966,-11.43837,-11.09415,1.926139,0,0,0,0,0,0,-0.474125,-1.357198,-0.911325,-1.154736,-3.26103,-2.200126,-1.738317,-4.33436,-3.902971,0,0,0,0,0,0,-4.958817,13.78871,1.353264,-7.813475,21.91262,2.196908,-9.913282,32.89752,6.804943,0,0,0,-0.000006,0,0,-3.571249,5.293544,-0.25776,-5.793068,8.699939,-0.395536,-7.009048,14.71685,1.737624,0,0,0,0.000022,0.000001,0,5.865879,2.639481,1.417011,8.941479,4.00413,2.158105,11.80923,6.366391,3.153741,0,0,0,0,0,0,-123.3896,-88.12664,50.45235,-138.7962,-20.61277,85.76362,-232.5797,-88.24735,109.3027,0,0,0,0,0,0,96.32883,218.9265,138.874,124.2024,269.6344,167.7722,196.7641,335.4853,264.4014,0,0,0,0,0,0,429.8474,-516.3293,-143.1334,679.003,-812.4647,-228.3525,912.3876,-1083.293,-465.6099,0,0,0,-0.000335,-0.00001,0,615.6139,-916.3157,-42.40572,1001.492,-1495.881,-73.43887,1342.221,-2041.804,-345.3933,0,0,0,0.004023,0.000251,0.002682,-11.97606,236.1906,6.549954,-17.79243,357.2377,9.81152,-37.61261,556.6016,39.73962,7.002697,12.55941,14.11593,14.46295,23.26554,40.59513,16.7953,-18.35982,13.24876,35.34396,0.476423,22.70323,-3.773149,5.481728,0.26467,15.14209,-8.294128,1.886682,0.260947,17.107,-11.21336,4.498234,0,5.854375,23.3313,-3.831482,69.64571,70.64507,-0.985508,18.94043,29.77234,-0.21389,-64.34895,-163.0915,-3.587102,-133.3458,-43.26301,-67.77295,-2.067988,-90.93749,114.7581,-47.58276,1.18694,-28.89487,790.8507,-1468.693,-2017.086,2390.254,-687.9363,-3004.225,1857.556,-1810.684,4388.122,6235.605,-24.53868,2528.252,7015.322,11693.26,146.673,3882.108,355.1536,-4082.534,71.21642,-2144.22
187,3116.667,00:00:03:117,0,0,0,2.512528,-0.978382,1.854603,5.453417,-2.762806,5.948782,6.584998,-4.707911,9.035542,8.325603,-5.803271,11.50584,2.145132,0.012838,2.288352,3.605461,0.004286,9.291883,3.986212,-2.867263,13.31734,4.198744,-4.477886,15.57092,4.094376,-6.529874,16.88439,0.59655,0.110736,2.296674,1.028007,0.217537,10.26065,0.660182,-0.098114,15.11221,0.447768,-0.292142,17.91069,0.271755,-0.977639,20.0853,-0.74827,0.001735,2.303988,-1.215744,0.014135,9.699835,-1.84987,-0.078984,14.15657,-2.245075,-0.148109,16.94114,-2.490568,-0.842656,19.08333,-1.943712,-0.121182,2.310502,-3.211244,-0.218814,8.967371,-3.832191,-0.487429,12.27881,-4.157453,-0.627601,14.01306,-4.483,-0.960536,15.87121,0,0,0,-18.66471,36.08612,-61.08235,-0.748941,36.08612,-61.08236,-18.01187,36.08613,-61.08237,-18.01187,36.08613,-61.08237,0.068498,11.77817,0,33.49058,13.27506,-11.58636,33.54396,13.27505,-11.58636,56.39896,13.27506,-11.58636,56.39896,13.27506,-11.58636,-0.767195,3.101027,0,3.799826,-4.258807,-1.173471,4.042804,-4.258806,-1.17347,17.53362,-4.258806,-1.173471,17.53362,-4.258806,-1.173471,-0.095875,-3.616722,0,0.446599,-8.171538,5.215066,0.670385,-8.171538,5.215068,17.18648,-8.171541,5.215067,17.18648,-8.171541,5.215067,0.825436,-10.78062,0,3.207885,-11.0984,7.15938,3.191405,-11.09841,7.159379,8.700275,-11.09841,7.159379,8.700275,-11.09841,7.159379,0,0,0,0,0,0,0.166342,-1.176327,-0.628509,-3.874629,-3.79347,-0.733718,-9.229838,-9.202815,0.844941,0,0,0,0,0,0,-0.177607,-0.675079,-0.463307,0.075974,-0.078768,-0.058919,-0.061065,0.108182,0.222981,0,0,0,0,0,0,-1.997659,8.941157,0.575066,-3.141018,14.16351,0.935733,-3.675174,21.91,3.59255,0,0,0,0,0,0,0.012986,3.21827,0.088513,0.001028,5.338649,0.152707,-0.701252,8.238164,1.050174,0,0,0,0.000022,0,0.000045,0.015534,-0.48322,-0.035629,0.023626,-0.734199,-0.054181,-0.168465,-0.338333,-0.015914,0,0,0,0,0,0,48.71695,39.78252,-18.46432,103.3348,58.5325,-37.24515,132.5118,113.4802,-64.87189,0,0,0,0,0,0,17.79109,40.92715,26.8811,73.84254,190.9357,128.4724,100.6351,266.5525,247.5571,0,0,0,0,0,0,177.6695,-290.8529,-46.69189,280.3474,-464.9469,-75.67047,374.2865,-659.2513,-192.7435,0,0,0,0.000335,0.000005,0,215.0542,-124.5164,20.77639,347.6458,-201.6774,32.89461,378.4677,-388.7211,-41.24701,0,0,0,0,-0.000084,0.002682,-351.0207,-187.362,-87.15837,-535.0711,-284.2997,-132.7371,-718.6616,-402.2834,-190.1793,6.881862,12.71843,14.10729,14.3725,23.54969,40.69006,17.91577,-17.26292,13.40741,35.50206,0.052339,22.85498,-4.259471,3.722522,0.242283,13.4908,-8.205688,1.196976,0.222936,16.51609,-11.18887,4.637557,-0.019782,5.508866,17.04929,5.695724,67.22832,65.81406,9.518737,9.486007,-25.44505,9.104919,-29.17934,-105.5523,-1.343193,-99.07745,5.306453,-41.38234,-2.280686,-35.4546,1.469421,8.359337,-1.18694,-20.73054,-376.9202,571.6323,-145.0433,-289.8605,630.2546,-567.2653,-3313.043,559.1285,2110.177,3452.349,134.6346,2056.102,2914.168,1583.436,-12.76185,3328.974,-6797.32,3356.525,-142.4328,489.8597
188,3133.333,00:00:03:133,0,0,0,2.512528,-0.978382,1.854603,5.441074,-2.782926,5.948811,6.513105,-4.756029,9.039056,8.157217,-5.933871,11.53735,2.145132,0.012838,2.288352,3.605461,0.004286,9.291883,4.003248,-2.722696,13.41504,4.226019,-4.25046,15.72462,4.154768,-6.236639,17.1377,0.59655,0.110736,2.296674,1.028007,0.217537,10.26065,0.629834,0.029807,15.11645,0.399898,-0.089095,17.91775,0.208412,-0.669036,20.12157,-0.74827,0.001735,2.303988,-1.215744,0.014135,9.699835,-1.772693,0.033807,14.16779,-2.119866,0.035882,16.95963,-2.340097,-0.56889,19.13157,-1.943712,-0.121182,2.310502,-3.211245,-0.218814,8.967371,-3.858264,-0.539421,12.26918,-4.197104,-0.707392,13.99835,-4.540679,-1.046247,15.85219,0,0,0,-18.84027,36.00367,-61.77419,-0.170717,36.00368,-61.77419,-16.10321,36.00368,-61.77419,-16.10321,36.00368,-61.77419,0.068498,11.77817,0,31.5959,12.55665,-11.16637,31.60027,12.55665,-11.16637,53.58274,12.55665,-11.16637,53.58274,12.55665,-11.16637,-0.767195,3.101027,0,2.308046,-4.638716,-1.247614,2.523836,-4.638716,-1.247613,14.79478,-4.638716,-1.247613,14.79478,-4.638716,-1.247613,-0.095875,-3.616722,0,-0.830258,-7.061485,4.700257,-0.621515,-7.061483,4.700257,14.95782,-7.061488,4.700255,14.95782,-7.061488,4.700255,0.825436,-10.78062,0,4.047007,-11.66322,7.070065,4.049195,-11.66323,7.070065,8.828104,-11.66322,7.070064,8.828104,-11.66322,7.070064,0,0,0,0,0,0,-0.740558,-1.207206,0.001721,-4.313528,-2.887085,0.210822,-10.10317,-7.836006,1.890599,0,0,0,0,0,0,1.022145,8.674028,5.861878,1.636505,13.64554,9.222596,3.623507,17.59406,15.19856,0,0,0,0,0,0,-1.82089,7.675249,0.254273,-2.872193,12.18279,0.423253,-3.800595,18.51616,2.175808,0,0,0,0,0,0,4.630632,6.767467,0.673681,7.512565,11.03948,1.108914,9.028248,16.42594,2.89464,0,0,0,-0.000022,0,-0.000045,-1.564421,-3.119501,-0.577971,-2.37903,-4.787441,-0.882536,-3.460742,-5.142649,-1.141727,0,0,0,0,0,0,-54.41397,-1.852736,37.81378,-26.33393,54.38312,56.67239,-52.39964,82.00854,62.73954,0,0,0,0,0,0,71.98512,560.9464,379.511,93.63189,823.4582,556.8909,221.0743,1049.153,898.5345,0,0,0,0,0,0,10.60612,-75.95448,-19.24753,16.12947,-118.8429,-30.74884,-7.525272,-203.6302,-85.00455,0,0,0,0,-0.000005,0,277.0587,212.9518,35.11011,450.6922,342.0499,57.37244,583.77,491.2662,110.6679,0,0,0,-0.002682,0,-0.005364,-94.79731,-158.1769,-32.54055,-144.1593,-243.1945,-49.70133,-197.5366,-288.259,-67.54874,6.890224,12.82929,14.02315,14.27387,23.78575,40.57577,18.66954,-15.93249,12.68268,33.47995,0.019782,21.98244,-4.639668,2.213993,0.214891,12.27094,-7.085016,-0.251788,0.20842,15.57934,-11.75767,5.546093,0,4.778892,14.16309,-6.857299,45.22613,79.82574,-43.48388,-121.3266,-1.953409,-52.35202,-22.81176,-90.51175,-1.643521,-73.1912,67.24027,-86.92586,-0.870947,-56.20485,-34.1276,54.51218,1.18694,-43.79845,-173.172,-753.1813,-1320.131,840.7008,-3180.157,-7848.755,1409.498,-3687.417,382.0547,902.4339,-18.01967,1553.175,3716.029,-2732.611,84.58432,-1245.015,-2135.821,2769.171,142.4328,-1384.075
189,3150,00:00:03:150,0,0,0,2.512528,-0.978382,1.854603,5.41922,-2.795965,5.958605,6.464487,-4.771609,9.056384,8.037259,-5.999234,11.57655,2.145132,0.012838,2.288352,3.605461,0.004286,9.291883,3.99239,-2.423792,13.59883,4.208015,-3.787722,16.00945,4.173234,-5.626323,17.61104,0.59655,0.110736,2.296674,1.028007,0.217537,10.26065,0.597784,0.293579,15.11675,0.349342,0.327758,17.91878,0.141726,-0.084516,20.15859,-0.74827,0.001735,2.303988,-1.215744,0.014135,9.699835,-1.767121,0.053325,14.16836,-2.110909,0.06756,16.96057,-2.332494,-0.545929,19.12993,-1.943712,-0.121182,2.310502,-3.211245,-0.218814,8.967371,-3.998537,-0.679293,12.22183,-4.410753,-0.921086,13.92614,-4.834372,-1.323847,15.75039,0,0,0,-18.84752,35.81119,-62.27719,-0.09329,35.8112,-62.27718,-14.80109,35.81117,-62.27718,-14.80109,35.81117,-62.27718,0.068498,11.77817,0,27.79276,10.97796,-10.81028,27.88425,10.97796,-10.81028,48.00923,10.97796,-10.81027,48.00923,10.97796,-10.81027,-0.767195,3.101027,0,-0.789682,-5.080059,-1.175819,-0.592135,-5.08006,-1.17582,10.49225,-5.080059,-1.175819,10.49225,-5.080059,-1.175819,-0.095875,-3.616722,0,-1.007409,-6.979848,4.168213,-0.798061,-6.979849,4.168213,15.24778,-6.979852,4.168212,15.24778,-6.979852,4.168212,0.825436,-10.78062,0,6.139872,-14.42924,6.972999,6.160826,-14.42925,6.972996,10.47751,-14.42924,6.973,10.47751,-14.42924,6.973,0,0,0,0,0,0,-1.311242,-0.782311,0.58765,-2.917081,-0.934817,1.039714,-7.197528,-3.921747,2.35185,0,0,0,0,0,0,-0.651442,17.93428,11.02745,-1.080237,27.76426,17.08942,1.107998,36.61897,28.40048,0,0,0,0,0,0,-1.922959,15.82633,0.01806,-3.033383,25.01119,0.062048,-4.001129,35.07124,2.221405,0,0,0,0,0,0,0.334293,1.171099,0.033796,0.537392,1.900633,0.056773,0.45621,1.377655,-0.098258,0,0,0,0,0,0,-8.416391,-8.392332,-2.84104,-12.81897,-12.82165,-4.332751,-17.6216,-16.65598,-6.107568,0,0,0,0,0,0,-34.24107,25.49372,35.15571,83.78683,117.1361,49.73351,174.3382,234.8555,27.67503,0,0,0,0,0,0,-100.4152,555.6149,309.9346,-163.0045,847.1234,472.0097,-150.9305,1141.495,792.1154,0,0,0,0,0,0,-6.124153,489.0647,-14.17279,-9.671374,769.7038,-21.67225,-12.03205,993.3047,2.735853,0,0,0,0,-0.000005,0,-257.7804,-335.7821,-38.39314,-418.5104,-548.3308,-63.12846,-514.3222,-902.8968,-179.5739,0,0,0,0.001341,0,0.002682,-411.1182,-316.3699,-135.7841,-626.3964,-482.0527,-207.0129,-849.6512,-690.7998,-297.9505,7.175294,13.07573,13.94001,14.31639,23.88762,40.30834,18.75421,-14.70778,11.08615,29.4125,0.092787,20.12498,-5.081183,-0.897003,0.196832,11.08438,-6.997987,-0.502411,0.209357,16.04584,-14.55197,8.053446,0.019782,4.316701,6.112747,-16.04576,5.080375,73.48257,-95.79145,-244.047,4.380304,-111.4478,-26.49092,-186.6597,-1.083568,-71.19398,5.221767,-15.03734,0.056204,27.99002,-167.6583,150.4412,1.18694,-27.73146,-483.0207,-551.3077,-2408.745,-380.5902,-3138.454,-7363.222,380.0228,-3545.748,-220.7496,-5768.878,33.59718,119.8334,-3721.11,4313.311,55.62906,5051.691,-8011.84,5755.738,0,964.0193
190,3166.667,00:00:03:167,0,0,0,2.512528,-0.978382,1.854603,5.369452,-2.824746,5.980644,6.419225,-4.785433,9.086392,7.956783,-6.031126,11.61939,2.145132,0.012838,2.288352,3.605461,0.004286,9.291883,3.959558,-2.035615,13.79838,4.156507,-3.183688,16.32048,4.146244,-4.809236,18.13824,0.59655,0.110736,2.296674,1.028007,0.217537,10.26065,0.617823,0.499019,15.11092,0.381053,0.654871,17.90983,0.185581,0.339386,20.16639,-0.74827,0.001735,2.303988,-1.215744,0.014135,9.699835,-1.758727,0.104743,14.16864,-2.097198,0.150668,16.96116,-2.314433,-0.418836,19.14292,-1.943712,-0.121182,2.310502,-3.211245,-0.218814,8.967371,-4.089279,-0.792162,12.18042,-4.548945,-1.093496,13.86297,-5.025888,-1.544115,15.6627,0,0,0,-18.37811,35.60419,-62.58556,-0.437012,35.60419,-62.58556,-14.25232,35.6042,-62.58558,-14.25232,35.6042,-62.58558,0.068498,11.77817,0,22.99596,9.201145,-10.79767,23.12008,9.20114,-10.79767,40.96342,9.201145,-10.79766,40.96342,9.201145,-10.79766,-0.767195,3.101027,0,-3.259296,-4.867981,-0.595009,-3.125458,-4.867981,-0.595009,7.980402,-4.867982,-0.595009,7.980402,-4.867982,-0.595009,-0.095875,-3.616722,0,-1.686927,-6.817982,4.45899,-1.468542,-6.817978,4.458991,14.07467,-6.81798,4.458991,14.07467,-6.81798,4.458991,0.825436,-10.78062,0,7.983144,-16.26991,6.553011,8.018435,-16.2699,6.553013,11.84614,-16.26991,6.553011,11.84614,-16.26991,6.553011,0,0,0,0,0,0,-2.986058,-1.726884,1.322374,-2.715736,-0.829451,1.800522,-4.828512,-1.913532,2.570405,0,0,0,0,0,0,-1.969926,23.2906,11.97284,-3.090508,36.24207,18.662,-1.619428,49.02523,31.63209,0,0,0,0,0,0,1.202325,12.32642,-0.349939,1.902669,19.62678,-0.536978,2.631275,25.43409,0.468135,0,0,0,0,0,0,0.503663,3.085061,0.016809,0.822645,4.986473,0.035226,1.083624,7.625607,0.779271,0,0,0,0,-0.000001,0,-5.444481,-6.772133,-2.484441,-8.291512,-10.34459,-3.790229,-11.49096,-13.2161,-5.2616,0,0,0,0,0,0,-100.489,-56.6744,44.08344,12.08067,6.32196,45.64851,142.141,120.4929,13.11332,0,0,0,0,0,0,-79.10905,321.3796,56.72336,-120.6162,508.6688,94.35474,-163.6456,744.3759,193.8967,0,0,0,0,0,0,187.5171,-209.9943,-22.07994,296.1631,-323.0647,-35.94159,397.9442,-578.2288,-105.1962,0,0,0,0,0.00001,0,10.16222,114.8377,-1.019239,17.11518,185.1504,-1.292825,37.6448,374.8771,52.65176,0,0,0,0,-0.000084,0,178.3146,97.21197,21.39598,271.6475,148.6239,32.55128,367.8381,206.3929,50.75813,7.649097,13.1919,13.91399,14.31892,24.10806,39.69923,17.9411,-13.81529,9.292231,24.35426,0.123541,17.84335,-4.868362,-3.321424,0.132704,11.10585,-6.838105,-1.161464,0.218503,15.5432,-16.40308,10.11758,0.039565,3.827662,13.22628,-36.54648,-48.78685,53.54925,-107.6355,-303.4944,1.845197,-136.898,12.76923,-145.4653,-3.847672,1.288433,9.592895,-39.5432,0.54879,-30.15844,-111.0666,123.848,1.18694,-29.34233,426.8119,-1230.043,-3232.033,-1195.999,-710.6401,-3566.849,-152.1064,-1527.01,2355.609,2471.666,-165.8463,4348.944,262.2676,-1470.351,29.55515,-3488.907,3395.503,-1595.589,0,-96.65221
191,3183.333,00:00:03:183,0,0,0,2.512528,-0.978382,1.854603,5.359059,-2.830504,5.985245,6.388479,-4.792936,9.096699,7.888873,-6.061986,11.64037,2.145132,0.012838,2.288352,3.605461,0.004286,9.291883,3.959147,-1.499318,14.00454,4.155638,-2.349461,16.64207,4.195009,-3.677921,18.68667,0.59655,0.110736,2.296674,1.028007,0.217537,10.26065,0.563234,0.670454,15.09298,0.295003,0.926065,17.8817,0.076296,0.687534,20.14557,-0.74827,0.001735,2.303988,-1.215744,0.014135,9.699835,-1.765184,0.108578,14.16777,-2.107596,0.156901,16.95977,-2.324575,-0.393217,19.14652,-1.943712,-0.121182,2.310502,-3.211245,-0.218814,8.967371,-4.13556,-0.860853,12.15434,-4.619562,-1.197531,13.82331,-5.12324,-1.684456,15.60622,0,0,0,-18.50136,35.45722,-63.02845,-0.410898,35.45722,-63.02845,-13.70639,35.45723,-63.02847,-13.70639,35.45723,-63.02847,0.068498,11.77817,0,16.68414,7.242681,-9.576959,16.85694,7.242683,-9.576961,32.30901,7.242682,-9.576959,32.30901,7.242682,-9.576959,-0.767195,3.101027,0,-5.318229,-5.505221,-0.123189,-5.201292,-5.505222,-0.123188,5.998895,-5.505221,-0.123189,5.998895,-5.505221,-0.123189,-0.095875,-3.616722,0,-1.804157,-6.880971,4.977233,-1.585642,-6.880972,4.977231,13.51025,-6.880969,4.977232,13.51025,-6.880969,4.977232,0.825436,-10.78062,0,9.227091,-17.19681,5.997273,9.241611,-17.19682,5.997272,13.02198,-17.19681,5.997273,13.02198,-17.19681,5.997273,0,0,0,0,0,0,-0.623614,-0.345457,0.276044,-1.844734,-0.450186,0.618339,-4.074633,-1.851596,1.258582,0,0,0,0,0,0,-0.024676,32.17781,12.36981,-0.052124,50.05364,19.29501,2.925932,67.87888,32.90552,0,0,0,0,0,0,-3.275335,10.28609,-1.076102,-5.162989,16.27164,-1.687646,-6.557085,20.8889,-1.249194,0,0,0,0.000006,0,0,-0.387412,0.230117,-0.052124,-0.623837,0.374,-0.083417,-0.608515,1.537129,0.216186,0,0,0,0,0.000001,0,-2.776868,-4.121432,-1.564711,-4.237041,-6.242081,-2.379566,-5.841136,-8.420437,-3.388524,0,0,0,0,0,0,141.7467,82.88562,-62.77978,52.26016,22.75586,-70.93101,45.23277,3.7162,-78.70941,0,0,0,0,0,0,116.715,533.2325,23.81801,182.303,828.6938,37.98008,272.7216,1131.219,76.4054,0,0,0,0,0,0,-268.6596,-122.4199,-43.56979,-423.9395,-201.3082,-69.04005,-551.3015,-272.7113,-103.0397,0,0,0,0.000335,-0.00001,0,-53.46447,-171.2966,-4.135966,-86.7889,-276.7484,-7.118582,-101.5283,-365.3086,-33.7851,0,0,0,0,0.000168,0,160.0568,159.0421,55.18376,243.2683,246.1503,84.63977,338.9896,287.7396,112.3845,8.305346,13.37651,13.88495,14.29006,24.15078,39.57172,18.09047,-13.29549,7.309758,17.69561,0.172459,15.45207,-5.505272,-5.354488,0.117034,11.20017,-6.906375,-1.210792,0.218503,15.09589,-17.32415,11.3902,0,3.780356,2.562904,-7.650833,8.962097,31.18812,-118.9483,-399.5185,2.935069,-143.4763,-38.21457,-121.9838,-0.940205,5.658931,-4.096184,-2.959692,0,-26.83845,-55.26397,76.35744,-2.373881,-2.838378,-639.8025,1733.739,3464.937,-1341.667,-678.7733,-5761.442,65.39231,-394.6975,-3059.028,1408.888,174.448,262.2299,-821.3447,2195.01,-32.92739,199.1993,3348.156,-2849.435,-213.6492,1590.237
192,3200,00:00:03:200,0,0,0,2.512528,-0.978382,1.854603,5.375682,-2.817254,5.979673,6.384085,-4.787806,9.092877,7.873233,-6.063923,11.63962,2.145132,0.012838,2.288352,3.605461,0.004286,9.291883,3.982337,-0.969276,14.1401,4.192358,-1.521509,16.85465,4.284306,-2.540125,19.06841,0.59655,0.110736,2.296674,1.028007,0.217537,10.26065,0.55956,0.764554,15.08288,0.289293,1.074703,17.86587,0.075992,0.857529,20.1324,-0.74827,0.001735,2.303988,-1.215744,0.014135,9.699835,-1.821383,0.041452,14.16142,-2.198909,0.04802,16.9493,-2.441928,-0.537135,19.12418,-1.943712,-0.121182,2.310502,-3.211245,-0.218814,8.967371,-4.180299,-0.965584,12.11802,-4.68761,-1.357781,13.76784,-5.212599,-1.913876,15.52417,0,0,0,-18.82216,35.41366,-63.17568,-0.160034,35.41367,-63.17568,-13.54916,35.41367,-63.17568,-13.54916,35.41367,-63.17568,0.068498,11.77817,0,10.59799,5.979991,-7.946878,10.74391,5.979992,-7.946882,24.10945,5.979991,-7.94688,24.10945,5.979991,-7.94688,-0.767195,3.101027,0,-6.521351,-5.454536,0.830704,-6.409156,-5.454533,0.830704,5.370904,-5.454535,0.830704,5.370904,-5.454535,0.830704,-0.095875,-3.616722,0,-1.016156,-7.671543,4.98593,-0.801501,-7.671538,4.98593,14.35984,-7.671541,4.98593,14.35984,-7.671541,4.98593,0.825436,-10.78062,0,10.87331,-18.3355,6.209729,10.91034,-18.3355,6.209732,15.00769,-18.33551,6.209731,15.00769,-18.33551,6.209731,0,0,0,0,0,0,0.997379,0.794996,-0.334337,-0.263661,0.307851,-0.229284,-0.938415,-0.116207,-0.045106,0,0,0,0,0,0,1.391441,31.80254,8.13353,2.203166,49.67709,12.75533,5.357824,68.26775,22.90463,0,0,0,0,0,0,-0.220441,5.64601,-0.606,-0.34263,8.918288,-0.950038,-0.018245,10.1997,-0.790358,0,0,0,0,0,0,-3.371939,-4.027555,-0.381231,-5.478758,-6.532864,-0.628263,-7.041156,-8.635103,-1.340389,0,0,0,0,0,0,-2.684355,-6.283868,-2.178982,-4.082836,-9.615026,-3.328264,-5.361512,-13.76524,-4.923105,0,0,0,0,0,0,97.25956,68.42717,-36.62288,94.86435,45.48221,-50.85736,188.173,104.1233,-78.22125,0,0,0,0,0,0,84.967,-22.51643,-254.1768,135.3174,-22.59296,-392.3802,145.9135,23.33236,-600.0529,0,0,0,0,0,0,183.2936,-278.4049,28.20611,289.2216,-441.2012,44.25645,392.3304,-641.3523,27.53019,0,0,0,-0.000335,0.00001,0,-179.0716,-255.4603,-19.74642,-291.2952,-414.4118,-32.69076,-385.9585,-610.3339,-93.39451,0,0,0,0,-0.000084,0,5.550831,-129.7462,-36.85622,9.252279,-202.3766,-56.92184,28.77742,-320.6882,-92.07484,8.97132,13.44734,13.89124,14.26715,24.02631,39.76397,18.66212,-13.38912,6.02698,11.35444,0.14537,13.36553,-5.45467,-6.471781,0.111906,11.78004,-7.700132,-0.351102,0.214891,15.16133,-18.48781,13.33421,0.034264,4.097299,-7.467956,11.53496,34.29943,-5.617961,-76.96666,-380.4705,-1.625313,-125.1925,3.036089,-67.03757,-0.307686,34.79221,-47.62544,51.5814,-0.216713,3.92641,-69.81983,116.6402,2.055841,19.01657,-601.8516,1151.147,1520.24,-2208.365,2518.901,1142.88,-273.6229,1097.029,2475.039,3296.775,37.95119,1747.997,-2611.755,3272.465,-13.00276,1845.892,-873.3515,2416.968,265.7833,1311.297
193,3216.667,00:00:03:217,0,0,0,2.512528,-0.978382,1.854603,5.357687,-2.828263,5.987194,6.383495,-4.78356,9.104329,7.871467,-6.057586,11.6528,2.145132,0.012838,2.288352,3.605461,0.004286,9.291883,3.989235,-0.52736,14.20769,4.203782,-0.828963,16.96103,4.331325,-1.582958,19.27663,0.59655,0.110736,2.296674,1.028007,0.217537,10.26065,0.559496,0.784842,15.08053,0.289327,1.106668,17.8622,0.088174,0.884868,20.12939,-0.74827,0.001735,2.303988,-1.215744,0.014135,9.699835,-1.860284,-0.174235,14.15206,-2.261614,-0.305251,16.93354,-2.506222,-1.031906,19.06515,-1.943712,-0.121182,2.310502,-3.211244,-0.218814,8.967371,-4.176074,-1.103815,12.08333,-4.681046,-1.569003,13.7148,-5.19493,-2.234684,15.43595,0,0,0,-18.73788,35.30696,-63.44117,-0.649707,35.30695,-63.44116,-13.70076,35.30696,-63.44117,-13.70076,35.30696,-63.44117,0.068498,11.77817,0,5.651151,5.086301,-6.034684,5.730159,5.0863,-6.034684,17.57657,5.086304,-6.034683,17.57657,5.086304,-6.034683,-0.767195,3.101027,0,-6.894485,-5.284879,2.25327,-6.781572,-5.284876,2.25327,5.362374,-5.284876,2.253271,5.362374,-5.284876,2.253271,-0.095875,-3.616721,0,1.564853,-8.434021,5.740311,1.837675,-8.43402,5.740311,17.96091,-8.434024,5.740309,17.96091,-8.434024,5.740309,0.825435,-10.78062,0,13.28262,-18.69012,6.150519,13.34017,-18.69013,6.150516,18.46718,-18.69011,6.150517,18.46718,-18.69011,6.150517,0,0,0,0,0,0,-1.079723,-0.660561,0.451282,-0.035405,0.254765,0.687137,-0.105947,0.380225,0.791073,0,0,0,0,0,0,0.413865,26.51494,4.055321,0.685439,41.55278,6.382495,2.821103,57.43002,12.49275,0,0,0,0,0,0,-0.003861,1.217259,-0.141084,0.002045,1.917885,-0.219941,0.730908,1.640327,-0.180423,0,0,0,0,0,0,-2.334103,-12.94121,-0.561208,-3.762312,-21.19622,-0.945479,-3.857631,-29.68628,-3.542304,0,0,0,0.000022,0.000001,0.000045,0.253491,-8.293893,-2.081394,0.393793,-12.67329,-3.182352,1.060143,-19.24848,-5.293607,0,0,0,0,0,0,-124.6261,-87.33339,47.13713,13.69536,-3.185123,54.98528,49.94809,29.78593,50.17072,0,0,0,0,0,0,-58.65454,-317.256,-244.6925,-91.06366,-487.4586,-382.3703,-152.2033,-650.2643,-624.7133,0,0,0,0,0,0,12.9948,-265.7251,27.89497,20.6805,-420.0242,43.80583,44.94912,-513.5621,36.59606,0,0,0,0,-0.00001,0,62.27017,-534.819,-10.79857,102.9868,-879.8011,-19.03295,191.0115,-1263.071,-132.1149,0,0,0,0.001341,0.000084,0.002682,176.2707,-120.6014,5.855262,268.5977,-183.4959,8.754729,385.2993,-328.9944,-22.23015,9.52248,13.43987,13.70754,14.13002,24.11482,39.54618,18.08817,-13.05105,5.112858,6.17257,0.076617,11.8464,-5.287909,-6.712882,0.111906,12.14394,-8.477206,2.422609,0.271963,16.12324,-18.85116,15.85569,0.059347,5.126979,5.310401,-13.06732,-34.43733,20.28431,-54.84735,-310.9121,-4.125196,-91.14818,10.00568,-14.46605,0,21.83384,-46.62443,166.4227,3.424266,57.71427,-21.80088,151.2892,1.50498,61.78081,766.7014,-1476.137,-4124.206,1554.136,1327.158,4173.502,-149.993,2042.657,418.1756,3154.291,18.46113,-777.5025,60.06088,6890.475,218.4587,3227.271,2881.137,2078.939,-33.05166,2565.854
194,3233.333,00:00:03:233,0,0,0,2.512528,-0.978382,1.854603,5.307683,-2.836702,6.017421,6.373408,-4.753319,9.145169,7.846138,-6.020524,11.70587,2.145132,0.012838,2.288352,3.605461,0.004286,9.291883,4.021943,-0.149258,14.23132,4.254963,-0.240062,16.99815,4.428861,-0.776189,19.37072,0.59655,0.110736,2.296674,1.028007,0.217537,10.26065,0.494997,0.720804,15.08094,0.187881,1.001679,17.86321,-0.032426,0.711748,20.12092,-0.74827,0.001735,2.303988,-1.215744,0.014135,9.699835,-1.845943,-0.487286,14.12981,-2.237724,-0.814744,16.89642,-2.442983,-1.744034,18.95211,-1.943712,-0.121182,2.310502,-3.211245,-0.218814,8.967371,-4.124708,-1.242515,12.05622,-4.602644,-1.780795,13.67328,-5.070056,-2.579862,15.35036,0,0,0,-18.10653,35.01273,-63.29556,-1.36123,35.01274,-63.29554,-13.42309,35.01273,-63.29555,-13.42309,35.01273,-63.29555,0.068498,11.77817,0,1.499536,4.911834,-3.237205,1.59857,4.911837,-3.237206,12.44327,4.911838,-3.237207,12.44327,4.911838,-3.237207,-0.767195,3.101027,0,-6.266397,-5.970601,3.194895,-6.071527,-5.970602,3.194895,6.962186,-5.970602,3.194895,6.962186,-5.970602,3.194895,-0.095875,-3.616722,0,5.343146,-8.822618,7.133379,5.63558,-8.822618,7.13338,23.31593,-8.822622,7.133378,23.31593,-8.822622,7.133378,0.825436,-10.78063,0,15.6235,-18.38403,6.69404,15.69743,-18.38402,6.694039,22.69634,-18.38402,6.694039,22.69634,-18.38402,6.694039,0,0,0,0,0,0,-3.000185,-0.506312,1.813598,-0.605196,1.814447,2.450377,-1.51974,2.223707,3.18405,0,0,0,0,0,0,1.962438,22.6861,1.417905,3.070883,35.33404,2.227038,5.852155,48.40612,5.645603,0,0,0,0,0,0,-3.869913,-3.842298,0.024498,-6.08677,-6.29933,0.060618,-7.235996,-10.38723,-0.508368,0,0,0,-0.000006,0,0,0.860509,-18.78307,-1.335204,1.433395,-30.5696,-2.227396,3.794297,-42.72763,-6.781876,0,0,0,-0.000045,-0.000003,-0.000045,3.081992,-8.321995,-1.627028,4.704125,-12.70757,-2.491057,7.492437,-20.71065,-5.135178,0,0,0,0,0,0,-115.2277,9.254961,81.73896,-34.18743,93.58092,105.7944,-84.82753,110.6089,143.5786,0,0,0,0,0,0,92.91438,-229.7306,-158.2449,143.1267,-373.1242,-249.3274,181.8631,-541.4341,-410.8286,0,0,0,0,0,0,-231.9631,-303.5734,9.9349,-365.3289,-493.0329,16.83354,-478.0141,-721.6536,-19.67668,0,0,0,-0.000335,0.00001,0,191.6767,-350.512,-46.43976,311.7424,-562.4028,-76.91502,459.1157,-782.4808,-194.3743,0,0,0,-0.004023,-0.000251,-0.005364,169.7101,-1.686126,27.26196,258.6199,-2.056628,41.47769,385.9376,-87.73032,9.505748,9.895998,13.34947,13.29144,13.85455,24.05642,38.87968,16.74527,-12.06183,4.91984,1.780482,0.098912,10.8447,-5.978321,-5.960457,0.194834,13.03371,-8.892184,6.457738,0.292752,17.68035,-18.56722,18.33617,0.071326,6.998856,-3.504181,-39.99,-80.57407,59.35335,-11.58105,-263.5253,1.337702,-60.10208,-41.42472,45.14548,4.975663,53.38623,-24.89868,242.1077,1.247386,93.42658,17.03613,148.8283,0.718754,112.3126,-528.8749,-1615.361,-2768.204,2344.142,2595.978,2843.21,327.7739,1862.766,-3085.824,3576.691,298.5398,1893.143,1303.545,4541.104,-130.6128,2142.739,2330.22,-147.6562,-47.17358,3031.908
195,3250,00:00:03:250,0,0,0,2.512528,-0.978382,1.854603,5.30479,-2.822997,6.02545,6.372467,-4.732265,9.157024,7.839256,-5.99522,11.72323,2.145132,0.012838,2.288352,3.605461,0.004286,9.291883,4.030376,0.02973,14.23292,4.268358,0.04226,17.00079,4.462015,-0.390487,19.39286,0.59655,0.110736,2.296674,1.028007,0.217537,10.26065,0.458735,0.566652,15.09042,0.130856,0.758598,17.87787,-0.092837,0.349306,20.11668,-0.74827,0.001735,2.303988,-1.215744,0.014135,9.699835,-1.869568,-0.780683,14.08321,-2.275159,-1.294598,16.81932,-2.457182,-2.422425,18.77545,-1.943712,-0.121182,2.310502,-3.211244,-0.218814,8.967371,-4.111618,-1.368169,12.01559,-4.582149,-1.974447,13.61061,-5.01698,-2.914675,15.22197,0,0,0,-17.97597,34.91566,-62.99677,-1.265937,34.91567,-62.99678,-13.18999,34.91565,-62.99676,-13.18999,34.91565,-62.99676,0.068498,11.77817,0,-0.426763,4.905455,-1.551397,-0.391204,4.905449,-1.551397,10.09272,4.905457,-1.551397,10.09272,4.905457,-1.551397,-0.767195,3.101027,0,-4.566838,-6.418936,4.025237,-4.372643,-6.41894,4.025237,9.884713,-6.418935,4.025237,9.884713,-6.418935,4.025237,-0.095875,-3.616722,0,8.879867,-9.824176,8.079711,9.241423,-9.824176,8.079711,28.79226,-9.824176,8.079711,28.79226,-9.824176,8.079711,0.825435,-10.78062,0,17.74656,-18.7476,7.047605,17.89763,-18.7476,7.047605,27.33966,-18.74761,7.047605,27.33966,-18.74761,7.047605,0,0,0,0,0,0,-0.173584,0.822265,0.481747,-0.056505,1.263186,0.711322,-0.412926,1.518264,1.041502,0,0,0,0,0,0,0.505999,10.73929,0.096112,0.803679,16.93928,0.158519,1.989238,23.14216,1.328319,0,0,0,0,0,0,-2.175757,-9.24913,0.568628,-3.421493,-14.58484,0.879407,-3.624659,-21.74648,-0.254273,0,0,0,0,0,0,-1.417525,-17.60383,-2.795666,-2.246104,-28.79122,-4.626095,-0.851926,-40.7035,-10.59991,0,0,0,0.000045,0.000001,0,0.785396,-7.539242,-2.437457,1.229748,-11.61911,-3.75992,3.184564,-20.08879,-7.703303,0,0,0,0,0,0,169.5961,79.71458,-79.91103,32.92143,-33.07565,-104.3433,66.4088,-42.32659,-128.5529,0,0,0,0,0,0,-87.38635,-716.8084,-79.30754,-136.0322,-1103.685,-124.1112,-231.775,-1515.837,-259.037,0,0,0,0,0,0,101.6493,-324.41,32.64784,159.9166,-497.1306,49.12734,216.6802,-681.5546,15.24567,0,0,0,0.000335,-0.000005,0,-136.682,70.7547,-87.62775,-220.7699,106.7026,-143.922,-278.7733,121.4483,-229.0821,0,0,0,0.005364,0.000251,0.002682,-137.7958,46.96516,-48.62575,-208.4626,65.30781,-76.13181,-258.4724,37.31149,-154.0875,10.08177,13.17654,12.98135,13.6753,23.85807,38.80117,16.71004,-11.92405,4.907201,-0.295414,0.034264,10.48391,-6.43337,-4.134412,0.193827,14.25733,-9.922122,10.27751,0.361536,19.55083,-18.95431,20.65932,0.150658,9.442003,-11.9006,-4.710845,-2.113724,8.266582,-0.758343,-124.5538,-3.878862,-21.64718,-27.30294,109.5627,-0.060414,73.41734,-61.79626,229.1864,4.127031,112.2285,-23.22521,139.3893,4.759896,146.5888,-503.7849,2116.749,4707.62,-3065.206,649.3623,8338.29,-312.9938,2307.293,847.3068,3865.033,-302.1646,1201.866,-2213.855,-775.2822,172.7787,1128.117,-2415.68,-566.3416,242.4685,2056.572
196,3266.667,00:00:03:267,0,0,0,2.512528,-0.978382,1.854603,5.240978,-2.793787,6.08014,6.375988,-4.625008,9.234563,7.8273,-5.855082,11.82542,2.145132,0.012838,2.288352,3.605461,0.004286,9.291883,4.023261,0.128116,14.23204,4.257282,0.193205,16.99951,4.457365,-0.180735,19.40095,0.59655,0.110736,2.296674,1.028007,0.217537,10.26065,0.436371,0.315918,15.09934,0.095892,0.361166,17.89152,-0.121304,-0.234202,20.08883,-0.74827,0.001735,2.303988,-1.215744,0.014135,9.699835,-1.862344,-1.10154,14.01381,-2.262553,-1.818176,16.70475,-2.401394,-3.169078,18.51786,-1.943712,-0.121182,2.310502,-3.211245,-0.218814,8.967371,-4.091892,-1.459931,11.98522,-4.552214,-2.113384,13.56452,-4.946946,-3.170411,15.11257,0,0,0,-17.02363,34.26878,-62.17412,-2.235132,34.26878,-62.17413,-12.74856,34.2688,-62.17414,-12.74856,34.2688,-62.17414,0.068498,11.77817,0,-1.464242,4.824113,-0.397486,-1.375962,4.824116,-0.397486,8.787434,4.824113,-0.397486,8.787434,4.824113,-0.397486,-0.767195,3.101027,0,-1.709973,-6.856819,4.597992,-1.474636,-6.856818,4.597992,14.58932,-6.856816,4.597991,14.58932,-6.856816,4.597991,-0.095875,-3.616722,0,12.92169,-10.57814,8.570001,13.33744,-10.57814,8.570004,35.48951,-10.57814,8.570004,35.48951,-10.57814,8.570004,0.825436,-10.78063,0,19.19999,-19.00531,7.722831,19.32199,-19.00531,7.722834,31.27188,-19.00531,7.722829,31.27188,-19.00531,7.722829,0,0,0,0,0,0,-3.828719,1.752622,3.281415,0.211269,6.435491,4.652291,-0.717357,8.408278,6.131395,0,0,0,0,0,0,-0.426896,5.903198,-0.05275,-0.664562,9.056695,-0.076801,-0.278972,12.58508,0.485301,0,0,0,0,0,0,-1.341845,-15.04401,0.53519,-2.097851,-23.84591,0.818789,-1.708019,-35.01046,-1.671195,0,0,0,0.000006,0,0,0.433434,-19.25142,-4.16404,0.756361,-31.41468,-6.874144,3.347296,-44.79918,-15.45524,0,0,0,-0.000045,0,0,1.183525,-5.505725,-1.822114,1.796074,-8.336182,-2.765804,4.202015,-15.34412,-6.56426,0,0,0,0,0,0,-219.3081,55.82146,167.98,16.06643,310.3383,236.4582,-18.26584,413.4008,305.3936,0,0,0,0,0,0,-55.97368,-290.1653,-8.931755,-88.09447,-472.9553,-14.11915,-136.0926,-633.425,-50.5811,0,0,0,0,0,0,50.03476,-347.6927,-2.006292,79.41854,-555.6641,-3.637075,114.9983,-795.8389,-85.01529,0,0,0,0.000335,-0.000005,0,111.0575,-98.85522,-82.1024,180.1479,-157.4077,-134.8829,251.9533,-245.7411,-291.32,0,0,0,-0.005364,-0.000084,0,23.88775,122.011,36.9206,33.97956,196.9754,59.64695,61.04705,284.6803,68.34264,10.04706,12.76944,12.51518,13.46084,23.24966,37.85054,14.78851,-10.51343,4.824179,-1.435859,0.086229,10.1634,-6.878344,-1.164829,0.235734,16.06396,-10.69391,14.50006,0.415901,22.15206,-19.24624,22.35532,0.118694,11.94987,-36.50482,-57.03781,-115.2917,84.63735,-4.981327,-68.42674,3.117913,-19.23076,-26.69841,178.175,2.514438,108.3977,-46.30743,253.3527,3.261884,156.0743,-17.51598,101.7602,-1.917828,150.4722,-1476.254,-3139.618,-6790.676,4582.246,-253.379,3367.621,419.8065,144.9852,36.27205,4116.738,154.4911,2098.824,929.33,1449.982,-51.90879,2630.744,342.5536,-2257.746,-400.6634,233.0044
197,3283.333,00:00:03:283,0,0,0,2.512528,-0.978382,1.854603,5.253352,-2.772855,6.081073,6.394493,-4.594538,9.238804,7.851704,-5.814105,11.83131,2.145132,0.012838,2.288352,3.605461,0.004286,9.291883,3.958735,0.211069,14.2343,4.156655,0.322222,17.00312,4.33021,0.026842,19.41753,0.59655,0.110736,2.296674,1.028007,0.217537,10.26065,0.453887,0.15027,15.10198,0.12361,0.099874,17.8953,-0.079021,-0.584288,20.06801,-0.74827,0.001735,2.303988,-1.215744,0.014135,9.699835,-1.779578,-1.349147,13.95387,-2.127919,-2.219795,16.60632,-2.202575,-3.722639,18.29968,-1.943712,-0.121182,2.310502,-3.211245,-0.218814,8.967371,-4.038238,-1.588151,11.94468,-4.469749,-2.310649,13.50187,-4.799225,-3.486046,14.97817,0,0,0,-17.18807,34.17578,-62.05333,-2.315508,34.17579,-62.05334,-12.86578,34.17578,-62.05333,-12.86578,34.17578,-62.05333,0.068498,11.77817,0,-2.3796,4.094293,0.141369,-2.282948,4.094295,0.141368,6.96727,4.094292,0.141368,6.96727,4.094292,0.141368,-0.767195,3.101027,0,0.22203,-6.805187,4.809519,0.458798,-6.805186,4.809519,16.89903,-6.805187,4.809518,16.89903,-6.805187,4.809518,-0.095875,-3.616722,0,16.25176,-10.2235,8.866499,16.65985,-10.2235,8.866499,40.57262,-10.2235,8.866501,40.57262,-10.2235,8.866501,0.825436,-10.78063,0,21.14337,-19.18158,9.221099,21.33625,-19.18158,9.221101,35.31683,-19.18158,9.221099,35.31683,-19.18158,9.221099,0,0,0,0,0,0,0.742435,1.255922,0.055969,1.1103,1.828149,0.254452,1.464218,2.458624,0.353828,0,0,0,0,0,0,-3.871589,4.977168,0.135541,-6.037607,7.741063,0.216633,-7.629274,12.45461,0.995278,0,0,0,0,0,0,1.05099,-9.938889,0.158429,1.663098,-15.67753,0.226736,2.536984,-21.00521,-1.249015,0,0,0,0,0,0,4.965975,-14.8564,-3.596752,8.078031,-24.09714,-5.905777,11.92914,-33.21361,-13.09088,0,0,0,0,0,0,3.219299,-7.69314,-2.432898,4.947893,-11.83593,-3.758758,8.86327,-18.93814,-8.063614,0,0,0,0,0,0,274.2693,-29.80203,-193.5267,53.9419,-276.4405,-263.8703,130.8945,-356.9792,-346.654,0,0,0,0,0,0,-206.6816,-55.5618,11.29746,-322.3827,-78.9379,17.60602,-441.0181,-7.828294,30.59864,0,0,0,0,0,0,143.5701,306.3073,-22.60565,225.6569,490.103,-35.52317,254.7002,840.3147,25.33079,0,0,0,-0.000335,0.000005,0,271.9525,263.7007,34.03723,439.3002,439.0525,58.10203,514.9103,695.1339,141.8619,0,0,0,0.002682,0,0,122.1465,-131.2448,-36.64702,189.1091,-209.9848,-59.57721,279.6752,-215.6408,-89.96124,10.20139,12.57341,12.13682,13.24268,23.00508,37.96302,14.87257,-10.55029,4.094286,-2.395717,0.096913,9.250196,-6.829237,0.795985,0.236563,16.44024,-10.33405,17.76899,0.408304,23.91275,-19.49005,24.69887,0.191797,13.98058,-14.67441,6.749038,5.043411,-2.2118,-43.79356,-57.59147,0.641043,-54.79196,2.946424,117.6488,0.049716,22.57702,21.59157,196.136,-0.455824,105.6413,-14.62852,140.6129,4.386176,121.8421,1309.824,3827.21,7220.104,-5210.949,-2328.734,650.1161,-148.6122,-2133.672,1778.69,-3631.573,-147.8834,-5149.243,4073.939,-3433.004,-223.0625,-3025.978,173.2476,2331.162,378.2402,-1717.805
198,3300,00:00:03:300,0,0,0,2.512528,-0.978382,1.854603,5.254521,-2.732877,6.097069,6.438903,-4.514148,9.261925,7.911889,-5.701931,11.86027,2.145132,0.012838,2.288352,3.605461,0.004286,9.291883,3.883766,0.27974,14.23574,4.039783,0.429311,17.00543,4.184397,0.181497,19.42709,0.59655,0.110736,2.296674,1.028007,0.217537,10.26065,0.479989,0.024476,15.10162,0.165048,-0.09996,17.8944,-0.014428,-0.869001,20.0406,-0.74827,0.001735,2.303988,-1.215744,0.014135,9.699835,-1.76675,-1.474949,13.91318,-2.106829,-2.425364,16.53919,-2.169586,-4.001515,18.16504,-1.943712,-0.121182,2.310502,-3.211245,-0.218814,8.967371,-4.029732,-1.680563,11.90279,-4.45675,-2.451116,13.43804,-4.752327,-3.713426,14.84828,0,0,0,-16.96246,33.95818,-61.25016,-2.72509,33.95819,-61.25017,-12.94575,33.95818,-61.25019,-12.94575,33.95818,-61.25019,0.068498,11.77817,0,-3.113499,3.290118,1.241109,-3.015724,3.290123,1.241109,5.905148,3.290116,1.241109,5.905148,3.290116,1.241109,-0.767195,3.101027,0,1.663608,-6.639772,5.306768,1.930586,-6.639773,5.30677,19.12221,-6.639775,5.306769,19.12221,-6.639775,5.306769,-0.095875,-3.616722,0,17.99694,-10.29489,8.510365,18.43424,-10.29489,8.510362,43.15851,-10.29489,8.510365,43.15851,-10.29489,8.510365,0.825436,-10.78063,0,22.61086,-19.80978,9.889735,22.79441,-19.80978,9.889734,38.51109,-19.80979,9.889731,38.51109,-19.80979,9.889731,0,0,0,0,0,0,0.070117,2.398688,0.959784,2.66464,4.823439,1.387283,3.611147,6.730445,1.737401,0,0,0,0,0,0,-4.498086,4.12026,0.086367,-7.012322,6.425321,0.138491,-8.748784,9.279336,0.573277,0,0,0,0,0,0,1.566089,-7.547649,-0.021458,2.486285,-11.99004,-0.054002,3.875574,-17.08278,-1.644909,0,0,0,0,0,0,0.769682,-7.548144,-2.441346,1.265421,-12.33413,-4.027873,1.979347,-16.73258,-8.078365,0,0,0,0.000022,-0.000001,0,0.510313,-5.544752,-2.512827,0.779942,-8.428014,-3.830015,2.813883,-13.64281,-7.793783,0,0,0,0,0,0,-40.33908,68.56597,54.2289,93.2604,179.7174,67.96985,128.8158,256.3092,83.01437,0,0,0,0,0,0,-37.58982,-51.4145,-2.950429,-58.4829,-78.94452,-4.688502,-67.17056,-190.5164,-25.32005,0,0,0,0,0,0,30.90593,143.4743,-10.79321,49.39119,221.2491,-16.84427,80.31538,235.3459,-23.75365,0,0,0,0,0.000005,0,-251.7776,438.4955,69.32436,-408.7565,705.781,112.6742,-596.9872,988.8619,300.7508,0,0,0,0.001341,-0.000084,0,-162.5392,128.9033,-4.795789,-250.0771,204.4748,-4.275441,-362.9632,317.7196,16.18981,10.28424,12.37342,12.01156,13.16301,22.4678,37.87542,14.23736,-10.22066,3.290988,-3.189053,0.094873,8.920859,-6.668534,2.283791,0.266879,17.19161,-10.39764,19.46448,0.437007,24.72426,-20.16237,26.47187,0.182384,15.71664,-32.23698,-5.256271,-38.11237,19.77796,-48.19792,-47.60011,-0.12243,-19.76023,9.642161,89.26839,1.818964,45.08194,-3.814945,101.7293,1.722209,48.6906,-40.33928,106.3797,-0.564765,104.1639,-1053.754,-720.3185,-2589.347,1319.386,-264.2617,599.4818,-45.80842,2101.904,401.7442,-1702.824,106.1549,1350.295,-1524.391,-5664.403,130.6819,-3417.043,-1542.645,-2053.99,-297.0565,-1060.692
199,3316.667,00:00:03:317,0,0,0,2.512528,-0.978382,1.854603,5.264126,-2.721199,6.095664,6.445561,-4.503732,9.260909,7.910498,-5.695575,11.86194,2.145132,0.012838,2.288352,3.605461,0.004286,9.291883,3.854658,0.316387,14.23512,3.994323,0.489177,17.00432,4.128124,0.270007,19.42937,0.59655,0.110736,2.296674,1.028007,0.217537,10.26065,0.507142,-0.06824,15.10003,0.207714,-0.245409,17.89167,0.039112,-1.081291,20.01362,-0.74827,0.001735,2.303988,-1.215744,0.014135,9.699835,-1.706424,-1.544094,13.8956,-2.008998,-2.536867,16.51049,-2.038909,-4.160761,18.08963,-1.943712,-0.121182,2.310502,-3.211245,-0.218814,8.967371,-4.022058,-1.694127,11.89814,-4.445582,-2.470085,13.43162,-4.712261,-3.782751,14.80106,0,0,0,-17.02631,33.9574,-61.08273,-2.583637,33.95741,-61.08273,-12.68753,33.95741,-61.08274,-12.68753,33.95741,-61.08274,0.068498,11.77817,0,-3.516923,2.996445,1.777193,-3.474727,2.996448,1.777192,5.251855,2.996443,1.777193,5.251855,2.996443,1.777193,-0.767195,3.101027,0,2.834402,-6.401949,4.809344,3.085826,-6.401952,4.809345,20.9801,-6.401949,4.809344,20.9801,-6.401949,4.809344,-0.095875,-3.616722,0,19.03876,-9.673822,8.484797,19.46009,-9.673827,8.4848,44.99634,-9.673828,8.484801,44.99634,-9.673828,8.484801,0.825436,-10.78063,0,22.77453,-19.87238,10.20304,22.89644,-19.87237,10.20304,40.52274,-19.87237,10.20303,40.52274,-19.87237,10.20303,0,0,0,0,0,0,0.57634,0.700671,-0.084355,0.39947,0.624955,-0.060931,-0.083506,0.381321,0.100449,0,0,0,0,0,0,-1.746476,2.19878,-0.037462,-2.727628,3.591986,-0.066161,-3.37641,5.310591,0.136703,0,0,0,0,0,0,1.629213,-5.562944,-0.095129,2.55995,-8.72695,-0.163794,3.21242,-12.73735,-1.618624,0,0,0,0,0,0,3.619562,-4.148717,-1.055002,5.869813,-6.690223,-1.721531,7.840588,-9.554766,-4.524618,0,0,0,0,0,0,0.460446,-0.813816,-0.279576,0.670038,-1.138139,-0.384986,2.403952,-4.159458,-2.833038,0,0,0,0,0,0,30.37333,-101.881,-62.64835,-135.9102,-251.909,-86.89283,-221.6792,-380.9474,-98.21712,0,0,0,0,0,0,165.0966,-115.2888,-7.429718,257.0817,-170.0001,-12.27915,322.3424,-238.1247,-26.19445,0,0,0,0,0,0,3.787446,119.0823,-4.42028,4.419945,195.7856,-6.587504,-39.78921,260.7258,1.577139,0,0,0,0,-0.000005,0,170.9928,203.9655,83.18066,276.2635,338.6342,138.3805,351.6744,430.6688,213.2249,0,0,0,-0.001341,0.000084,0,-2.992004,283.8561,133.9951,-6.594211,437.3925,206.7017,-24.59586,569.0011,297.6447,10.35183,12.2352,11.83767,13.10081,22.33967,37.97549,14.44266,-10.10388,2.997938,-3.612704,0.034264,8.726543,-6.425014,3.379566,0.25101,17.89428,-9.764165,20.37409,0.421044,25.53625,-20.24019,26.72016,0.120331,17.62629,-7.688026,6.004714,12.3179,7.006416,-17.58299,-25.4191,-3.636526,-11.65895,14.61121,65.74652,-0.95212,42.16014,38.00823,54.57698,-0.957779,48.7191,-4.668731,14.89735,-3.723177,114.579,1472.937,675.6591,3025.816,-766.2928,1836.896,1330.86,-210.8457,486.0763,298.1432,-1411.312,-166.265,-175.3074,2509.39,-2829.137,-160.7993,1.709747,2140.232,-5488.94,-189.5047,624.9055
200,3333.333,00:00:03:333,0,0,0,2.512528,-0.978382,1.854603,5.267209,-2.694841,6.104403,6.475985,-4.451244,9.27393,7.935813,-5.634389,11.8818,2.145132,0.012838,2.288352,3.605461,0.004286,9.291883,3.826176,0.361871,14.23339,3.94992,0.55996,17.00166,4.074191,0.372701,19.42988,0.59655,0.110736,2.296674,1.028007,0.217537,10.26065,0.550998,-0.150645,15.09899,0.276955,-0.375595,17.88978,0.134804,-1.274395,19.98783,-0.74827,0.001735,2.303988,-1.215744,0.014135,9.699835,-1.716028,-1.568366,13.88536,-2.024356,-2.576797,16.49359,-2.048859,-4.219752,18.05298,-1.943712,-0.121182,2.310502,-3.211245,-0.218814,8.967371,-4.017936,-1.702158,11.89522,-4.43944,-2.481927,13.42733,-4.687625,-3.833758,14.76169,0,0,0,-16.93858,33.82169,-60.61334,-2.871616,33.8217,-60.61335,-12.42171,33.82169,-60.61335,-12.42171,33.82169,-60.61335,0.068498,11.77817,0,-4.019623,2.735088,2.494347,-3.973659,2.73509,2.494347,4.527333,2.73509,2.494347,4.527333,2.73509,2.494347,-0.767195,3.101027,0,3.824226,-5.985533,5.002014,4.080821,-5.985533,5.002014,22.71253,-5.985533,5.002014,22.71253,-5.985533,5.002014,-0.095875,-3.616722,0,19.29968,-9.958054,8.737132,19.73312,-9.95806,8.737135,45.66047,-9.958055,8.737135,45.66047,-9.958055,8.737135,0.825436,-10.78063,0,22.99376,-19.77401,10.02489,23.10122,-19.77401,10.02489,42.24975,-19.774,10.0249,42.24975,-19.774,10.0249,0,0,0,0,0,0,0.184916,1.581453,0.524372,1.825422,3.149249,0.781238,1.518935,3.671139,1.191303,0,0,0,0,0,0,-1.708925,2.729037,-0.103623,-2.664149,4.246987,-0.15986,-3.235996,6.161655,0.030845,0,0,0,0,0,0,2.631333,-4.944328,-0.062943,4.154484,-7.811184,-0.11301,5.741486,-11.58629,-1.547813,0,0,0,-0.000006,0,0,-0.576239,-1.456322,-0.613868,-0.921484,-2.395794,-1.014143,-0.59697,-3.539488,-2.199054,0,0,0,-0.000022,-0.000001,0,0.247344,-0.481904,-0.175059,0.368536,-0.710506,-0.257671,1.478143,-3.060445,-2.362042,0,0,0,0,0,0,-23.48542,52.84689,36.52364,85.55708,151.4576,50.53013,96.14645,197.3891,65.45126,0,0,0,0,0,0,2.253055,31.81544,-3.969669,3.808736,39.30006,-5.621909,8.424818,51.06385,-6.35147,0,0,0,0,0,0,60.12724,37.11697,1.93119,95.67204,54.9459,3.046989,151.7439,69.06384,4.248624,0,0,0,-0.000335,-0.00001,0,-251.7481,161.5437,26.46803,-407.4778,257.6657,42.44328,-506.2535,360.9166,139.5339,0,0,0,-0.001341,-0.000084,0,-12.78609,19.91473,6.271004,-18.09016,25.65801,7.63893,-55.54854,65.94076,28.25975,10.3909,12.06536,11.82279,13.07238,21.99337,37.95092,14.06698,-9.550058,2.737668,-4.13891,0.044235,8.500988,-6.008608,4.351632,0.256409,18.63169,-10.05596,20.71104,0.432959,25.92733,-20.13036,26.86828,0.106531,19.14853,-20.77789,-1.474228,-22.54062,33.22958,-15.61622,-31.57233,0.598238,-13.53332,24.98434,58.32391,0.323921,44.24503,-17.50786,20.21656,0.714866,23.46485,6.589622,8.887367,-0.828007,91.33449,-785.3918,-448.7365,-2091.512,1573.39,118.0061,-369.1938,254.0858,-112.4622,622.3874,-445.3567,76.56247,125.0931,-3330.965,-2061.625,100.3587,-1515.255,675.5012,-360.5987,173.7102,-1394.673
201,3350,00:00:03:350,0,0,0,2.512528,-0.978382,1.854603,5.265862,-2.688778,6.107719,6.480409,-4.439289,9.278299,7.944072,-5.616046,11.88691,2.145132,0.012838,2.288352,3.605461,0.004286,9.291883,3.740352,0.395302,14.23394,3.816054,0.611873,17.00256,3.901767,0.447705,19.43412,0.59655,0.110736,2.296674,1.028007,0.217537,10.26065,0.567875,-0.223994,15.09448,0.303631,-0.492918,17.88233,0.168909,-1.463591,19.9486,-0.74827,0.001735,2.303988,-1.215744,0.014135,9.699835,-1.657758,-1.641462,13.86359,-1.929611,-2.695357,16.45786,-1.912849,-4.396433,17.95374,-1.943712,-0.121182,2.310502,-3.211245,-0.218814,8.967371,-4.01303,-1.684785,11.9053,-4.431371,-2.457273,13.44195,-4.669171,-3.816839,14.77034,0,0,0,-16.85693,33.79199,-60.43013,-2.888683,33.79197,-60.43013,-12.43809,33.79201,-60.43015,-12.43809,33.79201,-60.43015,0.068498,11.77817,0,-4.430801,1.806559,3.105721,-4.379683,1.806561,3.105722,3.963799,1.806558,3.105722,3.963799,1.806558,3.105722,-0.767195,3.101027,0,4.750606,-5.830172,4.531052,5.041294,-5.830171,4.531052,24.73819,-5.830172,4.531052,24.73819,-5.830172,4.531052,-0.095875,-3.616722,0,20.35091,-9.490128,9.017286,20.78315,-9.49013,9.017286,47.971,-9.490131,9.017286,47.971,-9.490131,9.017286,0.825436,-10.78063,0,22.65296,-19.62455,10.14953,22.82671,-19.62455,10.14953,42.58995,-19.62456,10.14953,42.58995,-19.62456,10.14953,0,0,0,0,0,0,-0.080824,0.363775,0.198953,0.265449,0.717334,0.262186,0.495538,1.100622,0.306577,0,0,0,0,0,0,-5.149483,2.005894,0.033349,-8.031963,3.114757,0.054181,-10.34539,4.500206,0.254273,0,0,0,0,0,0,1.012626,-4.400884,-0.270367,1.600536,-7.039343,-0.447035,2.046335,-11.35174,-2.35337,0,0,0,0.000006,0,0,3.496215,-4.385736,-1.306414,5.684741,-7.113565,-2.143621,8.160576,-10.6008,-5.954146,0,0,0,0.000022,0,0,0.294372,1.042396,0.604793,0.484183,1.479182,0.877708,1.107283,1.015171,0.518918,0,0,0,0,0,0,-15.94439,-73.06068,-19.52514,-93.59835,-145.9148,-31.14313,-61.4038,-154.231,-53.08359,0,0,0,0,0,0,-206.4335,-43.38858,8.218287,-322.0688,-67.93381,12.84242,-426.5637,-99.68697,13.40568,0,0,0,0,0,0,-97.12245,32.60661,-12.44545,-153.2369,46.31048,-20.04146,-221.709,14.07288,-48.3334,0,0,0,0.000671,0.000026,0,244.3472,-175.7648,-41.55278,396.3734,-283.0663,-67.76868,525.4527,-423.679,-225.3056,0,0,0,0.002682,0.000084,0,2.821684,91.45795,46.79113,6.938873,131.3813,68.12274,-22.2516,244.537,172.8576,10.49141,11.94516,11.63842,13.06312,21.90759,37.91776,13.96824,-9.54942,1.808943,-4.523809,0.048457,8.343485,-5.848882,5.218982,0.290066,19.69688,-9.581029,21.68381,0.432054,27.18784,-19.98267,26.51835,0.172459,19.76324,-5.146751,-1.990127,-5.924205,0.03828,-55.72348,-23.09398,0.253319,-9.450187,9.583539,52.041,2.019462,63.91101,28.49602,58.36647,-0.05429,75.63068,8.861389,-20.99579,3.95564,36.88224,937.8683,-30.95398,996.9851,-1991.478,-2406.436,508.7013,-20.69516,244.9882,-924.0479,-376.9743,101.7324,1179.959,2760.232,2288.994,-46.14933,3129.949,136.306,-1792.989,287.0188,-3267.135
202,3366.667,00:00:03:367,0,0,0,2.512528,-0.978382,1.854603,5.288758,-2.664688,6.102452,6.499943,-4.418051,9.272742,7.954381,-5.59982,11.88424,2.145132,0.012838,2.288352,3.605461,0.004286,9.291883,3.723629,0.384722,14.2352,3.78999,0.595252,17.00452,3.869744,0.435491,19.43657,0.59655,0.110736,2.296674,1.028007,0.217537,10.26065,0.584167,-0.390568,15.07789,0.329373,-0.756928,17.8555,0.204465,-1.848503,19.86116,-0.74827,0.001735,2.303988,-1.215744,0.014135,9.699835,-1.645996,-1.641623,13.86476,-1.910632,-2.695767,16.45968,-1.893605,-4.406429,17.94458,-1.943712,-0.121182,2.310502,-3.211245,-0.218814,8.967371,-4.019422,-1.555667,11.96454,-4.44157,-2.259457,13.53283,-4.693089,-3.567393,14.90965,0,0,0,-17.03408,33.81744,-60.10774,-2.644208,33.81744,-60.10775,-12.06727,33.81744,-60.10775,-12.06727,33.81744,-60.10775,0.068498,11.77817,0,-4.305862,1.640756,3.565614,-4.25235,1.640759,3.565615,3.865845,1.640755,3.565615,3.865845,1.640755,3.565615,-0.767195,3.101027,0,6.77199,-5.761391,4.085643,7.090904,-5.76139,4.085643,28.17823,-5.761391,4.085643,28.17823,-5.761391,4.085643,-0.095875,-3.616721,0,20.43734,-9.197212,8.649334,20.8724,-9.197212,8.649339,48.39161,-9.197215,8.649333,48.39161,-9.197215,8.649333,0.825436,-10.78063,0,20.43297,-18.85874,9.791271,20.56446,-18.85876,9.791265,40.57949,-18.85874,9.791276,40.57949,-18.85874,9.791276,0,0,0,0,0,0,1.373805,1.445442,-0.316031,1.172036,1.27425,-0.333443,0.618562,0.973575,-0.159815,0,0,0,0,0,0,-1.00337,-0.634795,0.075191,-1.563862,-0.997282,0.117481,-1.9214,-0.732835,0.147343,0,0,0,0,0,0,0.977514,-9.994452,-0.995278,1.544522,-15.84061,-1.609862,2.133362,-23.09473,-5.246222,0,0,0,0,0,0,0.705712,-0.009678,0.070095,1.138754,-0.02462,0.108808,1.154657,-0.599809,-0.549853,0,0,0,0,0.000003,0,-0.383556,7.747074,3.554553,-0.611946,11.86902,5.452484,-1.435049,14.96675,8.358299,0,0,0,0,0,0,87.27773,64.90005,-30.89904,54.39519,33.41496,-35.73775,7.381438,-7.622837,-27.98348,0,0,0,0,0,0,248.7668,-158.4413,2.510547,388.0861,-246.7223,3.798007,505.4394,-313.9825,-6.415843,0,0,0,0,0,0,-2.106707,-335.6141,-43.49469,-3.360813,-528.0762,-69.76962,5.22159,-704.5797,-173.5711,0,0,0,-0.000335,-0.000026,0,-167.4302,262.5634,82.59057,-272.7592,425.3366,135.1458,-420.3551,600.0597,324.2576,0,0,0,-0.001341,0.000168,0,-40.67569,402.2807,176.9855,-65.76775,623.3903,274.4865,-152.5399,837.0945,470.3629,10.49509,11.73733,11.62474,13.16215,21.65202,38.16708,14.38988,-9.423082,1.64342,-4.400774,0.052339,8.1182,-5.77679,7.194674,0.318367,21.08733,-9.278918,21.68021,0.435213,27.51919,-19.18385,24.03871,0.131221,20.01503,-15.33417,14.95972,25.29785,7.58028,-9.931361,7.382125,0.232951,-13.51707,4.325552,118.5416,1.698042,83.42731,18.12664,-0.216293,0.189521,19.88102,47.92923,-148.7784,-2.474237,15.10769,-611.2449,1016.991,1873.323,452.5199,2747.527,1828.566,-1.222096,-244.0132,-315.4792,3990.033,-19.28519,1170.978,-622.1625,-3514.965,14.62866,-3344.979,2344.07,-7666.959,-385.7926,-1306.473
203,3383.333,00:00:03:383,0,0,0,2.512528,-0.978382,1.854603,5.31519,-2.629858,6.098777,6.521408,-4.384295,9.270368,7.968786,-5.565922,11.88585,2.145132,0.012838,2.288352,3.605461,0.004286,9.291883,3.706992,0.366092,14.23697,3.764062,0.565914,17.00729,3.836705,0.401847,19.43928,0.59655,0.110736,2.296674,1.028007,0.217537,10.26065,0.655521,-0.489601,15.07041,0.441922,-0.913337,17.84333,0.351418,-2.072008,19.81288,-0.74827,0.001735,2.303988,-1.215744,0.014135,9.699835,-1.617304,-1.66076,13.85997,-1.864049,-2.727154,16.45164,-1.83567,-4.456157,17.91497,-1.943712,-0.121182,2.310502,-3.211245,-0.218814,8.967371,-4.021375,-1.40843,12.02545,-4.444317,-2.036249,13.62546,-4.71419,-3.262422,15.07226,0,0,0,-17.22418,33.804,-59.63649,-2.309392,33.804,-59.6365,-11.69513,33.80399,-59.63651,-11.69513,33.80399,-59.63651,0.068498,11.77817,0,-4.096572,1.451243,3.799088,-4.037429,1.451237,3.799088,3.962595,1.451245,3.799089,3.962595,1.451245,3.799089,-0.767195,3.101027,0,8.003096,-5.012754,4.08207,8.32776,-5.012756,4.08207,30.16936,-5.012755,4.082071,30.16936,-5.012755,4.082071,-0.095875,-3.616721,0,20.78157,-8.795942,8.464366,21.22377,-8.795945,8.464363,49.1816,-8.795939,8.464369,49.1816,-8.795939,8.464369,0.825436,-10.78063,0,17.85134,-18.09115,9.701419,18.02024,-18.09115,9.701418,37.38734,-18.09115,9.701421,37.38734,-18.09115,9.701421,0,0,0,0,0,0,1.585901,2.089754,-0.220478,1.287863,2.025381,-0.14247,0.864297,2.033829,0.09647,0,0,0,0,0,0,-0.998184,-1.117801,0.106037,-1.555636,-1.760267,0.166118,-1.982309,-2.018647,0.162274,0,0,0,0,0,0,4.281266,-5.942015,-0.448823,6.752936,-9.384529,-0.730276,8.817163,-13.41028,-2.897322,0,0,0,0,0,0,1.721498,-1.148209,-0.287354,2.79494,-1.883257,-0.482082,3.476087,-2.983667,-1.776248,0,0,0,-0.000022,-0.000003,0,-0.117168,8.834212,3.654599,-0.164822,13.39245,5.557805,-1.266114,18.29825,9.756982,0,0,0,0,0,0,12.72575,38.65867,5.73322,6.949604,45.06781,11.4584,14.7441,63.61529,15.3771,0,0,0,0,0,0,0.311136,-28.98034,1.850724,0.493532,-45.77911,2.918243,-3.654509,-77.1487,0.895858,0,0,0,0,0,0,198.2251,243.1463,32.78732,312.5048,387.3651,52.77515,401.0281,581.067,140.934,0,0,0,0,0.000005,0,60.94716,-68.31183,-21.44694,99.37115,-111.5182,-35.45343,139.2858,-143.0314,-73.58372,0,0,0,-0.001341,-0.000335,0,15.98328,65.22828,6.002761,26.82745,91.4057,6.319284,10.13607,199.8903,83.92095,10.47581,11.53557,11.56327,13.27845,21.26181,38.43897,14.91478,-9.385713,1.453873,-4.184603,0.059347,8.000031,-5.025663,8.363771,0.324455,21.84159,-8.86869,21.93002,0.441462,27.95783,-18.39482,21.25641,0.167859,19.36707,-23.41289,16.31332,31.4942,2.242184,-11.37284,12.97027,0.420472,-7.090129,45.06757,70.14581,0.365274,45.2552,24.61372,14.98855,0.374973,26.31866,47.34203,-166.9379,2.198253,-38.87752,-484.7236,81.21648,371.7808,-320.2858,-86.48855,335.2889,11.25129,385.6166,2444.521,-2903.745,-79.96608,-2290.326,389.2249,912.2908,11.12709,386.2587,-35.23178,-1089.569,280.3494,-3239.112
204,3400,00:00:03:400,0,0,0,2.512528,-0.978382,1.854603,5.326099,-2.615874,6.096977,6.530617,-4.371315,9.268658,7.982102,-5.548089,11.88406,2.145132,0.012838,2.288352,3.605461,0.004286,9.291883,3.691002,0.325759,14.24006,3.739115,0.50294,17.01209,3.802705,0.335065,19.44407,0.59655,0.110736,2.296674,1.028007,0.217537,10.26065,0.70493,-0.59062,15.05806,0.519839,-1.073342,17.82337,0.448247,-2.279203,19.76517,-0.74827,0.001735,2.303988,-1.215744,0.014135,9.699835,-1.584376,-1.652584,13.8663,-1.810531,-2.714844,16.46155,-1.776597,-4.440565,17.92863,-1.943712,-0.121182,2.310502,-3.211245,-0.218814,8.967371,-4.063561,-1.292602,12.05669,-4.508868,-1.859066,13.67344,-4.821213,-3.004835,15.17651,0,0,0,-17.28884,33.8103,-59.42009,-2.159358,33.8103,-59.42009,-11.68393,33.8103,-59.4201,-11.68393,33.8103,-59.4201,0.068498,11.77817,0,-3.643167,1.233743,3.783198,-3.583103,1.233742,3.783198,4.037628,1.233744,3.7832,4.037628,1.233744,3.7832,-0.767195,3.101027,0,9.26058,-4.489118,3.852607,9.600755,-4.48912,3.852607,31.60095,-4.489119,3.852606,31.60095,-4.489119,3.852606,-0.095875,-3.616722,0,20.77818,-8.222583,8.181602,21.24136,-8.222581,8.181601,49.12893,-8.222584,8.181603,49.12893,-8.222584,8.181603,0.825436,-10.78063,0,15.82203,-18.18841,9.323757,15.96444,-18.18842,9.323753,34.3192,-18.18841,9.323757,34.3192,-18.18841,9.323757,0,0,0,0,0,0,0.654548,0.839096,-0.108004,0.55258,0.778802,-0.102595,0.798941,1.07,-0.10787,0,0,0,0,0,0,-0.959448,-2.420012,0.18543,-1.496874,-3.778414,0.287801,-2.040021,-4.00692,0.287443,0,0,0,0,0,0,2.964506,-6.061119,-0.741363,4.675012,-9.600313,-1.197517,5.809709,-12.43168,-2.862096,0,0,0,0,0,0,1.975693,0.490565,0.379622,3.211074,0.738613,0.594109,3.544383,0.935554,0.819147,0,0,0,0.000022,0.000001,0,-2.531178,6.949709,1.874283,-3.873087,10.63099,2.878815,-6.421387,15.45522,6.254911,0,0,0,0,0,0,-55.88114,-75.03947,6.748438,-44.11697,-74.79472,2.39253,-3.921389,-57.82976,-12.26038,0,0,0,0,0,0,2.324134,-78.13265,4.763602,3.525764,-121.0888,7.300972,-3.462732,-119.2963,7.510184,0,0,0,0,0,0,-79.00564,-7.146254,-17.55237,-124.6754,-12.94702,-28.03444,-180.4473,58.71628,2.11358,0,0,0,0,0.000005,0,15.2517,98.32642,40.01855,24.96802,157.3122,64.57149,4.097744,235.1532,155.7237,0,0,0,0.002682,0.000251,0,-144.8406,-113.0702,-106.819,-222.4959,-165.6875,-160.7394,-309.3163,-170.5818,-210.1242,10.45144,11.3823,11.53237,13.46229,21.10583,38.55263,15.12949,-9.524583,1.235906,-3.717153,0.055953,7.620713,-4.499192,9.562093,0.339773,22.00019,-8.284393,21.80301,0.463094,27.88757,-18.47882,19.16648,0.144018,18.35474,-9.358405,6.819305,12.88284,-8.332214,-13.07801,28.04699,-0.203647,-22.75912,31.58827,71.89928,0.919104,9.516334,35.05777,-7.620391,1.297914,-4.216003,-5.039978,-125.396,-1.430468,-60.73997,843.2692,-569.6411,-1116.681,-634.4639,-102.3106,904.603,-37.44715,-940.1395,-808.7584,105.2078,33.22978,-2144.332,626.6431,-1356.537,55.37645,-1832.08,-3142.92,2492.516,-217.7233,-1311.747
205,3416.667,00:00:03:417,0,0,0,2.512528,-0.978382,1.854603,5.335195,-2.600298,6.096919,6.540991,-4.355634,9.26817,7.986329,-5.534502,11.88603,2.145132,0.012838,2.288352,3.605461,0.004286,9.291883,3.684077,0.297107,14.24195,3.728351,0.457698,17.01506,3.789698,0.263583,19.44514,0.59655,0.110736,2.296674,1.028007,0.217537,10.26065,0.750456,-0.655705,15.04949,0.591615,-1.175352,17.80975,0.543124,-2.422728,19.72587,-0.74827,0.001735,2.303988,-1.215744,0.014135,9.699835,-1.585791,-1.573862,13.8968,-1.812348,-2.58811,16.51116,-1.769451,-4.2763,18.02105,-1.943712,-0.121182,2.310502,-3.211245,-0.218814,8.967371,-4.084897,-1.198498,12.0819,-4.541528,-1.715268,13.71208,-4.880522,-2.790343,15.26091,0,0,0,-17.24269,33.83288,-59.019,-1.953408,33.8329,-59.019,-11.3451,33.83289,-59.019,-11.3451,33.83289,-59.019,0.068498,11.77817,0,-3.316173,1.135477,3.852665,-3.244927,1.135477,3.852665,4.652447,1.135476,3.852666,4.652447,1.135476,3.852666,-0.767195,3.101027,0,10.06183,-4.032192,3.985454,10.38984,-4.032194,3.985455,32.86459,-4.032192,3.985453,32.86459,-4.032192,3.985453,-0.095875,-3.616723,0,19.60849,-8.306456,8.956242,20.09525,-8.306454,8.956244,47.65487,-8.306459,8.956241,47.65487,-8.306459,8.956241,0.825436,-10.78063,0,14.1629,-18.12333,9.223726,14.28983,-18.12333,9.22373,31.70829,-18.12333,9.223724,31.70829,-18.12333,9.223724,0,0,0,0,0,0,0.54574,0.934537,-0.003509,0.622451,0.940829,-0.029236,0.253603,0.815257,0.118509,0,0,0,0,0,0,-0.415497,-1.719112,0.113547,-0.645831,-2.714569,0.178188,-0.780456,-4.288913,0.064373,0,0,0,0,0,0,2.731601,-3.905112,-0.513732,4.306582,-6.120611,-0.817537,5.692647,-8.611488,-2.358377,0,0,0,-0.000011,0,0,-0.084925,4.723336,1.830518,-0.109032,7.604073,2.976715,0.428774,9.855865,5.545198,0,0,0,-0.000022,0.000001,0,-1.280151,5.646206,1.51281,-1.959599,8.627861,2.31868,-3.558531,12.86951,5.064189,0,0,0,0,0,0,-6.528497,5.72651,6.269664,4.192292,9.721663,4.401505,-32.72026,-15.28456,13.58271,0,0,0,0,0,0,32.63711,42.054,-4.312992,51.06255,63.8307,-6.576776,75.57391,-16.91962,-13.38422,0,0,0,0,0,0,-13.97431,129.3604,13.65781,-22.10576,208.7821,22.79877,-7.0237,229.2115,30.22313,0,0,0,-0.000671,0.000016,0,-123.6371,253.9663,87.05376,-199.2063,411.9276,142.9564,-186.9365,535.2186,283.5631,0,0,0,-0.002682,0,0,75.06161,-78.21019,-21.68834,114.8093,-120.1878,-33.60807,171.7713,-155.1429,-71.44334,10.41008,11.24933,11.59296,13.5822,20.92278,38.6382,15.28928,-9.39168,1.137632,-3.385412,0.071326,7.897346,-4.041378,10.33428,0.327456,22.47473,-8.378596,20.72501,0.486985,27.5596,-18.40685,17.46111,0.126669,17.41845,-10.98347,5.134277,9.587401,7.974185,-5.896418,19.90444,0.922401,16.59802,27.46888,46.33129,-0.739015,28.47221,-5.652179,-64.68018,1.433442,-19.678,4.318085,-102.322,-1.040931,-56.17767,-97.50365,-101.1017,-197.7264,978.3839,430.8958,-488.5534,67.56285,2361.429,-247.1632,-1534.079,-99.48709,1137.353,-2442.597,-3423.587,8.131706,-927.7197,561.4837,1384.442,23.37218,273.7381
206,3433.333,00:00:03:433,0,0,0,2.512528,-0.978382,1.854603,5.338688,-2.589097,6.098859,6.544582,-4.343719,9.270471,7.98316,-5.524641,11.89112,2.145132,0.012838,2.288352,3.605461,0.004286,9.291883,3.680277,0.206246,14.24654,3.72236,0.315708,17.02217,3.776044,0.047172,19.44535,0.59655,0.110736,2.296674,1.028007,0.217537,10.26065,0.751952,-0.671845,15.04661,0.593887,-1.200961,17.80511,0.540471,-2.453982,19.71741,-0.74827,0.001735,2.303988,-1.215744,0.014135,9.699835,-1.579872,-1.492926,13.92706,-1.802666,-2.457429,16.56049,-1.76404,-4.105042,18.11467,-1.943712,-0.121182,2.310502,-3.211244,-0.218814,8.967371,-4.088251,-1.093969,12.11194,-4.546422,-1.557206,13.75771,-4.905618,-2.549184,15.35662,0,0,0,-17.16064,33.83167,-58.69468,-1.779625,33.83168,-58.69468,-11.04008,33.83168,-58.69468,-11.04008,33.83168,-58.69468,0.068498,11.77817,0,-2.291173,0.972709,2.66449,-2.21531,0.972715,2.66449,6.374304,0.972704,2.664489,6.374304,0.972704,2.664489,-0.767195,3.101027,0,10.28034,-3.965249,3.62602,10.61169,-3.965248,3.62602,33.0481,-3.965248,3.626019,33.0481,-3.965248,3.626019,-0.095875,-3.616721,0,18.54327,-8.005489,8.964364,19.04468,-8.005489,8.964366,46.1453,-8.005492,8.964363,46.1453,-8.005492,8.964363,0.825435,-10.78062,0,12.42146,-17.69474,9.010142,12.58817,-17.69474,9.010144,28.82152,-17.69474,9.010139,28.82152,-17.69474,9.010139,0,0,0,0,0,0,0.209637,0.67205,0.116453,0.215471,0.714898,0.138,-0.190124,0.591606,0.305682,0,0,0,0,0,0,-0.227988,-5.45166,0.275731,-0.359438,-8.519394,0.427097,-0.819214,-12.98467,0.012517,0,0,0,0,0,0,0.089739,-0.968361,-0.173271,0.136329,-1.536554,-0.278413,-0.159211,-1.875289,-0.507474,0,0,0,0.000011,0,0,0.355169,4.856167,1.81514,0.580966,7.840856,2.959817,0.324626,10.27545,5.61726,0,0,0,0.000045,0.000001,0.000045,-0.20121,6.271776,1.80231,-0.29359,9.483754,2.737373,-1.50577,14.46957,5.742609,0,0,0,0,0,0,-20.16618,-15.74926,7.197707,-24.41883,-13.55588,10.03414,-26.6236,-13.41909,11.23041,0,0,0,0,0,0,11.25053,-223.9529,9.731052,17.18357,-348.2895,14.93454,-2.325478,-521.7452,-3.111362,0,0,0,0,0,0,-158.5117,176.205,20.4277,-250.2152,275.0434,32.34744,-351.1115,404.1719,111.0542,0,0,0,0.001341,-0.000021,0,26.40567,7.969848,-0.92268,41.39989,14.20699,-1.013875,-6.248878,25.17521,4.32372,0,0,0,0.004023,0,0.002682,64.73644,37.53418,17.36998,99.96055,51.35357,25.12157,123.1657,96.00359,40.7052,10.28646,11.22824,11.65142,13.6742,20.78198,38.6588,15.38101,-9.260473,0.973576,-2.334226,0.074019,8.589588,-3.972911,10.52727,0.331613,22.43641,-8.075404,19.62182,0.501631,27.10062,-17.95721,15.55223,0.166689,16.23334,-8.447571,1.236191,5.503349,7.87239,-9.84336,63.07116,0.161549,41.5345,4.108014,11.5793,0.249388,-2.299232,18.19153,-66.19125,0.878794,-27.53895,26.97819,-114.5325,2.401213,-71.10626,152.1537,-233.8852,-245.0431,-6.107711,-236.8165,2590.003,-45.65107,1496.188,-1401.652,-2085.119,59.30417,-1846.286,1430.622,-90.66467,-33.27891,-471.6568,1359.606,-732.6301,206.5287,-895.7155
207,3450,00:00:03:450,0,0,0,2.512528,-0.978382,1.854603,5.350571,-2.58087,6.094041,6.549197,-4.342013,9.264793,7.980291,-5.530117,11.8863,2.145132,0.012838,2.288352,3.605461,0.004286,9.291883,3.733674,0.057637,14.24928,3.805643,0.080935,17.02636,3.876958,-0.30251,19.43357,0.59655,0.110736,2.296674,1.028007,0.217537,10.26065,0.755469,-0.674469,15.04632,0.599519,-1.205963,17.80448,0.54835,-2.457373,19.7179,-0.74827,0.001735,2.303988,-1.215744,0.014135,9.699835,-1.649503,-1.270993,13.99327,-1.916202,-2.096855,16.6694,-1.932829,-3.627035,18.33969,-1.943712,-0.121182,2.310502,-3.211245,-0.218814,8.967371,-4.072611,-0.986644,12.14414,-4.523201,-1.391211,13.80737,-4.892924,-2.296396,15.45465,0,0,0,-17.30487,33.86199,-58.66305,-1.617984,33.86198,-58.66307,-10.83866,33.862,-58.66308,-10.83866,33.862,-58.66308,0.068498,11.77817,0,-0.583473,1.494776,1.267489,-0.447552,1.494776,1.26749,9.082029,1.494774,1.267489,9.082029,1.494774,1.267489,-0.767195,3.101027,0,10.30949,-3.93833,3.695929,10.65882,-3.938329,3.695928,32.99952,-3.938329,3.695928,32.99952,-3.938329,3.695928,-0.095875,-3.616721,0,15.56234,-8.175638,8.399441,16.05479,-8.175643,8.399443,41.84893,-8.175638,8.399442,41.84893,-8.175638,8.399442,0.825435,-10.78062,0,10.7415,-16.92684,8.627408,10.82385,-16.92684,8.627407,25.99104,-16.92684,8.627408,25.99104,-16.92684,8.627408,0,0,0,0,0,0,0.712953,0.493616,-0.289075,0.276893,0.102371,-0.340641,-0.172153,-0.328504,-0.289544,0,0,0,0,0,0,3.203832,-8.916503,0.164151,4.997,-14.08634,0.250965,6.054841,-20.9809,-0.707209,0,0,0,0,0,0,0.211023,-0.157496,-0.017166,0.337914,-0.300083,-0.037551,0.472795,-0.203412,0.029504,0,0,0,0,0,0,-4.177876,13.31598,3.97244,-6.812196,21.63444,6.534487,-10.12734,28.68046,13.50099,0,0,0,-0.000022,-0.000001,-0.000045,0.938393,6.43947,1.931727,1.393184,9.959651,2.979845,0.761658,15.16728,5.881369,0,0,0,0,0,0,30.19899,-10.70604,-24.33166,3.685354,-36.75162,-28.71841,1.078248,-55.20656,-35.71361,0,0,0,0,0,0,205.9091,-207.8906,-6.694793,321.3863,-334.0166,-10.5679,412.4433,-479.7738,-43.18356,0,0,0,0,0,0,7.277,48.65191,9.366272,12.09509,74.18822,14.45174,37.92039,100.3126,32.21869,0,0,0,-0.000671,0.000005,0,-271.9827,507.589,129.438,-443.5897,827.6151,214.4802,-627.1178,1104.3,473.0236,0,0,0,-0.004023,-0.000168,-0.005364,68.3762,10.06164,7.764994,101.2064,28.55381,14.5483,136.0457,41.86258,8.325576,10.05616,11.2254,11.98073,13.74444,20.70635,38.79988,15.6869,-9.220661,1.495148,-0.616755,0.135621,9.529555,-3.946155,10.55825,0.349426,22.3407,-8.248384,16.66372,0.492578,25.79413,-17.15479,13.58791,0.079129,15.16718,-4.537811,8.464508,18.35363,2.388725,31.29429,103.0482,3.696131,56.39803,1.605363,1.858978,1.068807,-5.742301,-10.37876,-177.4856,-0.543206,-78.3895,48.14506,-117.8597,-5.25358,-63.96961,234.5856,433.699,771.017,-329.0199,2468.259,2398.625,212.0749,891.8117,-150.1591,-583.2194,49.1651,-206.5841,-1714.217,-6677.661,-85.31998,-3051.033,1270.012,-199.6353,-459.2876,428.1992
208,3466.667,00:00:03:467,0,0,0,2.512528,-0.978382,1.854603,5.355048,-2.576779,6.092587,6.549168,-4.345101,9.261042,7.979919,-5.535026,11.88191,2.145132,0.012838,2.288352,3.605461,0.004286,9.291883,3.72925,-0.175137,14.24643,3.798451,-0.28388,17.02155,3.850459,-0.82381,19.39905,0.59655,0.110736,2.296674,1.028007,0.217537,10.26065,0.759932,-0.677548,15.046,0.60666,-1.21235,17.80367,0.554952,-2.449194,19.72652,-0.74827,0.001735,2.303988,-1.215744,0.014135,9.699835,-1.681177,-1.041787,14.05204,-1.968282,-1.724311,16.76618,-2.031378,-3.125377,18.54512,-1.943712,-0.121182,2.310502,-3.211245,-0.218814,8.967371,-4.061522,-0.88045,12.1709,-4.506143,-1.230497,13.84805,-4.88626,-2.051533,15.53654,0,0,0,-17.2118,33.93431,-58.37637,-1.344162,33.93429,-58.37637,-10.65619,33.93431,-58.37637,-10.65619,33.93431,-58.37637,0.068498,11.77817,0,2.049751,1.464817,-0.933452,2.219721,1.464821,-0.933451,12.76971,1.464815,-0.933452,12.76971,1.464815,-0.933452,-0.767195,3.101027,0,10.3525,-3.880167,3.653572,10.73369,-3.880166,3.653571,32.56821,-3.880168,3.653572,32.56821,-3.880168,3.653572,-0.095875,-3.616721,0,12.65508,-7.833789,7.471872,13.13655,-7.83379,7.471871,37.56173,-7.833793,7.47187,37.56173,-7.833793,7.47187,0.825436,-10.78062,0,9.084349,-16.28603,8.197514,9.202494,-16.28602,8.197518,23.32395,-16.28603,8.197513,23.32395,-16.28603,8.197513,0,0,0,0,0,0,0.268623,0.245489,-0.087306,-0.001788,-0.185296,-0.225082,-0.022307,-0.294551,-0.263438,0,0,0,0,0,0,-0.265449,-13.96646,-0.170946,-0.431523,-21.8889,-0.288695,-1.589969,-31.27797,-2.070755,0,0,0,0,0,0,0.267774,-0.184737,-0.019312,0.428438,-0.383226,-0.048637,0.396123,0.49071,0.517309,0,0,0,0,0,0,-1.900423,13.75236,3.526211,-3.124784,22.35261,5.807072,-5.912896,30.0995,12.32618,0,0,0,0,0,0,0.6653,6.371644,1.605973,1.023531,9.642893,2.440989,0.399873,14.69177,4.913628,0,0,0,0,0,0,-26.65982,-14.8876,12.10615,-16.72089,-17.26001,6.93351,8.990763,2.037138,1.56641,0,0,0,0,0,0,-208.1568,-302.9976,-20.10583,-325.7113,-468.1537,-32.37962,-458.6885,-617.8243,-81.81272,0,0,0,0,0,0,3.405063,-1.634471,-0.128746,5.431474,-4.988573,-0.665188,-4.600321,41.64732,29.26826,0,0,0,0,0,0,136.6471,26.18265,-26.77379,221.2447,43.09031,-43.64492,252.8665,85.14278,-70.48849,0,0,0,0.001341,0.000084,0.002682,-16.38561,-4.069581,-19.54525,-22.17918,-19.00546,-32.33134,-21.70711,-28.53066,-58.06445,9.785472,11.23345,12.26503,13.82135,20.66444,38.85074,15.86763,-9.312049,1.465002,2.073959,0.170174,10.54997,-3.887661,10.59459,0.381036,21.8345,-7.894637,13.63747,0.481327,24.42516,-16.48229,11.66942,0.117034,14.12145,-2.51461,3.05191,10.84368,-5.483264,-1.808739,161.4429,2.073195,61.22514,3.509602,2.180271,1.896549,-30.37227,21.22481,-181.5751,-0.675078,-82.13824,40.35026,-115.109,2.274274,-62.74395,121.3921,-324.7559,-450.5973,-472.3193,-1986.181,3503.678,-97.37614,289.6271,114.2544,19.27758,49.66452,-1477.798,1896.214,-245.3696,-7.912298,-224.9245,-467.688,165.0421,451.6712,73.53973
209,3483.333,00:00:03:483,0,0,0,2.512528,-0.978382,1.854603,5.366011,-2.559958,6.09153,6.550863,-4.330796,9.262058,7.963163,-5.531248,11.88813,2.145132,0.012838,2.288352,3.605461,0.004286,9.291883,3.761221,-0.58509,14.21361,3.847816,-0.924303,16.96958,3.883462,-1.744541,19.26581,0.59655,0.110736,2.296674,1.028007,0.217537,10.26065,0.78145,-0.630482,15.05572,0.640428,-1.137304,17.81932,0.590158,-2.323865,19.77364,-0.74827,0.001735,2.303988,-1.215744,0.014135,9.699835,-1.746969,-0.792837,14.09754,-2.075896,-1.318084,16.84177,-2.198841,-2.558186,18.73349,-1.943712,-0.121182,2.310502,-3.211245,-0.218814,8.967371,-4.016562,-0.757015,12.20545,-4.437952,-1.040977,13.90099,-4.809057,-1.767446,15.63422,0,0,0,-17.36487,33.88468,-58.28543,-1.155296,33.88468,-58.28543,-10.22064,33.88467,-58.28544,-10.22064,33.88467,-58.28544,0.068498,11.77817,0,6.686733,2.272713,-3.884493,6.875375,2.272715,-3.884491,19.5478,2.272707,-3.884494,19.5478,2.272707,-3.884494,-0.767195,3.101027,0,9.822906,-3.540358,3.417472,10.18624,-3.540358,3.417471,31.10599,-3.54036,3.417472,31.10599,-3.54036,3.417472,-0.095875,-3.616722,0,9.446902,-8.054093,6.742237,9.885599,-8.05409,6.742237,32.49837,-8.054091,6.742233,32.49837,-8.054091,6.742233,0.825436,-10.78062,0,7.208697,-15.05242,7.787566,7.278287,-15.05242,7.787566,20.45601,-15.05242,7.787567,20.45601,-15.05242,7.787567,0,0,0,0,0,0,0.657767,1.009259,-0.06339,0.101745,0.858307,0.060976,-1.005337,0.226647,0.373095,0,0,0,0,0,0,1.918271,-24.59717,-1.969099,2.961896,-38.42541,-3.118247,1.980208,-55.24391,-7.994502,0,0,0,0,0,0,1.291092,2.823997,0.583112,2.026107,4.502764,0.938952,2.112312,7.519718,2.827048,0,0,0,0,0,0,-3.94753,14.93695,2.730399,-6.456848,24.37361,4.535347,-10.04782,34.03143,11.30238,0,0,0,0,-0.000001,0,2.697654,7.406137,2.072856,4.091441,11.37117,3.176093,4.632174,17.04521,5.860984,0,0,0,0,0,0,23.34863,45.8262,1.434982,6.211996,62.61617,17.16345,-58.98177,31.27187,38.19197,0,0,0,0,0,0,131.0232,-637.8426,-107.8892,203.6051,-992.1904,-169.7731,214.2106,-1437.956,-355.4248,0,0,0,0,0,0,61.39911,180.524,36.14544,95.86012,293.1594,59.25536,102.9713,421.7404,138.5844,0,0,0,0,0,0,-122.8264,71.07549,-47.7487,-199.9238,121.26,-76.30347,-248.0956,235.9156,-61.42794,0,0,0,0,-0.000084,0,121.9413,62.06962,28.01298,184.0746,103.6969,44.10625,253.9381,141.2068,56.84137,9.241934,11.26188,12.60811,13.83217,20.46977,38.95945,16.20956,-9.065337,2.277097,6.828633,0.188712,12.67243,-3.546354,10.02919,0.363156,20.91975,-8.109683,10.39799,0.438795,22.61278,-15.21147,9.43686,0.068528,13.17771,-11.68007,6.522445,20.51622,14.8027,48.72567,285.2804,1.112244,127.347,20.47841,-33.92401,-1.072764,-54.88472,-12.90278,-194.3687,-2.551914,-108.7427,76.24889,-133.9537,-2.910353,-56.62468,-549.9274,208.2321,580.3527,1217.158,3032.064,7430.253,-57.65708,3967.314,1018.129,-2166.257,-178.1587,-1470.746,-2047.656,-767.6147,-112.6102,-1596.265,2153.917,-1130.682,-311.0776,367.1562
210,3500,00:00:03:500,0,0,0,2.512528,-0.978382,1.854603,5.36775,-2.554307,6.092464,6.551887,-4.334799,9.25785,7.962819,-5.538657,11.88309,2.145132,0.012838,2.288352,3.605461,0.004286,9.291883,3.811861,-0.990831,14.14597,3.926295,-1.55861,16.86303,3.956563,-2.625654,19.05558,0.59655,0.110736,2.296674,1.028007,0.217537,10.26065,0.754033,-0.557183,15.06662,0.597002,-1.02096,17.83691,0.524923,-2.140903,19.82948,-0.74827,0.001735,2.303988,-1.215744,0.014135,9.699835,-1.79842,-0.540634,14.12995,-2.160189,-0.906441,16.89585,-2.335597,-1.981918,18.88184,-1.943712,-0.121182,2.310502,-3.211244,-0.218814,8.967371,-4.00868,-0.662568,12.22168,-4.426104,-0.896275,13.92585,-4.804617,-1.555048,15.68435,0,0,0,-16.99752,34.03458,-57.53799,-0.651744,34.03456,-57.53797,-9.749366,34.03457,-57.53799,-9.749366,34.03457,-57.53799,0.068498,11.77817,0,11.26804,3.610266,-5.821328,11.48693,3.610265,-5.821327,25.72477,3.610265,-5.821327,25.72477,3.610265,-5.821327,-0.767195,3.101027,0,8.961056,-3.735907,2.975044,9.307707,-3.735907,2.975044,29.17177,-3.735909,2.975044,29.17177,-3.735909,2.975044,-0.095875,-3.616722,0,6.268908,-8.180226,5.924899,6.664644,-8.180229,5.924899,27.66052,-8.18023,5.924899,27.66052,-8.18023,5.924899,0.825436,-10.78062,0,5.797116,-14.57769,7.127166,5.840241,-14.57769,7.127168,18.46491,-14.5777,7.127169,18.46491,-14.5777,7.127169,0,0,0,0,0,0,0.104338,0.339009,0.056036,0.061423,-0.240147,-0.25253,-0.020698,-0.444554,-0.301927,0,0,0,0,0,0,3.038406,-24.34448,-4.058361,4.708729,-38.05843,-6.392509,4.38606,-52.86675,-12.61371,0,0,0,0,0,0,-1.645002,4.397943,0.65428,-2.60557,6.980661,1.055539,-3.914075,10.97776,3.350616,0,0,0,0,0,0,-3.087077,15.1322,1.94478,-5.057595,24.69858,3.244668,-8.205368,34.57607,8.900821,0,0,0,0.000022,0.000001,0,0.472896,5.666817,0.973821,0.710919,8.682119,1.491666,0.266388,12.74385,3.00765,0,0,0,0,0,0,-33.20574,-40.21502,7.165521,-2.419353,-65.90723,-18.81033,59.07833,-40.27203,-40.50135,0,0,0,0,0,0,67.20811,15.16163,-125.3557,104.81,22.01843,-196.4557,144.3511,142.6295,-277.1527,0,0,0,0,0,0,-176.1656,94.43671,4.270076,-277.9006,148.6739,6.995201,-361.5832,207.4823,31.41404,0,0,0,0,-0.000005,0,51.62715,11.71508,-47.13714,83.95518,19.49796,-77.44071,110.5472,32.67807,-144.0936,0,0,0,0.001341,0.000168,0,-133.4855,-104.3592,-65.94209,-202.8313,-161.3433,-101.0656,-261.9472,-258.0821,-171.2,8.716665,11.40229,12.94952,13.90418,20.39856,38.96978,16.34576,-9.097597,3.623798,11.58543,0.218503,14.23782,-3.741045,9.157274,0.346615,19.86404,-8.225882,7.137788,0.395648,20.99587,-14.70615,7.764882,0.039565,12.62467,-4.272652,0.619812,8.171654,-1.935596,80.80208,285.4077,1.787498,93.92355,-11.68141,-52.31495,-0.992458,-63.3427,-6.971912,-195.6124,-2.588821,-97.01453,30.31946,-100.3187,-1.737802,-33.18214,444.4449,-354.158,-740.6741,-1004.298,1924.585,7.635498,40.51524,-2005.41,-1929.589,-1103.456,4.818324,-507.4791,355.8523,-74.6228,-2.214432,703.688,-2755.765,2018.103,70.3531,1406.552
211,3516.667,00:00:03:517,0,0,0,2.512528,-0.978382,1.854603,5.378906,-2.543994,6.088754,6.553921,-4.333458,9.252479,7.959477,-5.542709,11.87813,2.145132,0.012838,2.288352,3.605461,0.004286,9.291883,3.855214,-1.412289,14.03804,3.993289,-2.217204,16.6934,4.009977,-3.519616,18.755,0.59655,0.110736,2.296674,1.028007,0.217537,10.26065,0.68437,-0.440957,15.07946,0.487002,-0.839691,17.85728,0.368111,-1.844453,19.90817,-0.74827,0.001735,2.303988,-1.215744,0.014135,9.699835,-1.829234,-0.331478,14.14702,-2.210741,-0.56433,16.92462,-2.418253,-1.497367,18.97839,-1.943712,-0.121182,2.310502,-3.211245,-0.218814,8.967371,-3.986965,-0.548264,12.24045,-4.39307,-0.72186,13.95451,-4.770402,-1.293477,15.74349,0,0,0,-17.05468,34.08291,-57.34085,-0.353602,34.08292,-57.34088,-9.504628,34.08294,-57.34088,-9.504628,34.08294,-57.34088,0.068498,11.77817,0,16.0486,5.238473,-7.609963,16.29611,5.238465,-7.609966,31.90224,5.238475,-7.609961,31.90224,5.238475,-7.609961,-0.767195,3.101027,0,7.602515,-4.369927,2.162783,7.989236,-4.369925,2.162783,25.91799,-4.369925,2.162784,25.91799,-4.369925,2.162784,-0.095875,-3.616722,0,3.617879,-8.24327,5.597847,3.964863,-8.243277,5.597848,23.63959,-8.243267,5.597848,23.63959,-8.243267,5.597848,0.825436,-10.78063,0,3.992962,-13.88757,6.795186,4.027713,-13.88756,6.795186,15.84264,-13.88757,6.795185,15.84264,-13.88757,6.795185,0,0,0,0,0,0,0.669345,0.618797,-0.222601,0.122041,0.080422,-0.322223,-0.20045,-0.243098,-0.297993,0,0,0,0,0,0,2.601139,-25.28744,-6.475925,4.01967,-39.51561,-10.17818,3.204837,-53.63772,-18.03481,0,0,0,0,0,0,-4.179814,6.973562,0.770152,-6.600039,10.87609,1.222193,-9.408731,17.78697,4.721045,0,0,0,-0.000006,0,0,-1.848835,12.54936,1.02371,-3.033075,20.52668,1.726538,-4.959326,29.07306,5.793035,0,0,0,-0.000045,-0.000003,0,1.302883,6.858212,1.126394,1.981996,10.46488,1.719832,2.052851,15.6943,3.548563,0,0,0,0,0,0,33.90043,16.78727,-16.71821,3.637075,19.23412,-4.181563,-10.78516,12.08738,0.236034,0,0,0,0,0,0,-26.23603,-56.57762,-145.0539,-41.34357,-87.43053,-227.1401,-70.87333,-46.25809,-325.266,0,0,0,0,0,0,-152.0888,154.5371,6.952286,-239.6681,233.7256,9.999274,-329.6793,408.5527,82.22578,0,0,0,-0.000335,0,0,74.2945,-154.9705,-55.26423,121.4712,-250.3137,-91.08781,194.7625,-330.1799,-186.4671,0,0,0,-0.004023,-0.000251,0,49.79923,71.4837,9.154379,76.26457,106.9658,13.69,107.1878,177.027,32.45474,8.184306,11.65279,13.20893,13.96592,20.29229,39.09669,16.70108,-9.151006,5.267749,16.61865,0.246288,15.60612,-4.373541,7.78132,0.386643,17.92873,-8.284227,4.44378,0.346615,19.67474,-13.99535,5.747707,0.027976,11.81491,-6.37619,7.614898,21.31931,-3.204517,98.63708,301.9932,1.667107,82.09842,-37.94978,-82.55727,2.401673,-116.1185,-3.500747,-161.6405,-2.941947,-79.26795,42.64766,-121.0305,-0.695294,-48.58532,-126.2123,419.7051,788.8594,-76.13525,1070.1,995.1306,-7.22346,-709.5076,-1576.102,-1814.54,203.6479,-3166.548,208.2699,2038.314,-21.18752,1064.795,739.6921,-1242.708,62.55048,-924.1902
212,3533.333,00:00:03:533,0,0,0,2.512528,-0.978382,1.854603,5.37696,-2.543642,6.0902,6.553775,-4.333419,9.253078,7.962716,-5.539943,11.87817,2.145132,0.012838,2.288352,3.605461,0.004286,9.291883,3.879601,-1.747301,13.9235,4.030939,-2.739959,16.51379,4.028023,-4.238425,18.43768,0.59655,0.110736,2.296674,1.028007,0.217537,10.26065,0.588601,-0.273751,15.09161,0.335715,-0.573539,17.87736,0.165159,-1.464976,19.97643,-0.74827,0.001735,2.303988,-1.215744,0.014135,9.699835,-1.908375,-0.134179,14.14635,-2.339796,-0.24262,16.9243,-2.607585,-1.0408,19.02734,-1.943712,-0.121182,2.310502,-3.211244,-0.218814,8.967371,-3.959098,-0.450072,12.25532,-4.350649,-0.572106,13.97719,-4.724393,-1.068182,15.78932,0,0,0,-16.93904,34.10622,-57.16346,-0.274303,34.10622,-57.16345,-9.483265,34.10624,-57.16347,-9.483265,34.10624,-57.16347,0.068498,11.77817,0,19.93321,6.569756,-8.614794,20.18934,6.569756,-8.614795,37.42516,6.569754,-8.614799,37.42516,6.569754,-8.614799,-0.767195,3.101027,0,5.62463,-5.368265,1.720783,5.958958,-5.368264,1.720782,22.79218,-5.368263,1.720783,22.79218,-5.368263,1.720783,-0.095875,-3.616722,0,1.159519,-8.977224,4.695732,1.481973,-8.977218,4.695733,19.96769,-8.977228,4.695733,19.96769,-8.977228,4.695733,0.825435,-10.78062,0,2.585487,-13.14419,5.951808,2.615601,-13.1442,5.951808,13.72948,-13.14419,5.951807,13.72948,-13.14419,5.951807,0,0,0,0,0,0,-0.116721,0.021134,0.086792,-0.008762,0.002347,0.035986,0.194281,0.165962,0.002503,0,0,0,0,0,0,1.463279,-20.10074,-6.872624,2.258979,-31.36533,-10.77658,1.082763,-43.12856,-19.0393,0,0,0,0,0,0,-5.746127,10.03231,0.729024,-9.07722,15.96917,1.204848,-12.1771,22.76863,4.095554,0,0,0,0,0,0,-4.748426,11.83795,-0.039876,-7.743313,19.30258,-0.01967,-11.35993,27.39404,2.93684,0,0,0,0.000045,0.000004,0,1.672,5.891536,0.891745,2.545282,8.985238,1.360595,2.760596,13.51767,2.749443,0,0,0,0,0,0,-47.16396,-35.85979,18.56357,-7.848143,-4.684477,21.49254,23.6839,24.54355,18.02981,0,0,0,0,0,0,-68.2716,311.202,-23.80192,-105.6415,489.0169,-35.90405,-127.3244,630.5497,-60.26923,0,0,0,0,0,0,-93.97874,183.5251,-2.467632,-148.6309,305.5847,-1.040697,-166.1022,298.9,-37.52946,0,0,0,0.000335,0.000016,0,-173.9754,-42.68454,-63.81511,-282.6143,-73.44639,-104.7724,-384.036,-100.7414,-171.3717,0,0,0,0.005364,0.000419,0,22.14701,-58.00058,-14.07891,33.79717,-88.77875,-21.55424,42.46473,-130.5974,-47.94718,7.759055,11.9578,13.53086,14.00916,20.28172,39.06955,16.66473,-9.208932,6.612719,20.71563,0.255644,17.23581,-5.371296,5.806773,0.333965,16.83321,-9.008284,1.910391,0.321425,18.48571,-13.22097,4.023312,0.034264,11.11386,-0.634117,-1.628723,-2.181244,-3.47557,80.69815,245.8191,0.561363,97.78083,-59.86533,-118.4728,-3.160692,-65.73154,-43.44337,-152.0033,-1.511382,-71.34155,46.46278,-103.4637,0.377254,-42.0631,344.5244,-554.6172,-1410.033,-16.2632,-1076.336,-3370.447,-66.34464,940.9446,-1314.933,-2154.93,-333.7419,3023.217,-2396.557,578.2288,85.83389,475.5839,228.907,1054.005,64.35284,391.333
213,3550,00:00:03:550,0,0,0,2.512528,-0.978382,1.854603,5.408509,-2.516284,6.078753,6.557143,-4.329286,9.238763,7.96166,-5.541899,11.86342,2.145132,0.012838,2.288352,3.605461,0.004286,9.291883,3.895827,-1.930032,13.84921,4.056153,-3.023911,16.39785,4.033562,-4.626534,18.23575,0.59655,0.110736,2.296674,1.028007,0.217537,10.26065,0.521607,-0.119731,15.09825,0.229713,-0.326803,17.88862,0.01508,-1.090576,20.03348,-0.74827,0.001735,2.303988,-1.215744,0.014135,9.699835,-1.919691,0.054459,14.14686,-2.358361,0.0631,16.92578,-2.647249,-0.604785,19.07102,-1.943712,-0.121182,2.310502,-3.211244,-0.218814,8.967371,-3.915266,-0.389414,12.26867,-4.283894,-0.479487,13.99756,-4.640456,-0.931471,15.82462,0,0,0,-17.27624,34.18181,-56.93825,0.396264,34.18184,-56.93825,-9.229954,34.18181,-56.93823,-9.229954,34.18181,-56.93823,0.068498,11.77817,0,22.0074,7.625384,-9.638471,22.2426,7.625381,-9.638473,40.50122,7.625389,-9.638468,40.50122,7.625389,-9.638468,-0.767195,3.101027,0,3.86995,-6.038793,0.922511,4.124636,-6.038792,0.922511,19.41608,-6.038792,0.92251,19.41608,-6.038792,0.92251,-0.095875,-3.616722,0,-1.170726,-8.933803,4.218318,-0.832688,-8.933805,4.218317,16.53816,-8.933802,4.218319,16.53816,-8.933802,4.218319,0.825435,-10.78062,0,1.780989,-12.2493,5.283786,1.804699,-12.24929,5.283787,12.58007,-12.2493,5.283787,12.58007,-12.2493,5.283787,0,0,0,0,0,0,1.892924,1.641501,-0.686802,0.20206,0.248037,-0.858977,-0.0633,-0.117369,-0.885129,0,0,0,0,0,0,0.973552,-10.96385,-4.457563,1.51281,-17.03708,-6.956309,0.332326,-23.28656,-12.11598,0,0,0,0,0,0,-4.019645,9.241199,0.398755,-6.360093,14.80414,0.675738,-9.00474,22.46402,3.423035,0,0,0,0.000006,0,0,-0.679012,11.31827,0.030756,-1.11391,18.34324,0.088871,-2.379823,26.16088,2.620786,0,0,0,0,-0.000001,0.000045,2.629973,3.639454,0.801399,4.005298,5.557151,1.222372,5.036205,8.202681,2.11823,0,0,0,0,0,0,120.5787,97.22202,-46.41562,12.6493,14.74142,-53.69782,-15.45489,-16.99984,-53.25794,0,0,0,0,0,0,-29.3836,548.2133,144.9037,-44.77008,859.6949,229.2162,-45.02623,1190.52,415.399,0,0,0,0,0,0,103.5889,-47.46687,-19.81616,163.0276,-69.90176,-31.74662,190.3416,-18.27693,-40.35113,0,0,0,0.000335,-0.00001,0,244.1648,-31.18108,4.237889,397.7642,-57.55993,6.512403,538.8061,-73.98962,-18.96322,0,0,0,-0.002682,-0.000335,0.002682,57.47839,-135.1249,-5.420744,87.60093,-205.6852,-8.293389,136.5365,-318.8995,-37.87279,7.541514,12.2357,13.74313,13.99144,20.00521,39.43364,17.6725,-9.626206,7.683471,22.9984,0.235734,18.25861,-6.039879,3.988112,0.254878,15.29144,-8.957322,-0.519265,0.337462,17.37082,-12.30476,2.958169,0.019782,10.77536,-16.59073,21.8454,60.46634,-25.03647,64.24516,136.9659,-1.194626,61.36814,-40.11497,-109.1196,-4.745219,-92.50568,3.057689,-145.7793,0.962191,-66.89323,54.97318,-63.90855,-0.868901,-20.31034,-957.3967,1408.447,3758.855,-1293.654,-987.1797,-6531.192,-105.3594,-2184.761,1185.021,561.1885,-95.07165,-1606.448,2790.063,373.4408,148.4143,266.8991,510.6239,2373.311,-74.76928,1305.165
214,3566.667,00:00:03:567,0,0,0,2.512528,-0.978382,1.854603,5.41067,-2.513544,6.078268,6.549595,-4.333787,9.237629,7.956742,-5.544499,11.86175,2.145132,0.012838,2.288352,3.605461,0.004286,9.291883,3.894291,-1.971033,13.83168,4.053658,-3.08824,16.37025,4.026332,-4.719614,18.18261,0.59655,0.110736,2.296674,1.028007,0.217537,10.26065,0.533984,0.049557,15.10836,0.249066,-0.05837,17.90504,0.030396,-0.684881,20.09354,-0.74827,0.001735,2.303988,-1.215744,0.014135,9.699835,-1.917783,0.169251,14.14464,-2.355739,0.253611,16.9224,-2.655889,-0.344062,19.08672,-1.943712,-0.121182,2.310502,-3.211244,-0.218814,8.967371,-3.913902,-0.360771,12.27032,-4.281826,-0.43575,14.00008,-4.641659,-0.842668,15.83706,0,0,0,-17.26617,34.19613,-56.85429,0.62476,34.19615,-56.8543,-9.241324,34.19615,-56.85432,-9.241324,34.19615,-56.85432,0.068498,11.77817,0,22.51966,7.70721,-9.605452,22.76405,7.707208,-9.605453,41.41212,7.707214,-9.605451,41.41212,7.707214,-9.605451,-0.767195,3.101027,0,1.928378,-5.834189,0.453077,2.152649,-5.834188,0.453077,15.85442,-5.834188,0.453077,15.85442,-5.834188,0.453077,-0.095875,-3.616722,0,-2.52314,-8.837944,3.544077,-2.266732,-8.837952,3.544079,14.78207,-8.837952,3.544077,14.78207,-8.837952,3.544077,0.825436,-10.78062,0,1.276432,-12.17956,5.392844,1.297118,-12.17957,5.392845,11.17623,-12.17957,5.392842,11.17623,-12.17957,5.392842,0,0,0,0,0,0,0.129685,0.164408,-0.029147,-0.452846,-0.270098,-0.067994,-0.295132,-0.155993,-0.099912,0,0,0,0,0,0,-0.092201,-2.460032,-1.051426,-0.149712,-3.859766,-1.655996,-0.43378,-5.584761,-3.188431,0,0,0,0,0,0,0.742648,10.15728,0.606537,1.161206,16.10597,0.985265,0.918925,24.34168,3.603458,0,0,0,-0.000006,0,0,0.11453,6.887511,-0.133306,0.157356,11.43066,-0.202507,-0.518437,15.64338,0.942171,0,0,0,0,0,0,0.081807,1.718599,0.098795,0.124075,2.624206,0.150919,-0.072196,5.328163,0.746548,0,0,0,0,0,0,-105.7944,-88.62554,39.45931,-39.29436,-31.08814,47.459,-13.90993,-2.317428,47.113,0,0,0,0,0,0,-63.9452,510.2292,204.3682,-99.75134,790.6386,318.0188,-45.96635,1062.108,535.6531,0,0,0,0,0,0,285.7375,54.96485,12.4669,451.2779,78.10967,18.57161,595.4199,112.6595,10.82537,0,0,0,-0.000671,0,0,47.61255,-265.8454,-9.843705,76.27598,-414.7552,-17.48264,111.6831,-631.0502,-100.7169,0,0,0,0,0.000084,-0.002682,-152.8899,-115.2513,-42.15628,-232.8734,-175.9767,-64.28717,-306.504,-172.4711,-82.30088,7.488775,12.41794,13.85181,14.02248,19.97452,39.45666,17.89093,-9.866055,7.764958,23.51442,0.243893,18.64806,-5.83442,1.984555,0.223812,13.70175,-8.853348,-1.998705,0.256409,17.04879,-12.23608,2.460925,0.019782,9.879081,-1.841354,1.381302,13.10589,-14.39089,4.889202,30.9613,0.489559,23.36723,12.32755,-120.2134,-1.863963,-95.38158,6.23846,-88.76643,-4.863197,-19.3222,4.120789,-29.83466,0,-53.77658,884.9624,-1227.846,-2841.627,638.7347,-3561.357,-6360.273,101.0511,-2280.054,3146.551,-665.6282,172.8753,-172.554,190.8462,3420.773,-349.5232,2854.262,-3051.143,2044.434,52.13404,-2007.974
215,3583.333,00:00:03:583,0,0,0,2.512528,-0.978382,1.854603,5.412893,-2.510746,6.077759,6.549802,-4.332392,9.237036,7.95238,-5.546537,11.86202,2.145132,0.012838,2.288352,3.605461,0.004286,9.291883,3.890775,-1.980527,13.82776,4.048482,-3.101644,16.36471,4.02352,-4.720534,18.18826,0.59655,0.110736,2.296674,1.028007,0.217537,10.26065,0.564361,0.202865,15.11425,0.296831,0.182447,17.91465,0.084371,-0.342111,20.1304,-0.74827,0.001735,2.303988,-1.215744,0.014135,9.699835,-1.888299,0.290897,14.14329,-2.308062,0.453088,16.92041,-2.603536,-0.06936,19.10474,-1.943712,-0.121182,2.310502,-3.211244,-0.218814,8.967371,-3.923003,-0.318764,12.26991,-4.295708,-0.371643,13.99946,-4.665274,-0.741221,15.8424,0,0,0,-17.28555,34.19743,-56.82109,0.680243,34.19742,-56.82108,-9.119646,34.19743,-56.82107,-9.119646,34.19743,-56.82107,0.068498,11.77817,0,22.63746,7.711036,-9.655261,22.84981,7.711039,-9.655262,41.00869,7.711034,-9.655261,41.00869,7.711034,-9.655261,-0.767195,3.101027,0,0.180812,-5.456417,-0.088304,0.424254,-5.456419,-0.088304,13.26881,-5.456417,-0.088304,13.26881,-5.456417,-0.088304,-0.095875,-3.616722,0,-3.976123,-8.408785,3.055025,-3.756758,-8.408785,3.055026,12.90597,-8.408784,3.055027,12.90597,-8.408784,3.055027,0.825436,-10.78062,0,0.629902,-12.2621,5.030214,0.647301,-12.26209,5.030214,10.09439,-12.2621,5.030214,10.09439,-12.2621,5.030214,0,0,0,0,0,0,0.133351,0.167862,-0.030555,0.012428,0.08373,-0.035584,-0.261694,-0.122286,0.016138,0,0,0,0,0,0,-0.210933,-0.569679,-0.23523,-0.31051,-0.804227,-0.332415,-0.168689,-0.055231,0.339121,0,0,0,0,0,0,1.822617,9.198506,0.353158,2.865884,14.44901,0.576496,3.238544,20.5662,2.211749,0,0,0,0.000006,0,0,1.76904,7.29877,-0.080913,2.860576,11.96862,-0.119716,3.141224,16.48212,1.081288,0,0,0,0,0,-0.000045,-0.546075,2.520427,-0.024587,-0.832893,3.846421,-0.037014,-1.416855,6.086843,0.320077,0,0,0,0,0,0,0.219941,0.207201,-0.08449,27.91643,21.22968,1.944601,2.006292,2.022385,6.963015,0,0,0,0,0,0,-7.123947,113.4212,48.97176,-9.647904,183.3323,79.41484,15.9055,331.7718,211.6531,0,0,0,0,0,0,64.79813,-57.52641,-15.20276,102.2807,-99.41759,-24.52612,139.1771,-226.5286,-83.50251,0,0,0,0.000671,-0.000005,0,99.27056,24.67556,3.143548,162.1932,32.27792,4.967452,219.5797,50.32459,8.347034,0,0,0,0,0,-0.002682,-37.67296,48.10969,-7.402896,-57.41804,73.33292,-11.276,-80.6795,45.52077,-25.58827,7.49263,12.54423,13.92422,14.07621,19.94321,39.48038,17.96577,-9.799863,7.768621,23.63327,0.213063,18.15891,-5.456395,0.172459,0.24309,12.84454,-8.418719,-3.564088,0.218503,16.66271,-12.31084,1.733478,0,9.447082,-1.878891,1.422958,4.490433,3.9715,0.219812,7.130928,-1.84985,-29.34894,22.68153,-108.7258,1.156673,-51.43272,26.07771,-93.92294,-2.274325,-23.16444,-4.486027,-43.6468,-1.18694,-25.91995,-2.252197,2.499389,-516.9272,1101.743,-280.1633,-1429.822,-140.3645,-3162.97,621.239,689.2593,181.2382,2636.931,1190.355,-309.3901,155.3323,-230.5343,-516.4089,-828.7282,-71.21642,1671.398
216,3600,00:00:03:600,0,0,0,2.512528,-0.978382,1.854603,5.420884,-2.500894,6.075826,6.545864,-4.334475,9.232469,7.946272,-5.551372,11.85734,2.145132,0.012838,2.288352,3.605461,0.004286,9.291883,3.887986,-1.972969,13.83123,4.043966,-3.090384,16.36992,4.015777,-4.702381,18.19952,0.59655,0.110736,2.296674,1.028007,0.217537,10.26065,0.600682,0.35776,15.11558,0.354079,0.428075,17.9171,0.156067,0.01792,20.15816,-0.74827,0.001735,2.303988,-1.215744,0.014135,9.699835,-1.83828,0.386555,14.14359,-2.226939,0.608662,16.92109,-2.507843,0.142975,19.12014,-1.943712,-0.121182,2.310502,-3.211245,-0.218814,8.967371,-3.925053,-0.312846,12.26964,-4.298837,-0.362553,13.99905,-4.67163,-0.712974,15.84508,0,0,0,-17.23783,34.25779,-56.49505,1.111519,34.25779,-56.49506,-8.87629,34.2578,-56.49508,-8.87629,34.2578,-56.49508,0.068498,11.77817,0,22.51898,7.750766,-9.887194,22.74355,7.750763,-9.887193,40.78335,7.750769,-9.88719,40.78335,7.750769,-9.88719,-0.767195,3.101027,0,-1.640022,-5.03275,-0.091221,-1.424216,-5.032749,-0.091221,10.33998,-5.032748,-0.091221,10.33998,-5.032748,-0.091221,-0.095875,-3.616721,0,-5.072368,-7.771168,2.39326,-4.855774,-7.771166,2.39326,11.54961,-7.771166,2.39326,11.54961,-7.771166,2.39326,0.825436,-10.78063,0,0.526082,-12.28832,5.034147,0.541094,-12.28832,5.034146,9.505746,-12.28832,5.034146,9.505746,-12.28832,5.034146,0,0,0,0,0,0,0.479467,0.591103,-0.115983,-0.236303,-0.124991,-0.274077,-0.366479,-0.290059,-0.281051,0,0,0,0,0,0,-0.16737,0.453472,0.208408,-0.270948,0.675581,0.312746,-0.464626,1.0892,0.675917,0,0,0,0,0,0,2.179233,9.293689,0.079751,3.434876,14.73767,0.146627,4.301726,21.60186,1.665831,0,0,0,0.000006,0,0,3.001135,5.739477,0.017971,4.867404,9.334411,0.040948,5.741581,12.74013,0.923663,0,0,0,-0.000045,0,0,-0.122979,0.355063,-0.016138,-0.187755,0.545419,-0.024408,-0.381388,1.694815,0.160754,0,0,0,0,0,0,20.767,25.39448,-5.1257,-14.92381,-12.52323,-14.30958,-6.287098,-10.06633,-17.83132,0,0,0,0,0,0,2.613813,61.38905,26.61824,2.373755,88.78849,38.70963,-17.75622,68.66588,20.20776,0,0,0,0,0,0,21.39699,5.710959,-16.40439,34.1395,17.32001,-25.79212,63.79095,62.13963,-32.75512,0,0,0,0,0.00001,0,73.92569,-93.55759,5.933045,120.4097,-158.0526,9.639857,156.0214,-224.5195,-9.457468,0,0,0,-0.002682,0,0.002682,25.38577,-129.9218,0.506938,38.7083,-198.0602,0.756383,62.128,-263.5216,-9.559391,7.509521,12.67312,13.94498,14.08984,19.83337,39.56623,18.34935,-9.987807,7.810248,23.537,0.224684,18.03978,-5.032753,-1.654457,0.2158,11.76419,-7.776122,-4.790602,0.216705,16.40538,-12.33708,1.630989,0.019782,8.964644,-6.59008,5.150985,23.01487,-11.27666,2.497587,-5.77629,0.697314,-7.14775,25.41847,-109.615,-1.63738,-64.82122,38.55586,-73.59084,-0.107905,-15.44002,-1.574421,-6.149346,1.18694,-28.94623,-282.6713,223.6816,1111.466,-914.8898,136.6665,-774.433,152.8298,1332.072,164.2164,-53.35006,-167.6432,-803.31,748.689,1219.925,129.9852,463.465,174.6964,2249.847,142.4328,-181.5765
217,3616.667,00:00:03:617,0,0,0,2.512528,-0.978382,1.854603,5.42321,-2.491999,6.077421,6.533121,-4.335951,9.233357,7.923762,-5.558829,11.86064,2.145132,0.012838,2.288352,3.605461,0.004286,9.291883,3.870988,-1.938369,13.84717,4.017452,-3.036629,16.39477,3.989555,-4.618166,18.25077,0.59655,0.110736,2.296674,1.028007,0.217537,10.26065,0.618271,0.473915,15.11235,0.381795,0.612158,17.91221,0.190291,0.287048,20.16775,-0.74827,0.001735,2.303988,-1.215744,0.014135,9.699835,-1.831081,0.443505,14.13946,-2.21533,0.703186,16.9143,-2.494725,0.264764,19.11914,-1.943712,-0.121182,2.310502,-3.211245,-0.218814,8.967371,-3.934863,-0.289252,12.26809,-4.313661,-0.328054,13.99669,-4.693285,-0.662503,15.84429,0,0,0,-17.15864,34.26198,-56.21763,1.542116,34.26197,-56.21765,-8.51375,34.26198,-56.21765,-8.51375,34.26198,-56.21765,0.068498,11.77817,0,22.14443,7.397672,-9.773351,22.37335,7.397676,-9.77335,39.87183,7.397669,-9.773351,39.87183,7.397669,-9.773351,-0.767195,3.101027,0,-3.003098,-4.834169,-0.131329,-2.805606,-4.834168,-0.131329,8.184127,-4.834169,-0.131328,8.184127,-4.834169,-0.131328,-0.095875,-3.616722,0,-5.783708,-7.666197,2.302121,-5.607631,-7.666193,2.302121,10.86104,-7.6662,2.302121,10.86104,-7.6662,2.302121,0.825436,-10.78063,0,0.136405,-12.42125,4.925572,0.198588,-12.42125,4.925575,9.02877,-12.42126,4.925572,9.02877,-12.42126,4.925572,0,0,0,0,0,0,0.139542,0.533704,0.09571,-0.764608,-0.088558,0.053376,-1.350626,-0.447482,0.197992,0,0,0,0,0,0,-1.019865,2.076041,0.956297,-1.590863,3.225312,1.490772,-1.573317,5.052901,3.074527,0,0,0,0,0,0,1.055337,6.969318,-0.193656,1.66293,11.04501,-0.293255,2.053471,16.14768,0.575244,0,0,0,-0.000011,0,0,0.431903,3.416987,-0.248194,0.696559,5.671444,-0.40707,0.787027,7.307291,-0.059724,0,0,0,0.000022,0,0,-0.588611,1.41565,-0.092849,-0.889421,2.069916,-0.141621,-1.299329,3.028278,-0.047207,0,0,0,0,0,0,-20.39551,-3.443956,12.7016,-31.69834,2.186,19.64718,-59.04882,-9.445396,28.74255,0,0,0,0,0,0,-51.14972,97.35411,44.87335,-79.1949,152.9838,70.68156,-66.52146,237.8221,143.9166,0,0,0,0,0,0,-67.43375,-139.4622,-16.40439,-106.3167,-221.5598,-26.39293,-134.8953,-327.2508,-65.43517,0,0,0,-0.001006,-0.00001,0,-154.1539,-139.3494,-15.96987,-250.2507,-219.778,-26.8811,-297.2732,-325.9702,-59.00323,0,0,0,0.004023,0,0,-27.93789,63.63523,-4.60267,-42.09995,91.46985,-7.032751,-55.07647,80.00777,-12.47763,7.562842,12.76671,13.96943,14.10792,19.71958,39.5775,18.70075,-10.05584,7.451746,23.09637,0.228997,17.49848,-4.834199,-3.024915,0.195835,10.98971,-7.670408,-5.524071,0.175829,16.46867,-12.4679,1.222694,0.062557,8.830174,-6.827545,0.676346,21.08391,-4.082222,-21.51011,-26.43757,0.258777,-32.4781,11.91324,-82.22748,-1.197883,-46.46856,6.34283,-44.00814,-2.452527,3.797378,-7.848873,-24.49771,2.566495,-8.068199,-14.24789,-268.4784,-115.8577,431.6665,-1440.462,-1239.677,-26.31225,-1519.821,-810.3137,1643.248,26.36987,1101.16,-1932.782,1774.962,-140.6773,1154.244,-376.4671,-1100.902,82.77327,1252.682
218,3633.333,00:00:03:633,0,0,0,2.512528,-0.978382,1.854603,5.422973,-2.487686,6.079128,6.522274,-4.334898,9.23687,7.911746,-5.555802,11.86569,2.145132,0.012838,2.288352,3.605461,0.004286,9.291883,3.873351,-1.750708,13.92257,4.021458,-2.74351,16.513,4.016261,-4.220279,18.45359,0.59655,0.110736,2.296674,1.028007,0.217537,10.26065,0.607538,0.515836,15.10903,0.364906,0.678479,17.90706,0.170091,0.374728,20.16529,-0.74827,0.001735,2.303988,-1.215744,0.014135,9.699835,-1.824115,0.491219,14.13554,-2.204016,0.78021,16.90809,-2.481913,0.373678,19.11922,-1.943712,-0.121182,2.310502,-3.211245,-0.218814,8.967371,-3.934587,-0.287619,12.26819,-4.313392,-0.323832,13.99685,-4.693967,-0.661261,15.8437,0,0,0,-17.20258,34.20799,-56.25187,1.682396,34.208,-56.25187,-8.535257,34.20799,-56.25187,-8.535257,34.20799,-56.25187,0.068498,11.77817,0,19.94158,6.642248,-9.003942,20.15858,6.642247,-9.003943,36.75908,6.642249,-9.003941,36.75908,6.642249,-9.003941,-0.767195,3.101027,0,-3.519043,-4.94836,0.132845,-3.325814,-4.948359,0.132845,7.621334,-4.948361,0.132845,7.621334,-4.948361,0.132845,-0.095875,-3.616722,0,-6.383962,-7.565522,2.254387,-6.197402,-7.565528,2.254388,10.04933,-7.565521,2.254386,10.04933,-7.565521,2.254386,0.825436,-10.78063,0,0.175328,-12.41329,4.618052,0.181192,-12.41329,4.618051,9.182477,-12.41329,4.618051,9.182477,-12.41329,4.618051,0,0,0,0,0,0,-0.014216,0.2588,0.102438,-0.650793,0.063144,0.210732,-0.720933,0.181653,0.302956,0,0,0,0,0,0,0.141799,11.25964,4.524082,0.240348,17.58712,7.093728,1.602352,23.87322,12.16927,0,0,0,0,0,0,-0.643954,2.515222,-0.19902,-1.013299,3.979286,-0.309169,-1.212012,5.260828,-0.147879,0,0,0,0,0,0,0.417978,2.862828,-0.234783,0.678822,4.62144,-0.372738,0.768743,6.534858,0.004828,0,0,0,0,-0.000003,0,0.01654,0.097996,0.005722,0.016093,0.253315,0.00903,-0.040881,0.074484,-0.035405,0,0,0,0,0,0,-9.225456,-16.49424,0.403673,6.828904,9.102075,9.441375,37.78159,37.74806,6.297825,0,0,0,0,0,0,69.69987,551.0162,214.0671,109.8727,861.7086,336.1773,190.5401,1129.219,545.6846,0,0,0,0,0,0,-101.9575,-267.2458,-0.321866,-160.5738,-423.9434,-0.954866,-195.929,-653.2111,-43.38741,0,0,0,0.000671,0.000005,0,-0.835508,-33.24959,0.804663,-1.064166,-63.00024,2.059938,-1.097026,-46.34598,3.873109,0,0,0,-0.001341,-0.000168,0,36.30906,-79.05927,5.91427,54.33083,-108.9961,9.039042,75.50685,-177.2276,0.708103,7.769097,12.80577,13.99288,14.09557,19.66038,39.56452,18.88498,-10.21766,6.687769,20.7563,0.216705,16.6005,-4.94831,-3.520699,0.192815,10.94712,-7.569293,-6.138843,0.186626,16.24673,-12.45435,1.194194,0,9.001302,-3.552246,-0.778885,11.0535,-9.708709,-45.83862,-140.4044,-0.737549,-53.87889,-6.846628,-29.74701,-0.181246,-2.55558,6.066856,-36.88634,0.647817,-13.31646,0.812874,-1.709998,-3.753435,10.26764,196.5179,-87.31383,-601.8241,-337.5892,-1459.71,-6838.007,-59.77956,-1284.047,-1125.592,3148.828,60.9982,2634.779,-16.55846,427.308,186.0206,-1026.83,519.7048,1367.263,-379.1958,1100.15
219,3650,00:00:03:650,0,0,0,2.512528,-0.978382,1.854603,5.419835,-2.479372,6.084248,6.509946,-4.325743,9.245666,7.89077,-5.547212,11.87877,2.145132,0.012838,2.288352,3.605461,0.004286,9.291883,3.870735,-1.518926,14.00405,4.017303,-2.383139,16.64025,4.030144,-3.714357,18.6834,0.59655,0.110736,2.296674,1.028007,0.217537,10.26065,0.59671,0.569238,15.1045,0.347878,0.765281,17.89984,0.150943,0.478464,20.1601,-0.74827,0.001735,2.303988,-1.215744,0.014135,9.699835,-1.821934,0.499989,14.13489,-2.200475,0.795564,16.90693,-2.475091,0.387955,19.11827,-1.943712,-0.121182,2.310502,-3.211245,-0.218814,8.967371,-3.936821,-0.286124,12.26773,-4.316801,-0.321483,13.99615,-4.69886,-0.664758,15.84162,0,0,0,-17.20622,34.10405,-56.21815,1.808951,34.10406,-56.21817,-8.381094,34.10406,-56.21816,-8.381094,34.10406,-56.21816,0.068498,11.77817,0,17.19244,5.956299,-8.66137,17.43279,5.956298,-8.66137,32.60714,5.956297,-8.66137,32.60714,5.956297,-8.66137,-0.767195,3.101027,0,-4.184993,-5.04845,0.548668,-4.044419,-5.048454,0.548669,7.156963,-5.048451,0.548668,7.156963,-5.048451,0.548668,-0.095875,-3.616722,0,-6.518723,-7.514156,2.434917,-6.35473,-7.514151,2.434916,10.05674,-7.514158,2.434917,10.05674,-7.514158,2.434917,0.825436,-10.78062,0,0.188152,-12.44928,4.427268,0.191696,-12.44928,4.427269,9.39661,-12.44929,4.427268,9.39661,-12.44929,4.427268,0,0,0,0,0,0,-0.188291,0.498835,0.30718,-0.739664,0.549339,0.527725,-1.258582,0.515409,0.785261,0,0,0,0,0,0,-0.156999,13.90688,4.888594,-0.249267,21.62229,7.635086,0.833005,30.35532,13.78861,0,0,0,0,0,0,-0.649726,3.204139,-0.271797,-1.02167,5.208065,-0.433087,-1.148902,6.224122,-0.311315,0,0,0,0.000006,0,0,0.130892,0.526207,-0.03925,0.212465,0.92123,-0.069827,0.40935,0.856611,-0.057042,0,0,0,0,0.000001,0,-0.133976,0.089686,-0.027627,-0.204518,0.140939,-0.042021,-0.293613,-0.209799,-0.124991,0,0,0,0,0,0,-10.44452,14.40212,12.28452,-5.332231,29.1717,19.01954,-32.25892,20.02537,28.93835,0,0,0,0,0,0,-17.92788,158.8344,21.87073,-29.37689,242.1102,32.4815,-46.16081,388.9255,97.16038,0,0,0,0,0,0,-0.34634,41.33503,-4.366635,-0.502244,73.72672,-7.435084,3.786608,57.79758,-9.806154,0,0,0,0.000335,0.000005,0,-17.22515,-140.1972,11.73198,-27.98147,-222.0126,18.17464,-21.56362,-340.6948,-3.712177,0,0,0,0,0.000251,0,-9.030996,-0.498556,-2.000928,-13.2367,-6.74257,-3.063082,-15.16387,-17.057,-5.375146,8.03534,12.83721,13.96738,14.07271,19.53844,39.50324,19.01517,-10.19005,5.996819,17.91346,0.240663,15.17435,-5.048534,-4.152845,0.141274,11.20136,-7.518673,-6.251722,0.164325,16.41146,-12.48717,1.168351,0,9.204919,-7.316207,-3.676529,7.811508,1.656361,-41.45702,-170.5703,1.437475,-85.56913,-6.013469,-37.92875,-3.092418,15.2548,3.037233,-6.772756,-1.338107,9.884032,-1.968956,-1.550531,0,12.21702,-225.8377,-173.8586,-194.5198,681.9041,262.896,-1809.955,130.5015,-1901.414,49.98951,-490.9041,-174.6703,1068.623,-181.7774,1806.815,-119.1555,1392.029,-166.9098,9.567975,225.2061,116.9632
220,3666.667,00:00:03:667,0,0,0,2.512528,-0.978382,1.854603,5.412207,-2.479921,6.089286,6.499085,-4.32098,9.254913,7.885663,-5.532705,11.8895,2.145132,0.012838,2.288352,3.605461,0.004286,9.291883,3.874866,-1.284426,14.07328,4.02405,-2.01643,16.74905,4.054877,-3.201172,18.8803,0.59655,0.110736,2.296674,1.028007,0.217537,10.26065,0.587925,0.636689,15.09834,0.334034,0.872025,17.89018,0.133691,0.61702,20.15396,-0.74827,0.001735,2.303988,-1.215744,0.014135,9.699835,-1.823007,0.506568,14.13402,-2.202226,0.80618,16.90553,-2.478561,0.409946,19.11872,-1.943712,-0.121182,2.310502,-3.211244,-0.218814,8.967371,-3.94206,-0.31022,12.26599,-4.324771,-0.358362,13.9935,-4.708733,-0.726915,15.83369,0,0,0,-17.22259,33.99561,-56.38062,1.714128,33.99559,-56.38061,-8.655787,33.99562,-56.38062,-8.655787,33.99562,-56.38062,0.068498,11.77817,0,14.43369,5.412843,-8.320372,14.65192,5.412838,-8.320369,28.61264,5.412846,-8.320367,28.61264,5.412846,-8.320367,-0.767195,3.101027,0,-4.995598,-5.136441,0.710025,-4.862538,-5.136443,0.710025,6.339162,-5.136441,0.710025,6.339162,-5.136441,0.710025,-0.095875,-3.616722,0,-6.597232,-7.531179,2.387035,-6.431692,-7.531183,2.387036,9.769312,-7.531187,2.387036,9.769312,-7.531187,2.387036,0.825435,-10.78062,0,0.621763,-12.57132,4.274761,0.630624,-12.57131,4.274762,10.1903,-12.57132,4.274762,10.1903,-12.57132,4.274762,0,0,0,0,0,0,-0.457652,-0.032924,0.302307,-0.651643,0.285789,0.55486,-0.306442,0.870399,0.643328,0,0,0,0,0,0,0.247881,14.07001,4.153579,0.404768,22.00252,6.528318,1.483977,30.79111,11.81406,0,0,0,0,0,0,-0.527068,4.047068,-0.369787,-0.83068,6.40469,-0.579178,-1.035115,8.313389,-0.368357,0,0,0,0,0,0,-0.064407,0.39476,-0.052303,-0.105053,0.636946,-0.083774,-0.208218,1.31951,0.02718,0,0,0,0.000022,0.000001,0,-0.314355,-1.445757,-0.104159,-0.478193,-2.212737,-0.158876,-0.592343,-3.729421,-0.475466,0,0,0,0,0,0,-16.16165,-31.90554,-0.292361,5.281269,-15.81296,1.628101,57.12836,21.29942,-8.516016,0,0,0,0,0,0,24.29276,9.787738,-44.10088,39.24206,22.81353,-66.40608,39.05832,26.1476,-118.4732,0,0,0,0,0,0,7.359478,50.57571,-5.879402,11.4594,71.79755,-8.765456,6.827228,125.3561,-3.422499,0,0,0,-0.000335,0,0,-11.7179,-7.886865,-0.783205,-19.05106,-17.057,-0.836849,-37.05404,27.77393,5.053281,0,0,0,0.001341,0,0,-10.82271,-92.12658,-4.591941,-16.42048,-141.2206,-7.011293,-17.92386,-211.1773,-21.02851,8.305557,12.89238,13.96402,14.04532,19.52355,39.40121,18.93671,-10.3699,5.449926,15.0843,0.217606,13.96072,-5.1366,-4.951911,0.132704,11.20166,-7.535463,-6.336978,0.165511,16.20099,-12.60769,1.587206,0,9.559646,-0.893555,-6.121902,-4.707183,-10.79075,-32.81356,-169.7496,-1.383412,-72.81789,-5.283937,-47.94399,-0.514212,0.01791,-1.007395,-5.115337,0.071189,-12.62844,-7.231407,25.13128,0,21.28361,385.3592,-146.7224,-751.1214,-746.8265,518.6078,49.23889,-169.2532,765.0741,43.77193,-600.9144,154.6924,-914.2134,-242.6777,99.44514,84.55775,-1350.748,-315.747,1600.909,0,543.9948
221,3683.333,00:00:03:683,0,0,0,2.512528,-0.978382,1.854603,5.418207,-2.462213,6.091414,6.499189,-4.298553,9.261799,7.872325,-5.513654,11.90186,2.145132,0.012838,2.288352,3.605461,0.004286,9.291883,3.922565,-1.060152,14.12525,4.099263,-1.662559,16.8315,4.167837,-2.717466,19.02905,0.59655,0.110736,2.296674,1.028007,0.217537,10.26065,0.588697,0.663421,15.09602,0.335264,0.91183,17.88678,0.135961,0.644424,20.1492,-0.74827,0.001735,2.303988,-1.215744,0.014135,9.699835,-1.814243,0.485798,14.13747,-2.187938,0.772427,16.9111,-2.456369,0.367179,19.12364,-1.943712,-0.121182,2.310502,-3.211244,-0.218814,8.967371,-3.961025,-0.384593,12.25883,-4.353663,-0.471696,13.98258,-4.741319,-0.895182,15.81013,0,0,0,-17.40767,33.86704,-56.41468,1.729609,33.86703,-56.41468,-8.439329,33.86703,-56.41467,-8.439329,33.86703,-56.41467,0.068498,11.77817,0,11.79333,5.367091,-7.542941,11.92406,5.367087,-7.542941,25.16033,5.367093,-7.542939,25.16033,5.367093,-7.542939,-0.767195,3.101027,0,-5.314602,-5.122063,0.751755,-5.133388,-5.122064,0.751755,6.648451,-5.122062,0.751755,6.648451,-5.122062,0.751755,-0.095875,-3.616722,0,-6.364505,-7.392982,2.679509,-6.19892,-7.392979,2.67951,9.971481,-7.392983,2.679509,9.971481,-7.392983,2.679509,0.825435,-10.78062,0,1.70533,-13.02281,4.941229,1.71452,-13.02281,4.94123,11.70184,-13.02282,4.941227,11.70184,-13.02282,4.941227,0,0,0,0,0,0,0.359975,1.062445,0.127696,0.006214,1.345597,0.41315,-0.800237,1.143046,0.741899,0,0,0,0,0,0,2.861917,13.45644,3.118694,4.512816,21.23229,4.946798,6.777562,29.02237,8.925228,0,0,0,0,0,0,0.046313,1.603936,-0.139296,0.073845,2.388295,-0.204563,0.1362,1.644217,-0.285208,0,0,0,0,0,0,0.525825,-1.246238,0.206977,0.857256,-2.025179,0.334114,1.331482,-2.566025,0.294775,0,0,0,0,0,0.000045,-1.137927,-4.462413,-0.429735,-1.733556,-6.799988,-0.655174,-1.955151,-10.09602,-1.413703,0,0,0,0,0,0,49.05759,65.72215,-10.47671,39.47138,63.58846,-8.5026,-29.62768,16.35879,5.91427,0,0,0,0,0,0,156.8421,-36.81466,-62.09313,246.4829,-46.21374,-94.8912,317.6151,-106.1243,-173.3297,0,0,0,0,0,0,34.40285,-146.5879,13.82947,54.27148,-240.9837,22.47691,70.27889,-400.1504,4.988908,0,0,0,0,-0.000016,0,35.41387,-98.45986,15.55681,57.73857,-159.7275,25.07329,92.38197,-233.132,16.0557,0,0,0,-0.001341,-0.000084,0.002682,-49.41433,-180.9994,-19.53453,-75.32178,-275.235,-29.77788,-81.76846,-381.9962,-56.2942,8.50522,12.87602,13.90756,13.9896,19.30146,39.44302,19.13729,-10.16895,5.402761,12.4198,0.131221,13.23626,-5.122238,-5.26853,0.181308,11.78183,-7.398762,-6.067017,0.165511,16.17038,-13.07492,2.883373,0,9.987314,-13.32527,2.508545,12.03438,12.05681,-2.829866,-159.8701,-5.183078,-43.46758,0.86174,-18.99713,2.916252,34.80989,8.202066,16.19765,0,-1.836204,-28.03396,77.77,0,25.66011,-745.9029,517.8268,1004.494,1370.853,1799.021,592.7709,-227.98,1761.019,368.7406,1736.811,205.8278,2087.519,552.5676,1278.779,-4.27131,647.5341,-1248.153,3158.323,0,262.5904
